OBJECTID,GEOID,Tract Label,Tract Name,Community Reporting Area Name,Community Reporting Area ID,Year,Tract Median Apartment Contract Rent per Square Foot,Tract Median Apartment Contract Rent per Unit,Year over Year Change in Rent per Square Foot,Year over Year Change in Rent per Unit,Cost Category,Year over Year Change in Rent Category,Mixed-Rate or Mixed-Income Apartment in Tract,Level of Concern,PROPERTIES,Shape__Area,Shape__Length
1,53033001201,12.01,Census Tract 12.01,Northgate/Maple Leaf,8.1,2001,1.51,1073,0.055944056,0.051960784,Low,Stable,1209,,21,10851861.64,15899.77334
2,53033000404,4.04,Census Tract 4.04,Broadview/Bitter Lake,9.1,2001,1.29,1043,0.040322581,0.041958042,Low,Stable,454,,7,6791652.724,12962.55841
3,53033004901,49.01,Census Tract 49.01,Fremont,11.1,2001,1.78,1059,0.047058824,0.052683897,Medium,Stable,977,,106,5350888.215,9379.655767
4,53033003601,36.01,Census Tract 36.01,Green Lake,9.4,2001,2.1,1202,0.055276382,0.055311677,Medium,Stable,412,,34,7255879.068,11894.28889
5,53033002800,28,Census Tract 28,Greenwood/Phinney Ridge,9.3,2001,1.59,998,0.052980132,0.052742616,Low,Stable,290,,31,10637151.82,13201.3113
6,53033003100,31,Census Tract 31,Sunset Hill/Loyal Heights,10.3,2001,1.33,917,0.055555556,0.052812859,Low,Stable,107,,14,23137464.05,24704.5678
7,53033006400,64,Census Tract 64,Miller Park,6.4,2001,1.78,1501,0.053254438,0.054073034,High,Stable,103,,5,9726351.904,13186.77018
8,53033004301,43.01,Census Tract 43.01,Ravenna/Bryant,7.3,2001,2.64,1701,0.051792829,0.051297899,High,Stable,69,,8,10539780.57,17192.70375
9,53033002500,25,Census Tract 25,Ravenna/Bryant,7.3,2001,0,0,0,0,,,0,,0,10594634.3,16442.96859
10,53033002200,22,Census Tract 22,Wedgwood/View Ridge,7.4,2001,1.95,1663,0.048387097,0.051201011,High,Stable,73,,5,30127208.02,28505.80679
11,53033004000,40,Census Tract 40,Laurelhurst/Sand Point,7.5,2001,1.31,884,0.056451613,0.054892601,Low,Stable,54,,2,26374983.68,27560.01384
12,53033005804,58.04,Census Tract 58.04,Interbay,12.2,2001,1.92,1279,0.049180328,0.047502048,Medium,Stable,572,,34,25124062.74,48668.27224
13,53033006800,68,Census Tract 68,Queen Anne,12.3,2001,2.53,1689,0.049792531,0.051681196,High,Stable,234,,23,7729250.272,11275.37735
14,53033008102,81.02,Census Tract 81.02,Downtown Commercial Core,13.2,2001,3.3,2889,0.054313099,0.052842566,High,Stable,173,,5,5987812.086,14339.99503
15,53033008101,81.01,Census Tract 81.01,Downtown Commercial Core,13.2,2001,1.69,1478,0.05625,0.06025825,Medium,Stable,885,,5,2992165.479,11427.14676
16,53033007902,79.02,Census Tract 79.02,Central Area/Squire Park,5.3,2001,1.9,1293,0.049723757,0.052074858,Medium,Stable,176,,13,4641637.8,9715.120877
17,53033007302,73.02,Census Tract 73.02,Cascade/Eastlake,11.3,2001,2.66,2151,0.047244094,0.048245614,High,Stable,663,,4,3368769.265,7802.426354
18,53033007101,71.01,Census Tract 71.01,Queen Anne,12.3,2001,2.24,1491,0.051643192,0.051480959,High,Stable,370,,13,5328474.607,9004.947227
19,53033009300,93,Census Tract 93,Duwamish/SODO,3.3,2001,2.08,1494,0.050505051,0.052854123,High,Stable,261,,10,102171584.8,53946.37345
20,53033010502,105.02,Census Tract 105.02,West Seattle Junction/Genesee Hill,1.3,2001,1.72,1165,0.055214724,0.052393857,Medium,Stable,379,,22,10504351.34,14546.13624
21,53033010001,100.01,Census Tract 100.01,North Beacon Hill/Jefferson Park,3.6,2001,1.87,1189,0.050561798,0.052212389,Medium,Stable,198,,16,25052474.61,25628.92453
22,53033009801,98.01,Census Tract 98.01,West Seattle Junction/Genesee Hill,1.3,2001,2.04,1371,0.051546392,0.051380368,High,Stable,219,,19,10814248.94,13291.54908
23,53033008900,89,Census Tract 89,Madrona/Leschi,5.1,2001,2.18,1506,0.048076923,0.051675978,High,Stable,234,,15,13690717.17,19328.7464
24,53033026300,263,Census Tract 263,Rainier Beach,4.1,2001,0,0,0,0,,,0,,0,30724.63332,954.0480244
25,53033012000,120,Census Tract 120,Arbor Heights,1.1,2001,0,0,0,0,,,0,,0,15560990.44,16787.97428
26,53033011101,111.01,Census Tract 111.01,Columbia City,4.2,2001,1.84,1217,0.051428571,0.051858254,Medium,Stable,170,,13,12236718.08,15552.07435
27,53033011001,110.01,Census Tract 110.01,South Beacon Hill/NewHolly,3.4,2001,0,0,0,0,,,0,,0,11629041.07,16287.35531
28,53033010800,108,Census Tract 108,Riverview,2.3,2001,0,0,0,0,,,0,,0,44087445.22,39019.3475
29,53033000800,8,Census Tract 8,Cedar Park/Meadowbrook,8.3,2001,0,0,0,0,,,0,,0,12290810.02,15312.08746
30,53033003400,34,Census Tract 34,Greenwood/Phinney Ridge,9.3,2001,1.14,704,0.055555556,0.053892216,Low,Stable,93,,9,8472471.715,12629.32293
31,53033005306,53.06,Census Tract 53.06,University District,7.2,2001,1.87,1038,0.050561798,0.051671733,Medium,Stable,435,,16,2157906.058,5954.872623
32,53033004302,43.02,Census Tract 43.02,Ravenna/Bryant,7.3,2001,2.22,1353,0.052132701,0.052099533,High,Stable,981,,60,3564115.67,7987.274419
33,53033002400,24,Census Tract 24,Wedgwood/View Ridge,7.4,2001,0,0,0,0,,,0,,0,10359919.78,13151.71252
34,53033004102,41.02,Census Tract 41.02,Laurelhurst/Sand Point,7.5,2001,1.58,1124,0.053333333,0.052434457,Medium,Stable,224,,7,17933927.27,23350.80029
35,53033005600,56,Census Tract 56,Magnolia,12.1,2001,0,0,0,0,,,0,,0,32045056.14,29943.50553
36,53033006703,67.03,Census Tract 67.03,Queen Anne,12.3,2001,1.31,1026,0.048,0.051229508,Low,Stable,614,,36,6427171.884,10846.49304
37,53033006100,61,Census Tract 61,Montlake/Portage Bay,7.1,2001,2.16,1257,0.048543689,0.052763819,High,Stable,990,,80,11959193.74,21477.26483
38,53033005700,57,Census Tract 57,Magnolia,12.1,2001,1.52,1142,0.055555556,0.053505535,Medium,Stable,352,,28,53305584.43,44506.56554
39,53033005901,59.01,Census Tract 59.01,Queen Anne,12.3,2001,1.68,1082,0.018181818,0.024621212,Medium,Stable,389,,29,8449086.719,19075.29242
40,53033008401,84.01,Census Tract 84.01,Capitol Hill,6.2,2001,2.38,1521,0.053097345,0.05186722,High,Stable,783,,18,2700766.609,9275.818268
41,53033008300,83,Census Tract 83,First Hill,6.1,2001,1.91,1292,0.049450549,0.052117264,Medium,Stable,867,,12,2561276.498,8632.134894
42,53033007501,75.01,Census Tract 75.01,Capitol Hill,6.2,2001,2.06,1189,0.051020408,0.053144376,Medium,Stable,1454,,82,3210519.937,7219.623642
43,53033009702,97.02,Census Tract 97.02,West Seattle Junction/Genesee Hill,1.3,2001,1.71,1103,0.055555556,0.054493308,Medium,Stable,105,,7,23899907.43,28258.76257
44,53033008800,88,Census Tract 88,Central Area/Squire Park,5.3,2001,2.1,1329,0.05,0.052256532,High,Stable,230,,27,10210038.86,13202.52686
45,53033008500,85,Census Tract 85,First Hill,6.1,2001,2.35,1561,0.044444444,0.046948357,High,Stable,884,,18,4854121.319,9025.581615
46,53033026500,265,Census Tract 265,Highland Park,2.5,2001,0,0,0,0,,,0,,0,4617675.483,11234.96478
47,53033011601,116.01,Census Tract 116.01,Fauntleroy/Seaview,1.2,2001,1.05,731,0.05,0.053314121,Low,Stable,80,,6,16710842.89,20011.96599
48,53033011300,113,Census Tract 113,Highland Park,2.5,2001,1,811,0.052631579,0.04915912,Low,Stable,328,,16,37260682.97,27184.16139
49,53033011500,115,Census Tract 115,Roxhill/Westwood,2.4,2001,1.3,918,0.056910569,0.052752294,Low,Stable,250,,12,16558652.75,19887.30894
50,53033010601,106.01,Census Tract 106.01,Fauntleroy/Seaview,1.2,2001,1.71,1050,0.049079755,0.053159478,Medium,Stable,375,,24,11724162.32,14458.83704
51,53033001202,12.02,Census Tract 12.02,Northgate/Maple Leaf,8.1,2001,1.88,1382,0.056179775,0.051750381,High,Stable,422,,9,8841145.884,13324.99009
52,53033000102,1.02,Census Tract 1.02,Cedar Park/Meadowbrook,8.3,2001,1.6,1165,0.052631579,0.055253623,Medium,Stable,320,,13,15446821.48,19552.36233
53,53033004701,47.01,Census Tract 47.01,Ballard,10.4,2001,2,1388,0.052631579,0.051515152,High,Stable,624,,48,6036028.326,13539.04763
54,53033004500,45,Census Tract 45,Wallingford,11.2,2001,0,0,0,0,,,0,,0,7222109.888,11018.30209
55,53033002900,29,Census Tract 29,Greenwood/Phinney Ridge,9.3,2001,1.55,1109,0.054421769,0.051184834,Low,Stable,241,,23,10614791.11,13366.31967
56,53033004201,42.01,Census Tract 42.01,Ravenna/Bryant,7.3,2001,1.33,1187,0.055555556,0.053238687,Low,Stable,178,,10,13390664.27,18286.14392
57,53033007403,74.03,Census Tract 74.03,Capitol Hill,6.2,2001,2.01,1194,0.052356021,0.053839365,Medium,Stable,1007,,49,1276089.069,5227.495287
58,53033007002,70.02,Census Tract 70.02,Queen Anne,12.3,2001,1.95,1263,0.054054054,0.0525,Medium,Stable,1561,,76,4746869.846,9490.799057
59,53033005803,58.03,Census Tract 58.03,Interbay,12.2,2001,1.39,1000,0.045112782,0.043841336,Low,Stable,323,,29,8956173.425,17129.19881
60,53033005902,59.02,Census Tract 59.02,Queen Anne,12.3,2001,1.47,1129,0.057553957,0.054154995,Low,Stable,103,,10,11010649.89,15184.22057
61,53033004902,49.02,Census Tract 49.02,Fremont,11.1,2001,2,1172,0.052631579,0.053956835,Medium,Stable,733,,64,6448262.34,10801.73149
62,53033005801,58.01,Census Tract 58.01,Interbay,12.2,2001,1.48,1297,0.064748201,0.063986874,Medium,Stable,1036,,43,19618424.24,25500.01395
63,53033007406,74.06,Census Tract 74.06,Capitol Hill,6.2,2001,2,1042,0.052631579,0.051463169,Medium,Stable,1078,,41,1623443.827,6764.477241
64,53033007405,74.05,Census Tract 74.05,Capitol Hill,6.2,2001,2,1094,0.052631579,0.052935515,Medium,Stable,1203,,46,1418974.042,5012.79869
65,53033009701,97.01,Census Tract 97.01,Alki/Admiral,1.4,2001,1.48,1237,0.057142857,0.053662692,Medium,Stable,395,,35,19291172.12,29764.00034
66,53033009600,96,Census Tract 96,Alki/Admiral,1.4,2001,1.42,1152,0.051851852,0.051094891,Low,Stable,432,,32,19741501.65,20745.406
67,53033008700,87,Census Tract 87,Central Area/Squire Park,5.3,2001,1.86,1077,0.050847458,0.052785924,Medium,Stable,485,,39,7883013.17,11432.38421
68,53033011402,114.02,Census Tract 114.02,Roxhill/Westwood,2.4,2001,1.61,967,0.052287582,0.051086957,Low,Stable,405,,23,12779277.86,17351.05501
69,53033011200,112,Census Tract 112,South Park,3.1,2001,0.92,562,0.045454545,0.048507463,Low,Stable,175,,15,26463890.03,27002.33758
70,53033010900,109,Census Tract 109,Georgetown,3.2,2001,1.74,875,0.048192771,0.051682692,Low,Stable,137,,13,51677122.71,44978.75384
71,53033011002,110.02,Census Tract 110.02,South Beacon Hill/NewHolly,3.4,2001,0,0,0,0,,,0,,0,18508908.46,22511.12676
72,53033011102,111.02,Census Tract 111.02,Seward Park,4.3,2001,1.06,733,0.06,0.05316092,Low,Stable,450,,22,13970026.69,20411.17006
73,53033010702,107.02,Census Tract 107.02,High Point,2.2,2001,0,0,0,0,,,0,,0,8396926.793,14935.93024
74,53033001100,11,Census Tract 11,Olympic Hills/Victory Heights,8.2,2001,0.92,699,0.057471264,0.054298643,Low,Stable,188,,11,11416399.59,14159.12735
75,53033000700,7,Census Tract 7,Olympic Hills/Victory Heights,8.2,2001,1.35,963,0.046511628,0.047878128,Low,Stable,755,,53,13932242.39,16134.02991
76,53033000202,2.02,Census Tract 2.02,Olympic Hills/Victory Heights,8.2,2001,1.18,942,0.063063063,0.059617548,Low,Stable,187,,6,15930118.49,17285.82737
77,53033000101,1.01,Census Tract 1.01,Cedar Park/Meadowbrook,8.3,2001,1.25,890,0.059322034,0.053254438,Low,Stable,948,,33,4465058.881,8662.074215
78,53033003301,33.01,Census Tract 33.01,Whittier Heights,10.2,2001,1.86,1122,0.050847458,0.052532833,Medium,Stable,525,,58,7202858.493,11177.18133
79,53033003602,36.02,Census Tract 36.02,Green Lake,9.4,2001,2.11,1228,0.049751244,0.051369863,High,Stable,558,,42,5621886.085,11471.09438
80,53033001900,19,Census Tract 19,Northgate/Maple Leaf,8.1,2001,1.75,1293,0.047904192,0.050365556,Medium,Stable,129,,8,17945171.52,18948.48127
81,53033001702,17.02,Census Tract 17.02,Greenwood/Phinney Ridge,9.3,2001,0,0,0,0,,,0,,0,13779275.76,17476.40751
82,53033006500,65,Census Tract 65,North Capitol Hill,6.3,2001,1.89,1251,0.055865922,0.052144659,Medium,Stable,950,,74,12352257.76,17921.50133
83,53033006200,62,Census Tract 62,Montlake/Portage Bay,7.1,2001,0,0,0,0,,,0,,0,24610619.74,40010.59926
84,53033005305,53.05,Census Tract 53.05,University District,7.2,2001,2.05,989,0.056701031,0.053248136,Medium,Stable,1174,,46,2292236.616,6048.609222
85,53033002600,26,Census Tract 26,Ravenna/Bryant,7.3,2001,2.08,1292,0.050505051,0.052974735,High,Stable,191,,5,13398040.18,15933.9379
86,53033002000,20,Census Tract 20,Northgate/Maple Leaf,8.1,2001,1.38,1036,0.053435115,0.053916582,Low,Stable,206,,9,12183878.82,15509.54571
87,53033006300,63,Census Tract 63,Madison Park,6.5,2001,1.5,1143,0.056338028,0.054428044,Medium,Stable,578,,20,27750333.4,36285.84892
88,53033006600,66,Census Tract 66,Cascade/Eastlake,11.3,2001,1.83,1214,0.057803468,0.053819444,Medium,Stable,1162,,80,11110296.85,21995.1063
89,53033006900,69,Census Tract 69,Queen Anne,12.3,2001,1.59,1052,0.052980132,0.054108216,Low,Stable,468,,34,9742176.65,15666.54395
90,53033006000,60,Census Tract 60,Queen Anne,12.3,2001,1.91,1409,0.055248619,0.053064275,High,Stable,668,,55,14158764.71,19123.03263
91,53033005201,52.01,Census Tract 52.01,Wallingford,11.2,2001,2.29,1055,0.055299539,0.052894212,Medium,Stable,269,,19,7536632.481,14175.92406
92,53033005000,50,Census Tract 50,Wallingford,11.2,2001,2,1254,0.052631579,0.052013423,Medium,Stable,749,,60,8151942.295,11560.14801
93,53033008600,86,Census Tract 86,First Hill,6.1,2001,2.17,1182,0.053398058,0.0544157,High,Stable,997,,45,7656616.626,11640.72061
94,53033008002,80.02,Census Tract 80.02,Belltown,13.1,2001,2.51,1789,0.054621849,0.052352941,High,Stable,1131,,14,2522029.808,7998.382466
95,53033007901,79.01,Census Tract 79.01,Central Area/Squire Park,5.3,2001,1.91,1222,0.055248619,0.053448276,Medium,Stable,709,,45,2876299.502,7879.404339
96,53033007202,72.02,Census Tract 72.02,Cascade/Eastlake,11.3,2001,2.46,1818,0.051282051,0.051474841,High,Stable,559,,10,3020075.663,7591.701883
97,53033007301,73.01,Census Tract 73.01,Cascade/Eastlake,11.3,2001,2.21,1556,0.052380952,0.051351351,High,Stable,274,,6,2699344.108,7422.610693
98,53033010302,103.02,Census Tract 103.02,Columbia City,4.2,2001,2.04,1427,0.051546392,0.051584377,High,Stable,259,,17,6804418.751,11267.2532
99,53033009100,91,Census Tract 91,Pioneer Square/International District,13.3,2001,2.14,1360,0.054187192,0.051817479,High,Stable,571,,12,4419685.266,10608.38541
100,53033009200,92,Census Tract 92,Pioneer Square/International District,13.3,2001,2.1,1244,0.055276382,0.051563821,High,Stable,321,,10,3456088.55,12687.12119
101,53033011700,117,Census Tract 117,South Beacon Hill/NewHolly,3.4,2001,0,0,0,0,,,0,,0,37826036.26,29439.62674
102,53033000500,5,Census Tract 5,Broadview/Bitter Lake,9.1,2001,0,0,0,0,,,0,,0,30294741.05,27094.56678
103,53033000601,6.01,Census Tract 6.01,Haller Lake,9.5,2001,1.24,873,0.050847458,0.045508982,Low,Stable,569,,15,15404952.58,20078.95648
104,53033003500,35,Census Tract 35,Greenwood/Phinney Ridge,9.3,2001,1.95,978,0.054054054,0.05387931,Medium,Stable,259,,21,13828061.67,16634.34896
105,53033001500,15,Census Tract 15,North Beach/Blue Ridge,10.1,2001,0.77,891,0.054794521,0.053191489,Low,Stable,59,,4,12300447.06,13960.37955
106,53033001400,14,Census Tract 14,North Beach/Blue Ridge,10.1,2001,1.28,1035,0.049180328,0.052899288,Low,Stable,433,,21,23073388.66,30536.33745
107,53033001300,13,Census Tract 13,Licton Springs,9.2,2001,1.36,851,0.054263566,0.053217822,Low,Stable,799,,64,12710036.99,14881.08705
108,53033003800,38,Census Tract 38,Ravenna/Bryant,7.3,2001,2.38,1220,0.053097345,0.055363322,High,Stable,159,,6,6722791.394,10392.53155
109,53033007001,70.01,Census Tract 70.01,Queen Anne,12.3,2001,1.8,1070,0.052631579,0.053149606,Medium,Stable,1374,,50,3856290.05,9530.302569
110,53033004800,48,Census Tract 48,Fremont,11.1,2001,1.97,1179,0.053475936,0.049866429,Medium,Stable,216,,25,13833886.82,18822.23657
111,53033005100,51,Census Tract 51,Wallingford,11.2,2001,2.65,1159,0.055776892,0.054595086,High,Stable,248,,22,9490350.153,13462.59155
112,53033008200,82,Census Tract 82,First Hill,6.1,2001,2.37,1810,0.048672566,0.052937755,High,Stable,810,,11,4044773.826,9102.140341
113,53033010101,101.01,Census Tract 101.01,Columbia City,4.2,2001,2.14,1150,0.049019608,0.053113553,Medium,Stable,177,,8,9381810.131,15311.65671
114,53033012100,121,Census Tract 121,Arbor Heights,1.1,2001,0,0,0,0,,,0,,0,18538900.93,25983.61624
115,53033011901,119.01,Census Tract 119.01,Rainier Beach,4.1,2001,0,0,0,0,,,0,,0,18097640.74,20485.64554
116,53033000602,6.02,Census Tract 6.02,Haller Lake,9.5,2001,1.12,963,0.037037037,0.039956803,Low,Stable,326,,8,25947507.86,23221.70475
117,53033000201,2.01,Census Tract 2.01,Olympic Hills/Victory Heights,8.2,2001,1.08,888,0.048543689,0.053380783,Low,Stable,836,,12,19446176.32,18651.57808
118,53033003302,33.02,Census Tract 33.02,Whittier Heights,10.2,2001,1.57,1032,0.046666667,0.051987768,Low,Stable,446,,51,6749336.486,10550.81793
119,53033005304,53.04,Census Tract 53.04,University District,7.2,2001,0,0,0,0,,,0,,0,786047.0981,4083.126066
120,53033004202,42.02,Census Tract 42.02,Ravenna/Bryant,7.3,2001,2.23,1540,0.056872038,0.052631579,High,Stable,54,,5,13141688.45,15651.66637
121,53033007404,74.04,Census Tract 74.04,Capitol Hill,6.2,2001,1.94,1137,0.054347826,0.052777778,Medium,Stable,1177,,61,1654579.828,5775.699987
122,53033006701,67.01,Census Tract 67.01,Queen Anne,12.3,2001,2.45,1821,0.051502146,0.051385681,High,Stable,360,,13,3639833.178,12143.77924
123,53033007800,78,Census Tract 78,Madrona/Leschi,5.1,2001,0,0,0,0,,,0,,0,22245158.16,28746.37352
124,53033007503,75.03,Census Tract 75.03,Capitol Hill,6.2,2001,2.4,1541,0.052631579,0.051877133,High,Stable,333,,14,2018614.368,6484.389482
125,53033007201,72.01,Census Tract 72.01,Cascade/Eastlake,11.3,2001,2.17,1452,0.043269231,0.043103448,High,Stable,1675,,12,1622558.9,5873.216511
126,53033007203,72.03,Census Tract 72.03,Cascade/Eastlake,11.3,2001,2.72,1939,0.05019305,0.052088985,High,Stable,162,,7,6238804.943,12493.9648
127,53033010301,103.01,Census Tract 103.01,Columbia City,4.2,2001,1.27,1108,0.058333333,0.053231939,Low,Stable,52,,4,10792262.46,16924.36851
128,53033009900,99,Census Tract 99,North Delridge,2.1,2001,1.79,1043,0.046783626,0.044044044,Medium,Stable,464,,16,70254374.71,64633.66158
129,53033009500,95,Census Tract 95,Mt. Baker/North Rainier,4.4,2001,2.07,977,0.056122449,0.053937433,Medium,Stable,140,,12,27424305.67,29618.2113
130,53033009400,94,Census Tract 94,North Beacon Hill/Jefferson Park,3.6,2001,2.26,1294,0.051162791,0.05203252,High,Stable,509,,52,18150625.68,18874.58318
131,53033011801,118.01,Census Tract 118.01,Rainier Beach,4.1,2001,1.19,842,0.053097345,0.053817272,Low,Stable,269,,13,12671173.51,15849.81354
132,53033011602,116.02,Census Tract 116.02,Fauntleroy/Seaview,1.2,2001,1.21,843,0.052173913,0.051122195,Low,Stable,113,,13,16924173.23,24704.04057
133,53033011401,114.01,Census Tract 114.01,Roxhill/Westwood,2.4,2001,1.2,1053,0.025641026,0.028320313,Low,Stable,565,,6,13273369.14,17478.05916
134,53033010701,107.01,Census Tract 107.01,High Point,2.2,2001,0.99,839,0.042105263,0.042236025,Low,Stable,199,,4,15726285.72,21302.36518
135,53033010602,106.02,Census Tract 106.02,Fauntleroy/Seaview,1.2,2001,1.34,890,0.05511811,0.05450237,Low,Stable,317,,20,15462014.06,23774.94714
136,53033000900,9,Census Tract 9,Cedar Park/Meadowbrook,8.3,2001,0,0,0,0,,,0,,0,10031158.89,20828.1662
137,53033000402,4.02,Census Tract 4.02,Broadview/Bitter Lake,9.1,2001,1.3,876,0.048387097,0.051620648,Low,Stable,485,,28,19362220.52,21397.1753
138,53033000300,3,Census Tract 3,Haller Lake,9.5,2001,1.05,799,0.05,0.05408971,Low,Stable,83,,7,13033864.6,17298.02954
139,53033003202,32.02,Census Tract 32.02,Sunset Hill/Loyal Heights,10.3,2001,1.8,1221,0.052631579,0.053494392,Medium,Stable,345,,34,10289818.46,12945.39486
140,53033003000,30,Census Tract 30,Whittier Heights,10.2,2001,1.82,1139,0.052023121,0.050738007,Medium,Stable,170,,22,16072222.01,16061.94762
141,53033001701,17.01,Census Tract 17.01,Greenwood/Phinney Ridge,9.3,2001,2.17,1363,0.053398058,0.053323029,High,Stable,370,,26,9609026.085,17164.45478
142,53033001600,16,Census Tract 16,North Beach/Blue Ridge,10.1,2001,2.3,1378,0.050228311,0.05351682,High,Stable,143,,11,20575392.71,23147.64598
143,53033002100,21,Census Tract 21,Wedgwood/View Ridge,7.4,2001,2.51,988,0.050209205,0.053304904,High,Stable,188,,16,14696796.74,16139.92186
144,53033003900,39,Census Tract 39,Wedgwood/View Ridge,7.4,2001,1.32,902,0.056,0.05497076,Low,Stable,108,,8,10481334.98,13200.90921
145,53033007102,71.02,Census Tract 71.02,Queen Anne,12.3,2001,2.26,1472,-0.054393305,-0.050322581,High,Decline,577,,19,3615500.898,11499.94075
146,53033006702,67.02,Census Tract 67.02,Queen Anne,12.3,2001,2.41,1646,0.047826087,0.051757188,High,Stable,388,,31,3280147.995,8593.864905
147,53033005401,54.01,Census Tract 54.01,Fremont,11.1,2001,2.2,1415,0.052631579,0.050482554,High,Stable,375,,32,7892270.588,19740.10787
148,53033008004,80.04,Census Tract 80.04,Belltown,13.1,2001,2.23,1705,0.046948357,0.047940996,High,Stable,738,,7,2908326.633,14944.97959
149,53033008003,80.03,Census Tract 80.03,Belltown,13.1,2001,2.43,1587,0.051948052,0.051689861,High,Stable,402,,7,2122043.711,8720.999421
150,53033008402,84.02,Census Tract 84.02,Capitol Hill,6.2,2001,2.1,1283,0.05,0.051639344,High,Stable,1187,,40,1565507.715,5220.868487
151,53033007303,73.03,Census Tract 73.03,Cascade/Eastlake,11.3,2001,0,0,0,0,,,0,,0,3374596.393,7984.863522
152,53033010002,100.02,Census Tract 100.02,North Beacon Hill/Jefferson Park,3.6,2001,1.62,1012,0.051948052,0.051975052,Low,Stable,419,,19,10204645.64,13732.76539
153,53033011902,119.02,Census Tract 119.02,Rainier Beach,4.1,2001,0,0,0,0,,,0,,0,16290813.63,28897.59863
154,53033011802,118.02,Census Tract 118.02,Rainier Beach,4.1,2001,1.1,673,0.047619048,0.049921997,Low,Stable,67,,3,12323056.74,17201.54679
155,53033004703,47.03,Census Tract 47.03,Ballard,10.4,2001,1.94,1083,0.054347826,0.051456311,Medium,Stable,414,,51,13030918.14,18718.85939
156,53033001000,10,Census Tract 10,Cedar Park/Meadowbrook,8.3,2001,1.01,770,0.041237113,0.039136302,Low,Stable,122,,5,10270271.69,13147.0306
157,53033000403,4.03,Census Tract 4.03,Broadview/Bitter Lake,9.1,2001,1.21,918,0.043103448,0.046750285,Low,Stable,409,,11,7881185.923,14097.02669
158,53033003201,32.01,Census Tract 32.01,Sunset Hill/Loyal Heights,10.3,2001,2.15,1380,0.053921569,0.051829268,High,Stable,608,,26,11927788.62,32094.50339
159,53033004600,46,Census Tract 46,Green Lake,9.4,2001,1.52,957,0.048275862,0.050493963,Low,Stable,65,,7,27829368.76,25514.224
160,53033004702,47.02,Census Tract 47.02,Ballard,10.4,2001,2.14,1287,0.049019608,0.052330335,High,Stable,403,,36,2867507.734,6956.449675
161,53033002700,27,Census Tract 27,Green Lake,9.4,2001,1.36,993,0.054263566,0.05190678,Low,Stable,257,,21,17058079.28,21942.83528
162,53033001800,18,Census Tract 18,Licton Springs,9.2,2001,1.44,1008,0.051094891,0.053291536,Low,Stable,562,,54,10182882.27,13946.10003
163,53033005202,52.02,Census Tract 52.02,Wallingford,11.2,2001,1.97,1143,0.053475936,0.051517939,Medium,Stable,710,,40,2865193.636,7845.303217
164,53033005303,53.03,Census Tract 53.03,University District,7.2,2001,0,0,0,0,,,0,,0,24349784.49,33904.62137
165,53033004402,44.02,Census Tract 44.02,University District,7.2,2001,2.06,1032,0.056410256,0.053061224,Medium,Stable,851,,55,3175021.433,7487.979857
166,53033004401,44.01,Census Tract 44.01,University District,7.2,2001,2.22,1019,0.052132701,0.05268595,Medium,Stable,324,,28,7479571.761,12948.97514
167,53033005307,53.07,Census Tract 53.07,University District,7.2,2001,2.23,944,0.051886792,0.052396878,Medium,Stable,345,,18,1399526.48,4758.85069
168,53033004101,41.01,Census Tract 41.01,Laurelhurst/Sand Point,7.5,2001,1.42,928,0.059701493,0.054545455,Low,Stable,63,,2,16716852.66,24230.15794
169,53033005402,54.02,Census Tract 54.02,Fremont,11.1,2001,2.16,1333,0.048543689,0.052091555,High,Stable,367,,39,4993141.865,10063.79785
170,53033007700,77,Census Tract 77,Central Area/Squire Park,5.3,2001,2.34,1047,0.054054054,0.05331992,Medium,Stable,253,,18,11391208.22,15242.20976
171,53033007502,75.02,Census Tract 75.02,Capitol Hill,6.2,2001,2.21,1311,0.052380952,0.052166934,High,Stable,901,,57,3400503.555,7403.629293
172,53033007600,76,Census Tract 76,Miller Park,6.4,2001,2.09,1220,0.050251256,0.051724138,Medium,Stable,632,,44,6155389.389,9906.368336
173,53033010200,102,Census Tract 102,Seward Park,4.3,2001,1.11,775,0.047169811,0.05298913,Low,Stable,76,,4,30129079.21,33439.4694
174,53033010401,104.01,Census Tract 104.01,Beacon Hill,3.5,2001,0,0,0,0,,,0,,0,17543421.03,17342.9302
175,53033010402,104.02,Census Tract 104.02,Beacon Hill,3.5,2001,0,0,0,0,,,0,,0,18759692.89,18925.04301
176,53033010501,105.01,Census Tract 105.01,West Seattle Junction/Genesee Hill,1.3,2001,2,1402,0.052631579,0.051762941,High,Stable,280,,12,7986746.715,12490.0968
177,53033010102,101.02,Census Tract 101.02,Columbia City,4.2,2001,0,0,0,0,,,0,,0,17314610.04,22274.17077
178,53033009802,98.02,Census Tract 98.02,West Seattle Junction/Genesee Hill,1.3,2001,2.08,1230,0.055837563,0.052181352,Medium,Stable,189,,16,9927510.523,12982.75493
179,53033009000,90,Census Tract 90,Judkins Park,5.2,2001,1.93,1309,0.048913043,0.051405622,Medium,Stable,194,,14,9212173.197,14319.10299
180,53033026400,264,Census Tract 264,South Park,3.1,2001,0,0,0,0,,,0,,0,461382.0486,5763.407674
181,53033001201,12.01,Census Tract 12.01,Northgate/Maple Leaf,8.1,2002,1.47,1045,-0.026490066,-0.026095061,Low,Decline,1209,,21,10851861.64,15899.77334
182,53033000404,4.04,Census Tract 4.04,Broadview/Bitter Lake,9.1,2002,1.26,1021,-0.023255814,-0.021093001,Low,Decline,454,,7,6791652.724,12962.55841
183,53033004901,49.01,Census Tract 49.01,Fremont,11.1,2002,1.74,1035,-0.02247191,-0.02266289,Medium,Decline,977,,106,5350888.215,9379.655767
184,53033003601,36.01,Census Tract 36.01,Green Lake,9.4,2002,2.05,1174,-0.023809524,-0.023294509,Medium,Decline,418,,35,7255879.068,11894.28889
185,53033002800,28,Census Tract 28,Greenwood/Phinney Ridge,9.3,2002,1.55,975,-0.025157233,-0.023046092,Low,Decline,302,,32,10637151.82,13201.3113
186,53033003100,31,Census Tract 31,Sunset Hill/Loyal Heights,10.3,2002,1.3,893,-0.022556391,-0.026172301,Low,Decline,107,,14,23137464.05,24704.5678
187,53033006400,64,Census Tract 64,Miller Park,6.4,2002,1.73,1461,-0.028089888,-0.026648901,High,Decline,103,,5,9726351.904,13186.77018
188,53033004301,43.01,Census Tract 43.01,Ravenna/Bryant,7.3,2002,2.58,1661,-0.022727273,-0.023515579,High,Decline,69,,8,10539780.57,17192.70375
189,53033002500,25,Census Tract 25,Ravenna/Bryant,7.3,2002,0,0,0,0,,,0,,0,10594634.3,16442.96859
190,53033002200,22,Census Tract 22,Wedgwood/View Ridge,7.4,2002,1.91,1624,-0.020512821,-0.023451594,High,Decline,73,,5,30127208.02,28505.80679
191,53033004000,40,Census Tract 40,Laurelhurst/Sand Point,7.5,2002,1.27,861,-0.030534351,-0.0260181,Low,Decline,54,,2,26374983.68,27560.01384
192,53033005804,58.04,Census Tract 58.04,Interbay,12.2,2002,1.88,1251,-0.020833333,-0.021892103,Medium,Decline,572,,34,25124062.74,48668.27224
193,53033006800,68,Census Tract 68,Queen Anne,12.3,2002,2.47,1650,-0.023715415,-0.023090586,High,Decline,234,,23,7729250.272,11275.37735
194,53033008102,81.02,Census Tract 81.02,Downtown Commercial Core,13.2,2002,3.21,2817,-0.027272727,-0.024922118,High,Decline,173,,5,5987812.086,14339.99503
195,53033008101,81.01,Census Tract 81.01,Downtown Commercial Core,13.2,2002,1.6,1394,-0.053254438,-0.056833559,Medium,Decline,885,,5,2992165.479,11427.14676
196,53033007902,79.02,Census Tract 79.02,Central Area/Squire Park,5.3,2002,1.85,1262,-0.026315789,-0.023975251,Medium,Decline,176,,13,4641637.8,9715.120877
197,53033007302,73.02,Census Tract 73.02,Cascade/Eastlake,11.3,2002,2.61,2111,-0.018796992,-0.018596002,High,Decline,663,,4,3368769.265,7802.426354
198,53033007101,71.01,Census Tract 71.01,Queen Anne,12.3,2002,2.19,1455,-0.022321429,-0.024144869,High,Decline,388,,14,5328474.607,9004.947227
199,53033009300,93,Census Tract 93,Duwamish/SODO,3.3,2002,2.03,1457,-0.024038462,-0.02476573,High,Decline,261,,10,102171584.8,53946.37345
200,53033010502,105.02,Census Tract 105.02,West Seattle Junction/Genesee Hill,1.3,2002,1.68,1134,-0.023255814,-0.026609442,Medium,Decline,464,,23,10504351.34,14546.13624
201,53033010001,100.01,Census Tract 100.01,North Beacon Hill/Jefferson Park,3.6,2002,1.83,1161,-0.021390374,-0.023549201,Medium,Decline,198,,16,25052474.61,25628.92453
202,53033009801,98.01,Census Tract 98.01,West Seattle Junction/Genesee Hill,1.3,2002,1.99,1338,-0.024509804,-0.024070022,High,Decline,219,,19,10814248.94,13291.54908
203,53033008900,89,Census Tract 89,Madrona/Leschi,5.1,2002,2.13,1470,-0.02293578,-0.023904382,High,Decline,234,,15,13690717.17,19328.7464
204,53033026300,263,Census Tract 263,Rainier Beach,4.1,2002,0,0,0,0,,,0,,0,30724.63332,954.0480244
205,53033012000,120,Census Tract 120,Arbor Heights,1.1,2002,0,0,0,0,,,0,,0,15560990.44,16787.97428
206,53033011101,111.01,Census Tract 111.01,Columbia City,4.2,2002,1.8,1188,-0.02173913,-0.023829088,Medium,Decline,170,,13,12236718.08,15552.07435
207,53033011001,110.01,Census Tract 110.01,South Beacon Hill/NewHolly,3.4,2002,0,0,0,0,,,0,,0,11629041.07,16287.35531
208,53033010800,108,Census Tract 108,Riverview,2.3,2002,0,0,0,0,,,0,,0,44087445.22,39019.3475
209,53033000800,8,Census Tract 8,Cedar Park/Meadowbrook,8.3,2002,0,0,0,0,,,0,,0,12290810.02,15312.08746
210,53033003400,34,Census Tract 34,Greenwood/Phinney Ridge,9.3,2002,1.11,686,-0.026315789,-0.025568182,Low,Decline,93,,9,8472471.715,12629.32293
211,53033005306,53.06,Census Tract 53.06,University District,7.2,2002,1.83,1014,-0.021390374,-0.023121387,Medium,Decline,435,,16,2157906.058,5954.872623
212,53033004302,43.02,Census Tract 43.02,Ravenna/Bryant,7.3,2002,2.16,1317,-0.027027027,-0.026607539,High,Decline,981,,60,3564115.67,7987.274419
213,53033002400,24,Census Tract 24,Wedgwood/View Ridge,7.4,2002,0,0,0,0,,,0,,0,10359919.78,13151.71252
214,53033004102,41.02,Census Tract 41.02,Laurelhurst/Sand Point,7.5,2002,1.56,1105,-0.012658228,-0.016903915,Medium,Decline,224,,7,17933927.27,23350.80029
215,53033005600,56,Census Tract 56,Magnolia,12.1,2002,0,0,0,0,,,0,,0,32045056.14,29943.50553
216,53033006703,67.03,Census Tract 67.03,Queen Anne,12.3,2002,1.28,1003,-0.022900763,-0.022417154,Low,Decline,614,,36,6427171.884,10846.49304
217,53033006100,61,Census Tract 61,Montlake/Portage Bay,7.1,2002,2.11,1226,-0.023148148,-0.024661893,High,Decline,990,,80,11959193.74,21477.26483
218,53033005700,57,Census Tract 57,Magnolia,12.1,2002,1.48,1113,-0.026315789,-0.025394046,Medium,Decline,352,,28,53305584.43,44506.56554
219,53033005901,59.01,Census Tract 59.01,Queen Anne,12.3,2002,1.58,1019,-0.05952381,-0.058225508,Low,Decline,389,,29,8449086.719,19075.29242
220,53033008401,84.01,Census Tract 84.01,Capitol Hill,6.2,2002,2.32,1484,-0.025210084,-0.024326101,High,Decline,783,,18,2700766.609,9275.818268
221,53033008300,83,Census Tract 83,First Hill,6.1,2002,1.87,1263,-0.020942408,-0.02244582,Medium,Decline,867,,12,2561276.498,8632.134894
222,53033007501,75.01,Census Tract 75.01,Capitol Hill,6.2,2002,2.02,1161,-0.019417476,-0.023549201,Medium,Decline,1454,,82,3210519.937,7219.623642
223,53033009702,97.02,Census Tract 97.02,West Seattle Junction/Genesee Hill,1.3,2002,1.66,1074,-0.029239766,-0.026291931,Medium,Decline,105,,7,23899907.43,28258.76257
224,53033008800,88,Census Tract 88,Central Area/Squire Park,5.3,2002,2.05,1298,-0.023809524,-0.023325809,High,Decline,230,,27,10210038.86,13202.52686
225,53033008500,85,Census Tract 85,First Hill,6.1,2002,2.3,1527,-0.021276596,-0.02178091,High,Decline,884,,18,4854121.319,9025.581615
226,53033026500,265,Census Tract 265,Highland Park,2.5,2002,0,0,0,0,,,0,,0,4617675.483,11234.96478
227,53033011601,116.01,Census Tract 116.01,Fauntleroy/Seaview,1.2,2002,1.02,713,-0.028571429,-0.024623803,Low,Decline,80,,6,16710842.89,20011.96599
228,53033011300,113,Census Tract 113,Highland Park,2.5,2002,0.99,807,-0.01,-0.004932182,Low,Decline,328,,16,37260682.97,27184.16139
229,53033011500,115,Census Tract 115,Roxhill/Westwood,2.4,2002,1.27,895,-0.023076923,-0.025054466,Low,Decline,250,,12,16558652.75,19887.30894
230,53033010601,106.01,Census Tract 106.01,Fauntleroy/Seaview,1.2,2002,1.67,1024,-0.023391813,-0.024761905,Medium,Decline,375,,24,11724162.32,14458.83704
231,53033001202,12.02,Census Tract 12.02,Northgate/Maple Leaf,8.1,2002,1.83,1349,-0.026595745,-0.023878437,High,Decline,422,,9,8841145.884,13324.99009
232,53033000102,1.02,Census Tract 1.02,Cedar Park/Meadowbrook,8.3,2002,1.55,1129,-0.03125,-0.030901288,Medium,Decline,558,,14,15446821.48,19552.36233
233,53033004701,47.01,Census Tract 47.01,Ballard,10.4,2002,1.95,1356,-0.025,-0.023054755,High,Decline,624,,48,6036028.326,13539.04763
234,53033004500,45,Census Tract 45,Wallingford,11.2,2002,0,0,0,0,,,0,,0,7222109.888,11018.30209
235,53033002900,29,Census Tract 29,Greenwood/Phinney Ridge,9.3,2002,1.51,1082,-0.025806452,-0.024346258,Medium,Decline,241,,23,10614791.11,13366.31967
236,53033004201,42.01,Census Tract 42.01,Ravenna/Bryant,7.3,2002,1.29,1156,-0.030075188,-0.026116259,Low,Decline,178,,10,13390664.27,18286.14392
237,53033007403,74.03,Census Tract 74.03,Capitol Hill,6.2,2002,1.96,1165,-0.024875622,-0.024288107,Medium,Decline,1007,,49,1276089.069,5227.495287
238,53033007002,70.02,Census Tract 70.02,Queen Anne,12.3,2002,1.9,1233,-0.025641026,-0.023752969,Medium,Decline,1561,,76,4746869.846,9490.799057
239,53033005803,58.03,Census Tract 58.03,Interbay,12.2,2002,1.36,983,-0.021582734,-0.017,Low,Decline,323,,29,8956173.425,17129.19881
240,53033005902,59.02,Census Tract 59.02,Queen Anne,12.3,2002,1.43,1100,-0.027210884,-0.025686448,Low,Decline,103,,10,11010649.89,15184.22057
241,53033004902,49.02,Census Tract 49.02,Fremont,11.1,2002,1.96,1145,-0.02,-0.023037543,Medium,Decline,733,,64,6448262.34,10801.73149
242,53033005801,58.01,Census Tract 58.01,Interbay,12.2,2002,1.42,1248,-0.040540541,-0.037779491,Medium,Decline,1036,,43,19618424.24,25500.01395
243,53033007406,74.06,Census Tract 74.06,Capitol Hill,6.2,2002,1.95,1019,-0.025,-0.022072937,Medium,Decline,1078,,41,1623443.827,6764.477241
244,53033007405,74.05,Census Tract 74.05,Capitol Hill,6.2,2002,1.95,1066,-0.025,-0.02559415,Medium,Decline,1203,,46,1418974.042,5012.79869
245,53033009701,97.01,Census Tract 97.01,Alki/Admiral,1.4,2002,1.44,1206,-0.027027027,-0.025060631,Medium,Decline,395,,35,19291172.12,29764.00034
246,53033009600,96,Census Tract 96,Alki/Admiral,1.4,2002,1.39,1125,-0.021126761,-0.0234375,Low,Decline,432,,32,19741501.65,20745.406
247,53033008700,87,Census Tract 87,Central Area/Squire Park,5.3,2002,1.82,1056,-0.021505376,-0.019498607,Medium,Decline,485,,39,7883013.17,11432.38421
248,53033011402,114.02,Census Tract 114.02,Roxhill/Westwood,2.4,2002,1.57,946,-0.02484472,-0.021716649,Low,Decline,405,,23,12779277.86,17351.05501
249,53033011200,112,Census Tract 112,South Park,3.1,2002,0.91,554,-0.010869565,-0.014234875,Low,Decline,175,,15,26463890.03,27002.33758
250,53033010900,109,Census Tract 109,Georgetown,3.2,2002,1.71,859,-0.017241379,-0.018285714,Low,Decline,137,,13,51677122.71,44978.75384
251,53033011002,110.02,Census Tract 110.02,South Beacon Hill/NewHolly,3.4,2002,0,0,0,0,,,0,,0,18508908.46,22511.12676
252,53033011102,111.02,Census Tract 111.02,Seward Park,4.3,2002,1.03,715,-0.028301887,-0.024556617,Low,Decline,450,,22,13970026.69,20411.17006
253,53033010702,107.02,Census Tract 107.02,High Point,2.2,2002,0,0,0,0,,,0,,0,8396926.793,14935.93024
254,53033001100,11,Census Tract 11,Olympic Hills/Victory Heights,8.2,2002,0.9,683,-0.02173913,-0.022889843,Low,Decline,188,,11,11416399.59,14159.12735
255,53033000700,7,Census Tract 7,Olympic Hills/Victory Heights,8.2,2002,1.32,940,-0.022222222,-0.023883697,Low,Decline,810,,54,13932242.39,16134.02991
256,53033000202,2.02,Census Tract 2.02,Olympic Hills/Victory Heights,8.2,2002,1.15,915,-0.025423729,-0.02866242,Low,Decline,187,,6,15930118.49,17285.82737
257,53033000101,1.01,Census Tract 1.01,Cedar Park/Meadowbrook,8.3,2002,1.21,864,-0.032,-0.029213483,Low,Decline,948,,33,4465058.881,8662.074215
258,53033003301,33.01,Census Tract 33.01,Whittier Heights,10.2,2002,1.82,1095,-0.021505376,-0.024064171,Medium,Decline,525,,58,7202858.493,11177.18133
259,53033003602,36.02,Census Tract 36.02,Green Lake,9.4,2002,2.06,1200,-0.023696682,-0.022801303,High,Decline,558,,42,5621886.085,11471.09438
260,53033001900,19,Census Tract 19,Northgate/Maple Leaf,8.1,2002,1.71,1265,-0.022857143,-0.021655066,Medium,Decline,129,,8,17945171.52,18948.48127
261,53033001702,17.02,Census Tract 17.02,Greenwood/Phinney Ridge,9.3,2002,0,0,0,0,,,0,,0,13779275.76,17476.40751
262,53033006500,65,Census Tract 65,North Capitol Hill,6.3,2002,1.84,1222,-0.026455026,-0.023181455,Medium,Decline,950,,74,12352257.76,17921.50133
263,53033006200,62,Census Tract 62,Montlake/Portage Bay,7.1,2002,0,0,0,0,,,0,,0,24610619.74,40010.59926
264,53033005305,53.05,Census Tract 53.05,University District,7.2,2002,2,964,-0.024390244,-0.025278059,Medium,Decline,1174,,46,2292236.616,6048.609222
265,53033002600,26,Census Tract 26,Ravenna/Bryant,7.3,2002,2.03,1260,-0.024038462,-0.024767802,High,Decline,191,,5,13398040.18,15933.9379
266,53033002000,20,Census Tract 20,Northgate/Maple Leaf,8.1,2002,1.35,1009,-0.02173913,-0.026061776,Low,Decline,206,,9,12183878.82,15509.54571
267,53033006300,63,Census Tract 63,Madison Park,6.5,2002,1.46,1113,-0.026666667,-0.026246719,Medium,Decline,578,,20,27750333.4,36285.84892
268,53033006600,66,Census Tract 66,Cascade/Eastlake,11.3,2002,1.78,1185,-0.027322404,-0.023887974,Medium,Decline,1162,,80,11110296.85,21995.1063
269,53033006900,69,Census Tract 69,Queen Anne,12.3,2002,1.55,1025,-0.025157233,-0.025665399,Low,Decline,468,,34,9742176.65,15666.54395
270,53033006000,60,Census Tract 60,Queen Anne,12.3,2002,1.86,1374,-0.02617801,-0.024840312,High,Decline,668,,55,14158764.71,19123.03263
271,53033005201,52.01,Census Tract 52.01,Wallingford,11.2,2002,2.23,1029,-0.026200873,-0.02464455,Medium,Decline,269,,19,7536632.481,14175.92406
272,53033005000,50,Census Tract 50,Wallingford,11.2,2002,1.95,1224,-0.025,-0.023923445,Medium,Decline,749,,60,8151942.295,11560.14801
273,53033008600,86,Census Tract 86,First Hill,6.1,2002,2.12,1156,-0.023041475,-0.021996616,High,Decline,1068,,46,7656616.626,11640.72061
274,53033008002,80.02,Census Tract 80.02,Belltown,13.1,2002,2.44,1745,-0.027888446,-0.024594746,High,Decline,1131,,14,2522029.808,7998.382466
275,53033007901,79.01,Census Tract 79.01,Central Area/Squire Park,5.3,2002,1.86,1191,-0.02617801,-0.025368249,Medium,Decline,709,,45,2876299.502,7879.404339
276,53033007202,72.02,Census Tract 72.02,Cascade/Eastlake,11.3,2002,2.41,1776,-0.020325203,-0.02310231,High,Decline,559,,10,3020075.663,7591.701883
277,53033007301,73.01,Census Tract 73.01,Cascade/Eastlake,11.3,2002,2.16,1519,-0.022624434,-0.02377892,High,Decline,274,,6,2699344.108,7422.610693
278,53033010302,103.02,Census Tract 103.02,Columbia City,4.2,2002,1.99,1393,-0.024509804,-0.023826209,High,Decline,259,,17,6804418.751,11267.2532
279,53033009100,91,Census Tract 91,Pioneer Square/International District,13.3,2002,2.08,1326,-0.028037383,-0.025,High,Decline,747,,13,4419685.266,10608.38541
280,53033009200,92,Census Tract 92,Pioneer Square/International District,13.3,2002,2.05,1219,-0.023809524,-0.020096463,High,Decline,321,,10,3456088.55,12687.12119
281,53033011700,117,Census Tract 117,South Beacon Hill/NewHolly,3.4,2002,0,0,0,0,,,0,,0,37826036.26,29439.62674
282,53033000500,5,Census Tract 5,Broadview/Bitter Lake,9.1,2002,0,0,0,0,,,0,,0,30294741.05,27094.56678
283,53033000601,6.01,Census Tract 6.01,Haller Lake,9.5,2002,1.21,851,-0.024193548,-0.025200458,Low,Decline,600,,16,15404952.58,20078.95648
284,53033003500,35,Census Tract 35,Greenwood/Phinney Ridge,9.3,2002,1.9,953,-0.025641026,-0.025562372,Medium,Decline,259,,21,13828061.67,16634.34896
285,53033001500,15,Census Tract 15,North Beach/Blue Ridge,10.1,2002,0.75,868,-0.025974026,-0.025813692,Low,Decline,59,,4,12300447.06,13960.37955
286,53033001400,14,Census Tract 14,North Beach/Blue Ridge,10.1,2002,1.25,1008,-0.0234375,-0.026086957,Low,Decline,433,,21,23073388.66,30536.33745
287,53033001300,13,Census Tract 13,Licton Springs,9.2,2002,1.33,832,-0.022058824,-0.022326675,Low,Decline,823,,67,12710036.99,14881.08705
288,53033003800,38,Census Tract 38,Ravenna/Bryant,7.3,2002,2.32,1189,-0.025210084,-0.025409836,High,Decline,159,,6,6722791.394,10392.53155
289,53033007001,70.01,Census Tract 70.01,Queen Anne,12.3,2002,1.76,1045,-0.022222222,-0.023364486,Medium,Decline,1374,,50,3856290.05,9530.302569
290,53033004800,48,Census Tract 48,Fremont,11.1,2002,1.93,1153,-0.020304569,-0.022052587,Medium,Decline,216,,25,13833886.82,18822.23657
291,53033005100,51,Census Tract 51,Wallingford,11.2,2002,2.58,1129,-0.026415094,-0.025884383,High,Decline,248,,22,9490350.153,13462.59155
292,53033008200,82,Census Tract 82,First Hill,6.1,2002,2.32,1764,-0.021097046,-0.025414365,High,Decline,810,,11,4044773.826,9102.140341
293,53033010101,101.01,Census Tract 101.01,Columbia City,4.2,2002,2.09,1121,-0.023364486,-0.025217391,Medium,Decline,177,,8,9381810.131,15311.65671
294,53033012100,121,Census Tract 121,Arbor Heights,1.1,2002,0,0,0,0,,,0,,0,18538900.93,25983.61624
295,53033011901,119.01,Census Tract 119.01,Rainier Beach,4.1,2002,0,0,0,0,,,0,,0,18097640.74,20485.64554
296,53033000602,6.02,Census Tract 6.02,Haller Lake,9.5,2002,1.08,928,-0.035714286,-0.036344756,Low,Decline,326,,8,25947507.86,23221.70475
297,53033000201,2.01,Census Tract 2.01,Olympic Hills/Victory Heights,8.2,2002,1.06,867,-0.018518519,-0.023648649,Low,Decline,836,,12,19446176.32,18651.57808
298,53033003302,33.02,Census Tract 33.02,Whittier Heights,10.2,2002,1.54,1011,-0.01910828,-0.020348837,Low,Decline,446,,51,6749336.486,10550.81793
299,53033005304,53.04,Census Tract 53.04,University District,7.2,2002,0,0,0,0,,,0,,0,786047.0981,4083.126066
300,53033004202,42.02,Census Tract 42.02,Ravenna/Bryant,7.3,2002,2.17,1502,-0.02690583,-0.024675325,High,Decline,54,,5,13141688.45,15651.66637
301,53033007404,74.04,Census Tract 74.04,Capitol Hill,6.2,2002,1.89,1108,-0.025773196,-0.025505717,Medium,Decline,1177,,61,1654579.828,5775.699987
302,53033006701,67.01,Census Tract 67.01,Queen Anne,12.3,2002,2.39,1773,-0.024489796,-0.026359143,High,Decline,360,,13,3639833.178,12143.77924
303,53033007800,78,Census Tract 78,Madrona/Leschi,5.1,2002,0,0,0,0,,,0,,0,22245158.16,28746.37352
304,53033007503,75.03,Census Tract 75.03,Capitol Hill,6.2,2002,2.34,1505,-0.025,-0.023361454,High,Decline,333,,14,2018614.368,6484.389482
305,53033007201,72.01,Census Tract 72.01,Cascade/Eastlake,11.3,2002,2.12,1418,-0.023041475,-0.023415978,High,Decline,1675,,12,1622558.9,5873.216511
306,53033007203,72.03,Census Tract 72.03,Cascade/Eastlake,11.3,2002,2.66,1893,-0.022058824,-0.023723569,High,Decline,162,,7,6238804.943,12493.9648
307,53033010301,103.01,Census Tract 103.01,Columbia City,4.2,2002,1.23,1079,-0.031496063,-0.026173285,Low,Decline,52,,4,10792262.46,16924.36851
308,53033009900,99,Census Tract 99,North Delridge,2.1,2002,1.73,1008,-0.033519553,-0.033557047,Medium,Decline,464,,16,70254374.71,64633.66158
309,53033009500,95,Census Tract 95,Mt. Baker/North Rainier,4.4,2002,2.02,952,-0.024154589,-0.025588536,Medium,Decline,140,,12,27424305.67,29618.2113
310,53033009400,94,Census Tract 94,North Beacon Hill/Jefferson Park,3.6,2002,2.21,1263,-0.022123894,-0.023956723,High,Decline,509,,52,18150625.68,18874.58318
311,53033011801,118.01,Census Tract 118.01,Rainier Beach,4.1,2002,1.16,820,-0.025210084,-0.026128266,Low,Decline,269,,13,12671173.51,15849.81354
312,53033011602,116.02,Census Tract 116.02,Fauntleroy/Seaview,1.2,2002,1.18,824,-0.024793388,-0.022538553,Low,Decline,113,,13,16924173.23,24704.04057
313,53033011401,114.01,Census Tract 114.01,Roxhill/Westwood,2.4,2002,1.17,1022,-0.025,-0.029439696,Low,Decline,565,,6,13273369.14,17478.05916
314,53033010701,107.01,Census Tract 107.01,High Point,2.2,2002,0.95,805,-0.04040404,-0.040524434,Low,Decline,199,,4,15726285.72,21302.36518
315,53033010602,106.02,Census Tract 106.02,Fauntleroy/Seaview,1.2,2002,1.3,866,-0.029850746,-0.026966292,Low,Decline,317,,20,15462014.06,23774.94714
316,53033000900,9,Census Tract 9,Cedar Park/Meadowbrook,8.3,2002,0,0,0,0,,,0,,0,10031158.89,20828.1662
317,53033000402,4.02,Census Tract 4.02,Broadview/Bitter Lake,9.1,2002,1.27,855,-0.023076923,-0.023972603,Low,Decline,485,,28,19362220.52,21397.1753
318,53033000300,3,Census Tract 3,Haller Lake,9.5,2002,1.03,778,-0.019047619,-0.026282854,Low,Decline,83,,7,13033864.6,17298.02954
319,53033003202,32.02,Census Tract 32.02,Sunset Hill/Loyal Heights,10.3,2002,1.75,1191,-0.027777778,-0.024570025,Medium,Decline,345,,34,10289818.46,12945.39486
320,53033003000,30,Census Tract 30,Whittier Heights,10.2,2002,1.78,1112,-0.021978022,-0.023705004,Medium,Decline,170,,22,16072222.01,16061.94762
321,53033001701,17.01,Census Tract 17.01,Greenwood/Phinney Ridge,9.3,2002,2.11,1327,-0.02764977,-0.026412326,High,Decline,509,,27,9609026.085,17164.45478
322,53033001600,16,Census Tract 16,North Beach/Blue Ridge,10.1,2002,2.24,1343,-0.026086957,-0.025399129,High,Decline,143,,11,20575392.71,23147.64598
323,53033002100,21,Census Tract 21,Wedgwood/View Ridge,7.4,2002,2.45,964,-0.023904382,-0.024291498,High,Decline,188,,16,14696796.74,16139.92186
324,53033003900,39,Census Tract 39,Wedgwood/View Ridge,7.4,2002,1.29,878,-0.022727273,-0.026607539,Low,Decline,108,,8,10481334.98,13200.90921
325,53033007102,71.02,Census Tract 71.02,Queen Anne,12.3,2002,2.19,1429,-0.030973451,-0.029211957,High,Decline,724,,21,3615500.898,11499.94075
326,53033006702,67.02,Census Tract 67.02,Queen Anne,12.3,2002,2.36,1608,-0.020746888,-0.02308627,High,Decline,388,,31,3280147.995,8593.864905
327,53033005401,54.01,Census Tract 54.01,Fremont,11.1,2002,2.14,1383,-0.027272727,-0.022614841,High,Decline,375,,32,7892270.588,19740.10787
328,53033008004,80.04,Census Tract 80.04,Belltown,13.1,2002,2.17,1661,-0.02690583,-0.025806452,High,Decline,738,,7,2908326.633,14944.97959
329,53033008003,80.03,Census Tract 80.03,Belltown,13.1,2002,2.37,1551,-0.024691358,-0.02268431,High,Decline,402,,7,2122043.711,8720.999421
330,53033008402,84.02,Census Tract 84.02,Capitol Hill,6.2,2002,2.05,1253,-0.023809524,-0.023382697,High,Decline,1187,,40,1565507.715,5220.868487
331,53033007303,73.03,Census Tract 73.03,Cascade/Eastlake,11.3,2002,0,0,0,0,,,0,,0,3374596.393,7984.863522
332,53033010002,100.02,Census Tract 100.02,North Beacon Hill/Jefferson Park,3.6,2002,1.59,994,-0.018518519,-0.017786561,Low,Decline,419,,19,10204645.64,13732.76539
333,53033011902,119.02,Census Tract 119.02,Rainier Beach,4.1,2002,0,0,0,0,,,0,,0,16290813.63,28897.59863
334,53033011802,118.02,Census Tract 118.02,Rainier Beach,4.1,2002,1.08,661,-0.018181818,-0.017830609,Low,Decline,67,,3,12323056.74,17201.54679
335,53033004703,47.03,Census Tract 47.03,Ballard,10.4,2002,1.89,1058,-0.025773196,-0.023084026,Medium,Decline,414,,51,13030918.14,18718.85939
336,53033001000,10,Census Tract 10,Cedar Park/Meadowbrook,8.3,2002,0.99,759,-0.01980198,-0.014285714,Low,Decline,122,,5,10270271.69,13147.0306
337,53033000403,4.03,Census Tract 4.03,Broadview/Bitter Lake,9.1,2002,1.19,898,-0.016528926,-0.021786492,Low,Decline,409,,11,7881185.923,14097.02669
338,53033003201,32.01,Census Tract 32.01,Sunset Hill/Loyal Heights,10.3,2002,2.1,1347,-0.023255814,-0.023913043,High,Decline,608,,26,11927788.62,32094.50339
339,53033004600,46,Census Tract 46,Green Lake,9.4,2002,1.49,937,-0.019736842,-0.020898642,Low,Decline,65,,7,27829368.76,25514.224
340,53033004702,47.02,Census Tract 47.02,Ballard,10.4,2002,2.09,1256,-0.023364486,-0.024087024,High,Decline,410,,37,2867507.734,6956.449675
341,53033002700,27,Census Tract 27,Green Lake,9.4,2002,1.33,971,-0.022058824,-0.022155086,Low,Decline,257,,21,17058079.28,21942.83528
342,53033001800,18,Census Tract 18,Licton Springs,9.2,2002,1.41,986,-0.020833333,-0.021825397,Low,Decline,577,,55,10182882.27,13946.10003
343,53033005202,52.02,Census Tract 52.02,Wallingford,11.2,2002,1.93,1117,-0.020304569,-0.022747157,Medium,Decline,710,,40,2865193.636,7845.303217
344,53033005303,53.03,Census Tract 53.03,University District,7.2,2002,0,0,0,0,,,0,,0,24349784.49,33904.62137
345,53033004402,44.02,Census Tract 44.02,University District,7.2,2002,2.01,1006,-0.024271845,-0.025193798,Medium,Decline,851,,55,3175021.433,7487.979857
346,53033004401,44.01,Census Tract 44.01,University District,7.2,2002,2.16,994,-0.027027027,-0.024533857,Medium,Decline,324,,28,7479571.761,12948.97514
347,53033005307,53.07,Census Tract 53.07,University District,7.2,2002,2.18,921,-0.022421525,-0.024364407,Medium,Decline,345,,18,1399526.48,4758.85069
348,53033004101,41.01,Census Tract 41.01,Laurelhurst/Sand Point,7.5,2002,1.38,903,-0.028169014,-0.026939655,Low,Decline,63,,2,16716852.66,24230.15794
349,53033005402,54.02,Census Tract 54.02,Fremont,11.1,2002,2.11,1300,-0.023148148,-0.024756189,High,Decline,377,,40,4993141.865,10063.79785
350,53033007700,77,Census Tract 77,Central Area/Squire Park,5.3,2002,2.3,1026,-0.017094017,-0.020057307,High,Decline,253,,18,11391208.22,15242.20976
351,53033007502,75.02,Census Tract 75.02,Capitol Hill,6.2,2002,2.15,1280,-0.027149321,-0.023646072,High,Decline,901,,57,3400503.555,7403.629293
352,53033007600,76,Census Tract 76,Miller Park,6.4,2002,2.04,1192,-0.023923445,-0.02295082,Medium,Decline,632,,44,6155389.389,9906.368336
353,53033010200,102,Census Tract 102,Seward Park,4.3,2002,1.08,755,-0.027027027,-0.025806452,Low,Decline,76,,4,30129079.21,33439.4694
354,53033010401,104.01,Census Tract 104.01,Beacon Hill,3.5,2002,0,0,0,0,,,0,,0,17543421.03,17342.9302
355,53033010402,104.02,Census Tract 104.02,Beacon Hill,3.5,2002,1.15,872,0.00877193,0.010428737,Low,Stable,71,,5,18759692.89,18925.04301
356,53033010501,105.01,Census Tract 105.01,West Seattle Junction/Genesee Hill,1.3,2002,1.95,1369,-0.025,-0.023537803,High,Decline,280,,12,7986746.715,12490.0968
357,53033010102,101.02,Census Tract 101.02,Columbia City,4.2,2002,0,0,0,0,,,0,,0,17314610.04,22274.17077
358,53033009802,98.02,Census Tract 98.02,West Seattle Junction/Genesee Hill,1.3,2002,2.03,1201,-0.024038462,-0.023577236,Medium,Decline,189,,16,9927510.523,12982.75493
359,53033009000,90,Census Tract 90,Judkins Park,5.2,2002,1.89,1278,-0.020725389,-0.0236822,Medium,Decline,194,,14,9212173.197,14319.10299
360,53033026400,264,Census Tract 264,South Park,3.1,2002,0,0,0,0,,,0,,0,461382.0486,5763.407674
361,53033001201,12.01,Census Tract 12.01,Northgate/Maple Leaf,8.1,2003,1.42,1011,-0.034013605,-0.032535885,Low,Decline,1209,,21,10851861.64,15899.77334
362,53033000404,4.04,Census Tract 4.04,Broadview/Bitter Lake,9.1,2003,1.25,1013,-0.007936508,-0.007835455,Low,Decline,454,,7,6791652.724,12962.55841
363,53033004901,49.01,Census Tract 49.01,Fremont,11.1,2003,1.72,1021,-0.011494253,-0.01352657,Medium,Decline,977,,106,5350888.215,9379.655767
364,53033003601,36.01,Census Tract 36.01,Green Lake,9.4,2003,2.02,1156,-0.014634146,-0.015332198,Medium,Decline,418,,35,7255879.068,11894.28889
365,53033002800,28,Census Tract 28,Greenwood/Phinney Ridge,9.3,2003,1.53,963,-0.012903226,-0.012307692,Low,Decline,302,,32,10637151.82,13201.3113
366,53033003100,31,Census Tract 31,Sunset Hill/Loyal Heights,10.3,2003,1.28,879,-0.015384615,-0.015677492,Low,Decline,107,,14,23137464.05,24704.5678
367,53033006400,64,Census Tract 64,Miller Park,6.4,2003,1.7,1437,-0.01734104,-0.016427105,High,Decline,103,,5,9726351.904,13186.77018
368,53033004301,43.01,Census Tract 43.01,Ravenna/Bryant,7.3,2003,2.54,1636,-0.015503876,-0.015051174,High,Decline,69,,8,10539780.57,17192.70375
369,53033002500,25,Census Tract 25,Ravenna/Bryant,7.3,2003,0,0,0,0,,,0,,0,10594634.3,16442.96859
370,53033002200,22,Census Tract 22,Wedgwood/View Ridge,7.4,2003,1.88,1599,-0.015706806,-0.015394089,High,Decline,73,,5,30127208.02,28505.80679
371,53033004000,40,Census Tract 40,Laurelhurst/Sand Point,7.5,2003,1.25,847,-0.015748031,-0.016260163,Low,Decline,54,,2,26374983.68,27560.01384
372,53033005804,58.04,Census Tract 58.04,Interbay,12.2,2003,1.86,1235,-0.010638298,-0.012789768,Medium,Decline,572,,34,25124062.74,48668.27224
373,53033006800,68,Census Tract 68,Queen Anne,12.3,2003,2.44,1626,-0.012145749,-0.014545455,High,Decline,234,,23,7729250.272,11275.37735
374,53033008102,81.02,Census Tract 81.02,Downtown Commercial Core,13.2,2003,3.16,2772,-0.015576324,-0.015974441,High,Decline,173,,5,5987812.086,14339.99503
375,53033008101,81.01,Census Tract 81.01,Downtown Commercial Core,13.2,2003,1.61,1401,0.00625,0.005021521,Medium,Rise,885,Medium,5,2992165.479,11427.14676
376,53033007902,79.02,Census Tract 79.02,Central Area/Squire Park,5.3,2003,1.83,1243,-0.010810811,-0.015055468,Medium,Decline,272,,14,4641637.8,9715.120877
377,53033007302,73.02,Census Tract 73.02,Cascade/Eastlake,11.3,2003,2.58,2086,-0.011494253,-0.011842729,High,Decline,663,,4,3368769.265,7802.426354
378,53033007101,71.01,Census Tract 71.01,Queen Anne,12.3,2003,2.15,1434,-0.01826484,-0.01443299,High,Decline,388,,14,5328474.607,9004.947227
379,53033009300,93,Census Tract 93,Duwamish/SODO,3.3,2003,2,1434,-0.014778325,-0.015785861,High,Decline,261,,10,102171584.8,53946.37345
380,53033010502,105.02,Census Tract 105.02,West Seattle Junction/Genesee Hill,1.3,2003,1.65,1120,-0.017857143,-0.012345679,Medium,Decline,464,,23,10504351.34,14546.13624
381,53033010001,100.01,Census Tract 100.01,North Beacon Hill/Jefferson Park,3.6,2003,1.8,1144,-0.016393443,-0.01464255,Medium,Decline,198,,16,25052474.61,25628.92453
382,53033009801,98.01,Census Tract 98.01,West Seattle Junction/Genesee Hill,1.3,2003,1.96,1318,-0.015075377,-0.014947683,High,Decline,224,,20,10814248.94,13291.54908
383,53033008900,89,Census Tract 89,Madrona/Leschi,5.1,2003,2.1,1448,-0.014084507,-0.014965986,High,Decline,234,,15,13690717.17,19328.7464
384,53033026300,263,Census Tract 263,Rainier Beach,4.1,2003,0,0,0,0,,,0,,0,30724.63332,954.0480244
385,53033012000,120,Census Tract 120,Arbor Heights,1.1,2003,0,0,0,0,,,0,,0,15560990.44,16787.97428
386,53033011101,111.01,Census Tract 111.01,Columbia City,4.2,2003,1.77,1170,-0.016666667,-0.015151515,Medium,Decline,170,,13,12236718.08,15552.07435
387,53033011001,110.01,Census Tract 110.01,South Beacon Hill/NewHolly,3.4,2003,0,0,0,0,,,0,,0,11629041.07,16287.35531
388,53033010800,108,Census Tract 108,Riverview,2.3,2003,0,0,0,0,,,0,,0,44087445.22,39019.3475
389,53033000800,8,Census Tract 8,Cedar Park/Meadowbrook,8.3,2003,0,0,0,0,,,0,,0,12290810.02,15312.08746
390,53033003400,34,Census Tract 34,Greenwood/Phinney Ridge,9.3,2003,1.09,674,-0.018018018,-0.017492711,Low,Decline,93,,9,8472471.715,12629.32293
391,53033005306,53.06,Census Tract 53.06,University District,7.2,2003,1.8,998,-0.016393443,-0.015779093,Medium,Decline,435,,16,2157906.058,5954.872623
392,53033004302,43.02,Census Tract 43.02,Ravenna/Bryant,7.3,2003,2.13,1296,-0.013888889,-0.01594533,High,Decline,981,,60,3564115.67,7987.274419
393,53033002400,24,Census Tract 24,Wedgwood/View Ridge,7.4,2003,0,0,0,0,,,0,,0,10359919.78,13151.71252
394,53033004102,41.02,Census Tract 41.02,Laurelhurst/Sand Point,7.5,2003,1.51,1070,-0.032051282,-0.031674208,Medium,Decline,623,,8,17933927.27,23350.80029
395,53033005600,56,Census Tract 56,Magnolia,12.1,2003,0,0,0,0,,,0,,0,32045056.14,29943.50553
396,53033006703,67.03,Census Tract 67.03,Queen Anne,12.3,2003,1.27,996,-0.0078125,-0.006979063,Low,Decline,614,,36,6427171.884,10846.49304
397,53033006100,61,Census Tract 61,Montlake/Portage Bay,7.1,2003,2.08,1208,-0.014218009,-0.014681892,High,Decline,1026,,81,11959193.74,21477.26483
398,53033005700,57,Census Tract 57,Magnolia,12.1,2003,1.46,1094,-0.013513514,-0.017070979,Medium,Decline,352,,28,53305584.43,44506.56554
399,53033005901,59.01,Census Tract 59.01,Queen Anne,12.3,2003,1.58,1019,0,0,Medium,Stable,389,,29,8449086.719,19075.29242
400,53033008401,84.01,Census Tract 84.01,Capitol Hill,6.2,2003,2.29,1462,-0.012931034,-0.014824798,High,Decline,783,,18,2700766.609,9275.818268
401,53033008300,83,Census Tract 83,First Hill,6.1,2003,1.85,1249,-0.010695187,-0.011084719,Medium,Decline,867,,12,2561276.498,8632.134894
402,53033007501,75.01,Census Tract 75.01,Capitol Hill,6.2,2003,1.99,1145,-0.014851485,-0.013781223,Medium,Decline,1454,,82,3210519.937,7219.623642
403,53033009702,97.02,Census Tract 97.02,West Seattle Junction/Genesee Hill,1.3,2003,1.64,1056,-0.012048193,-0.016759777,Medium,Decline,105,,7,23899907.43,28258.76257
404,53033008800,88,Census Tract 88,Central Area/Squire Park,5.3,2003,2.02,1279,-0.014634146,-0.014637904,High,Decline,230,,27,10210038.86,13202.52686
405,53033008500,85,Census Tract 85,First Hill,6.1,2003,2.27,1505,-0.013043478,-0.014407335,High,Decline,884,,18,4854121.319,9025.581615
406,53033026500,265,Census Tract 265,Highland Park,2.5,2003,0,0,0,0,,,0,,0,4617675.483,11234.96478
407,53033011601,116.01,Census Tract 116.01,Fauntleroy/Seaview,1.2,2003,1.02,713,0,0,Low,Stable,80,,6,16710842.89,20011.96599
408,53033011300,113,Census Tract 113,Highland Park,2.5,2003,0.99,802,0,-0.006195787,Low,Decline,328,,16,37260682.97,27184.16139
409,53033011500,115,Census Tract 115,Roxhill/Westwood,2.4,2003,1.25,881,-0.015748031,-0.015642458,Low,Decline,250,,12,16558652.75,19887.30894
410,53033010601,106.01,Census Tract 106.01,Fauntleroy/Seaview,1.2,2003,1.65,1009,-0.011976048,-0.014648438,Medium,Decline,375,,24,11724162.32,14458.83704
411,53033001202,12.02,Census Tract 12.02,Northgate/Maple Leaf,8.1,2003,1.8,1328,-0.016393443,-0.015567087,High,Decline,422,,9,8841145.884,13324.99009
412,53033000102,1.02,Census Tract 1.02,Cedar Park/Meadowbrook,8.3,2003,1.55,1122,0,-0.006200177,Medium,Decline,558,,14,15446821.48,19552.36233
413,53033004701,47.01,Census Tract 47.01,Ballard,10.4,2003,1.92,1335,-0.015384615,-0.015486726,High,Decline,624,,48,6036028.326,13539.04763
414,53033004500,45,Census Tract 45,Wallingford,11.2,2003,0,0,0,0,,,0,,0,7222109.888,11018.30209
415,53033002900,29,Census Tract 29,Greenwood/Phinney Ridge,9.3,2003,1.49,1068,-0.013245033,-0.012939002,Medium,Decline,241,,23,10614791.11,13366.31967
416,53033004201,42.01,Census Tract 42.01,Ravenna/Bryant,7.3,2003,1.27,1137,-0.015503876,-0.016435986,Low,Decline,178,,10,13390664.27,18286.14392
417,53033007403,74.03,Census Tract 74.03,Capitol Hill,6.2,2003,1.93,1148,-0.015306122,-0.014592275,Medium,Decline,1007,,49,1276089.069,5227.495287
418,53033007002,70.02,Census Tract 70.02,Queen Anne,12.3,2003,1.88,1215,-0.010526316,-0.01459854,Medium,Decline,1561,,76,4746869.846,9490.799057
419,53033005803,58.03,Census Tract 58.03,Interbay,12.2,2003,1.35,974,-0.007352941,-0.009155646,Low,Decline,323,,29,8956173.425,17129.19881
420,53033005902,59.02,Census Tract 59.02,Queen Anne,12.3,2003,1.41,1082,-0.013986014,-0.016363636,Low,Decline,103,,10,11010649.89,15184.22057
421,53033004902,49.02,Census Tract 49.02,Fremont,11.1,2003,1.91,1119,-0.025510204,-0.022707424,Medium,Decline,863,,65,6448262.34,10801.73149
422,53033005801,58.01,Census Tract 58.01,Interbay,12.2,2003,1.45,1276,0.021126761,0.022435897,Medium,Significant Rise,1036,High,43,19618424.24,25500.01395
423,53033007406,74.06,Census Tract 74.06,Capitol Hill,6.2,2003,1.93,1006,-0.01025641,-0.012757605,Medium,Decline,1078,,41,1623443.827,6764.477241
424,53033007405,74.05,Census Tract 74.05,Capitol Hill,6.2,2003,1.92,1050,-0.015384615,-0.015009381,Medium,Decline,1203,,46,1418974.042,5012.79869
425,53033009701,97.01,Census Tract 97.01,Alki/Admiral,1.4,2003,1.42,1187,-0.013888889,-0.015754561,Medium,Decline,395,,35,19291172.12,29764.00034
426,53033009600,96,Census Tract 96,Alki/Admiral,1.4,2003,1.37,1109,-0.014388489,-0.014222222,Low,Decline,432,,32,19741501.65,20745.406
427,53033008700,87,Census Tract 87,Central Area/Squire Park,5.3,2003,1.8,1044,-0.010989011,-0.011363636,Medium,Decline,485,,39,7883013.17,11432.38421
428,53033011402,114.02,Census Tract 114.02,Roxhill/Westwood,2.4,2003,1.56,936,-0.006369427,-0.010570825,Low,Decline,405,,23,12779277.86,17351.05501
429,53033011200,112,Census Tract 112,South Park,3.1,2003,0.9,549,-0.010989011,-0.009025271,Low,Decline,175,,15,26463890.03,27002.33758
430,53033010900,109,Census Tract 109,Georgetown,3.2,2003,1.7,852,-0.005847953,-0.00814901,Low,Decline,137,,13,51677122.71,44978.75384
431,53033011002,110.02,Census Tract 110.02,South Beacon Hill/NewHolly,3.4,2003,0,0,0,0,,,0,,0,18508908.46,22511.12676
432,53033011102,111.02,Census Tract 111.02,Seward Park,4.3,2003,1.01,703,-0.019417476,-0.016783217,Low,Decline,450,,22,13970026.69,20411.17006
433,53033010702,107.02,Census Tract 107.02,High Point,2.2,2003,0,0,0,0,,,0,,0,8396926.793,14935.93024
434,53033001100,11,Census Tract 11,Olympic Hills/Victory Heights,8.2,2003,0.89,673,-0.011111111,-0.014641288,Low,Decline,188,,11,11416399.59,14159.12735
435,53033000700,7,Census Tract 7,Olympic Hills/Victory Heights,8.2,2003,1.29,921,-0.022727273,-0.020212766,Low,Decline,810,,54,13932242.39,16134.02991
436,53033000202,2.02,Census Tract 2.02,Olympic Hills/Victory Heights,8.2,2003,1.13,900,-0.017391304,-0.016393443,Low,Decline,187,,6,15930118.49,17285.82737
437,53033000101,1.01,Census Tract 1.01,Cedar Park/Meadowbrook,8.3,2003,1.18,845,-0.024793388,-0.021990741,Low,Decline,1032,,34,4465058.881,8662.074215
438,53033003301,33.01,Census Tract 33.01,Whittier Heights,10.2,2003,1.79,1078,-0.016483516,-0.015525114,Medium,Decline,525,,58,7202858.493,11177.18133
439,53033003602,36.02,Census Tract 36.02,Green Lake,9.4,2003,2.03,1182,-0.014563107,-0.015,High,Decline,558,,42,5621886.085,11471.09438
440,53033001900,19,Census Tract 19,Northgate/Maple Leaf,8.1,2003,1.69,1250,-0.011695906,-0.011857708,Medium,Decline,129,,8,17945171.52,18948.48127
441,53033001702,17.02,Census Tract 17.02,Greenwood/Phinney Ridge,9.3,2003,0,0,0,0,,,0,,0,13779275.76,17476.40751
442,53033006500,65,Census Tract 65,North Capitol Hill,6.3,2003,1.81,1199,-0.016304348,-0.018821604,Medium,Decline,1017,,76,12352257.76,17921.50133
443,53033006200,62,Census Tract 62,Montlake/Portage Bay,7.1,2003,0,0,0,0,,,0,,0,24610619.74,40010.59926
444,53033005305,53.05,Census Tract 53.05,University District,7.2,2003,1.96,948,-0.02,-0.01659751,Medium,Decline,1174,,46,2292236.616,6048.609222
445,53033002600,26,Census Tract 26,Ravenna/Bryant,7.3,2003,2,1240,-0.014778325,-0.015873016,High,Decline,191,,5,13398040.18,15933.9379
446,53033002000,20,Census Tract 20,Northgate/Maple Leaf,8.1,2003,1.33,994,-0.014814815,-0.014866204,Low,Decline,206,,9,12183878.82,15509.54571
447,53033006300,63,Census Tract 63,Madison Park,6.5,2003,1.44,1095,-0.01369863,-0.016172507,Low,Decline,578,,20,27750333.4,36285.84892
448,53033006600,66,Census Tract 66,Cascade/Eastlake,11.3,2003,1.76,1169,-0.011235955,-0.01350211,Medium,Decline,1167,,81,11110296.85,21995.1063
449,53033006900,69,Census Tract 69,Queen Anne,12.3,2003,1.53,1010,-0.012903226,-0.014634146,Low,Decline,468,,34,9742176.65,15666.54395
450,53033006000,60,Census Tract 60,Queen Anne,12.3,2003,1.84,1353,-0.010752688,-0.015283843,High,Decline,668,,55,14158764.71,19123.03263
451,53033005201,52.01,Census Tract 52.01,Wallingford,11.2,2003,2.2,1014,-0.013452915,-0.014577259,Medium,Decline,269,,19,7536632.481,14175.92406
452,53033005000,50,Census Tract 50,Wallingford,11.2,2003,1.92,1204,-0.015384615,-0.016339869,Medium,Decline,749,,60,8151942.295,11560.14801
453,53033008600,86,Census Tract 86,First Hill,6.1,2003,2.1,1140,-0.009433962,-0.01384083,High,Decline,1068,,46,7656616.626,11640.72061
454,53033008002,80.02,Census Tract 80.02,Belltown,13.1,2003,2.41,1719,-0.012295082,-0.014899713,High,Decline,1131,,14,2522029.808,7998.382466
455,53033007901,79.01,Census Tract 79.01,Central Area/Squire Park,5.3,2003,1.83,1174,-0.016129032,-0.01427372,Medium,Decline,709,,45,2876299.502,7879.404339
456,53033007202,72.02,Census Tract 72.02,Cascade/Eastlake,11.3,2003,2.36,1742,-0.020746888,-0.019144144,High,Decline,559,,10,3020075.663,7591.701883
457,53033007301,73.01,Census Tract 73.01,Cascade/Eastlake,11.3,2003,2.13,1496,-0.013888889,-0.01514154,High,Decline,274,,6,2699344.108,7422.610693
458,53033010302,103.02,Census Tract 103.02,Columbia City,4.2,2003,1.96,1371,-0.015075377,-0.015793252,High,Decline,259,,17,6804418.751,11267.2532
459,53033009100,91,Census Tract 91,Pioneer Square/International District,13.3,2003,2.05,1306,-0.014423077,-0.015082956,High,Decline,747,,13,4419685.266,10608.38541
460,53033009200,92,Census Tract 92,Pioneer Square/International District,13.3,2003,2.03,1204,-0.009756098,-0.012305168,High,Decline,321,,10,3456088.55,12687.12119
461,53033011700,117,Census Tract 117,South Beacon Hill/NewHolly,3.4,2003,0,0,0,0,,,0,,0,37826036.26,29439.62674
462,53033000500,5,Census Tract 5,Broadview/Bitter Lake,9.1,2003,0,0,0,0,,,0,,0,30294741.05,27094.56678
463,53033000601,6.01,Census Tract 6.01,Haller Lake,9.5,2003,1.19,838,-0.016528926,-0.015276146,Low,Decline,600,,16,15404952.58,20078.95648
464,53033003500,35,Census Tract 35,Greenwood/Phinney Ridge,9.3,2003,1.87,938,-0.015789474,-0.015739769,Medium,Decline,259,,21,13828061.67,16634.34896
465,53033001500,15,Census Tract 15,North Beach/Blue Ridge,10.1,2003,0.74,854,-0.013333333,-0.016129032,Low,Decline,59,,4,12300447.06,13960.37955
466,53033001400,14,Census Tract 14,North Beach/Blue Ridge,10.1,2003,1.23,993,-0.016,-0.014880952,Low,Decline,433,,21,23073388.66,30536.33745
467,53033001300,13,Census Tract 13,Licton Springs,9.2,2003,1.31,821,-0.015037594,-0.013221154,Low,Decline,823,,67,12710036.99,14881.08705
468,53033003800,38,Census Tract 38,Ravenna/Bryant,7.3,2003,2.28,1169,-0.017241379,-0.016820858,High,Decline,159,,6,6722791.394,10392.53155
469,53033007001,70.01,Census Tract 70.01,Queen Anne,12.3,2003,1.73,1030,-0.017045455,-0.014354067,Medium,Decline,1374,,50,3856290.05,9530.302569
470,53033004800,48,Census Tract 48,Fremont,11.1,2003,1.9,1137,-0.015544041,-0.013876843,Medium,Decline,216,,25,13833886.82,18822.23657
471,53033005100,51,Census Tract 51,Wallingford,11.2,2003,2.54,1110,-0.015503876,-0.016829052,High,Decline,248,,22,9490350.153,13462.59155
472,53033008200,82,Census Tract 82,First Hill,6.1,2003,2.28,1738,-0.017241379,-0.014739229,High,Decline,810,,11,4044773.826,9102.140341
473,53033010101,101.01,Census Tract 101.01,Columbia City,4.2,2003,2.06,1103,-0.014354067,-0.016057092,Medium,Decline,177,,8,9381810.131,15311.65671
474,53033012100,121,Census Tract 121,Arbor Heights,1.1,2003,0,0,0,0,,,0,,0,18538900.93,25983.61624
475,53033011901,119.01,Census Tract 119.01,Rainier Beach,4.1,2003,0,0,0,0,,,0,,0,18097640.74,20485.64554
476,53033000602,6.02,Census Tract 6.02,Haller Lake,9.5,2003,1.07,921,-0.009259259,-0.007543103,Low,Decline,326,,8,25947507.86,23221.70475
477,53033000201,2.01,Census Tract 2.01,Olympic Hills/Victory Heights,8.2,2003,1.04,857,-0.018867925,-0.011534025,Low,Decline,836,,12,19446176.32,18651.57808
478,53033003302,33.02,Census Tract 33.02,Whittier Heights,10.2,2003,1.52,1000,-0.012987013,-0.010880317,Low,Decline,446,,51,6749336.486,10550.81793
479,53033005304,53.04,Census Tract 53.04,University District,7.2,2003,0,0,0,0,,,0,,0,786047.0981,4083.126066
480,53033004202,42.02,Census Tract 42.02,Ravenna/Bryant,7.3,2003,2.14,1479,-0.013824885,-0.015312916,High,Decline,54,,5,13141688.45,15651.66637
481,53033007404,74.04,Census Tract 74.04,Capitol Hill,6.2,2003,1.86,1091,-0.015873016,-0.01534296,Medium,Decline,1177,,61,1654579.828,5775.699987
482,53033006701,67.01,Census Tract 67.01,Queen Anne,12.3,2003,2.34,1742,-0.020920502,-0.01748449,High,Decline,360,,13,3639833.178,12143.77924
483,53033007800,78,Census Tract 78,Madrona/Leschi,5.1,2003,0,0,0,0,,,0,,0,22245158.16,28746.37352
484,53033007503,75.03,Census Tract 75.03,Capitol Hill,6.2,2003,2.31,1483,-0.012820513,-0.01461794,High,Decline,333,,14,2018614.368,6484.389482
485,53033007201,72.01,Census Tract 72.01,Cascade/Eastlake,11.3,2003,2.08,1391,-0.018867925,-0.019040903,High,Decline,1675,,12,1622558.9,5873.216511
486,53033007203,72.03,Census Tract 72.03,Cascade/Eastlake,11.3,2003,2.62,1864,-0.015037594,-0.015319599,High,Decline,162,,7,6238804.943,12493.9648
487,53033010301,103.01,Census Tract 103.01,Columbia City,4.2,2003,1.21,1062,-0.016260163,-0.015755329,Low,Decline,52,,4,10792262.46,16924.36851
488,53033009900,99,Census Tract 99,North Delridge,2.1,2003,1.71,994,-0.011560694,-0.013888889,Medium,Decline,464,,16,70254374.71,64633.66158
489,53033009500,95,Census Tract 95,Mt. Baker/North Rainier,4.4,2003,1.99,938,-0.014851485,-0.014705882,Medium,Decline,140,,12,27424305.67,29618.2113
490,53033009400,94,Census Tract 94,North Beacon Hill/Jefferson Park,3.6,2003,2.18,1245,-0.013574661,-0.014251781,High,Decline,509,,52,18150625.68,18874.58318
491,53033011801,118.01,Census Tract 118.01,Rainier Beach,4.1,2003,1.14,807,-0.017241379,-0.015853659,Low,Decline,269,,13,12671173.51,15849.81354
492,53033011602,116.02,Census Tract 116.02,Fauntleroy/Seaview,1.2,2003,1.17,813,-0.008474576,-0.013349515,Low,Decline,113,,13,16924173.23,24704.04057
493,53033011401,114.01,Census Tract 114.01,Roxhill/Westwood,2.4,2003,1.15,1011,-0.017094017,-0.010763209,Low,Decline,565,,6,13273369.14,17478.05916
494,53033010701,107.01,Census Tract 107.01,High Point,2.2,2003,0.92,783,-0.031578947,-0.027329193,Low,Decline,199,,4,15726285.72,21302.36518
495,53033010602,106.02,Census Tract 106.02,Fauntleroy/Seaview,1.2,2003,1.28,852,-0.015384615,-0.016166282,Low,Decline,317,,20,15462014.06,23774.94714
496,53033000900,9,Census Tract 9,Cedar Park/Meadowbrook,8.3,2003,0,0,0,0,,,0,,0,10031158.89,20828.1662
497,53033000402,4.02,Census Tract 4.02,Broadview/Bitter Lake,9.1,2003,1.25,842,-0.015748031,-0.015204678,Low,Decline,485,,28,19362220.52,21397.1753
498,53033000300,3,Census Tract 3,Haller Lake,9.5,2003,1.01,766,-0.019417476,-0.015424165,Low,Decline,83,,7,13033864.6,17298.02954
499,53033003202,32.02,Census Tract 32.02,Sunset Hill/Loyal Heights,10.3,2003,1.73,1173,-0.011428571,-0.01511335,Medium,Decline,345,,34,10289818.46,12945.39486
500,53033003000,30,Census Tract 30,Whittier Heights,10.2,2003,1.75,1097,-0.016853933,-0.013489209,Medium,Decline,170,,22,16072222.01,16061.94762
501,53033001701,17.01,Census Tract 17.01,Greenwood/Phinney Ridge,9.3,2003,2.08,1309,-0.014218009,-0.013564431,High,Decline,509,,27,9609026.085,17164.45478
502,53033001600,16,Census Tract 16,North Beach/Blue Ridge,10.1,2003,2.21,1322,-0.013392857,-0.015636634,High,Decline,143,,11,20575392.71,23147.64598
503,53033002100,21,Census Tract 21,Wedgwood/View Ridge,7.4,2003,2.41,949,-0.016326531,-0.015560166,High,Decline,188,,16,14696796.74,16139.92186
504,53033003900,39,Census Tract 39,Wedgwood/View Ridge,7.4,2003,1.26,864,-0.023255814,-0.01594533,Low,Decline,108,,8,10481334.98,13200.90921
505,53033007102,71.02,Census Tract 71.02,Queen Anne,12.3,2003,2.45,1591,0.118721461,0.11336599,High,Significant Rise,724,,21,3615500.898,11499.94075
506,53033006702,67.02,Census Tract 67.02,Queen Anne,12.3,2003,2.32,1585,-0.016949153,-0.014303483,High,Decline,388,,31,3280147.995,8593.864905
507,53033005401,54.01,Census Tract 54.01,Fremont,11.1,2003,2.11,1363,-0.014018692,-0.014461316,High,Decline,375,,32,7892270.588,19740.10787
508,53033008004,80.04,Census Tract 80.04,Belltown,13.1,2003,2.08,1595,-0.041474654,-0.039735099,High,Decline,738,,7,2908326.633,14944.97959
509,53033008003,80.03,Census Tract 80.03,Belltown,13.1,2003,2.34,1529,-0.012658228,-0.014184397,High,Decline,402,,7,2122043.711,8720.999421
510,53033008402,84.02,Census Tract 84.02,Capitol Hill,6.2,2003,2.02,1234,-0.014634146,-0.015163607,High,Decline,1187,,40,1565507.715,5220.868487
511,53033007303,73.03,Census Tract 73.03,Cascade/Eastlake,11.3,2003,0,0,0,0,,,0,,0,3374596.393,7984.863522
512,53033010002,100.02,Census Tract 100.02,North Beacon Hill/Jefferson Park,3.6,2003,1.58,987,-0.006289308,-0.007042254,Low,Decline,419,,19,10204645.64,13732.76539
513,53033011902,119.02,Census Tract 119.02,Rainier Beach,4.1,2003,0,0,0,0,,,0,,0,16290813.63,28897.59863
514,53033011802,118.02,Census Tract 118.02,Rainier Beach,4.1,2003,1.07,655,-0.009259259,-0.009077156,Low,Decline,67,,3,12323056.74,17201.54679
515,53033004703,47.03,Census Tract 47.03,Ballard,10.4,2003,1.86,1043,-0.015873016,-0.014177694,Medium,Decline,414,,51,13030918.14,18718.85939
516,53033001000,10,Census Tract 10,Cedar Park/Meadowbrook,8.3,2003,0.99,752,0,-0.009222661,Low,Decline,122,,5,10270271.69,13147.0306
517,53033000403,4.03,Census Tract 4.03,Broadview/Bitter Lake,9.1,2003,1.17,887,-0.016806723,-0.012249443,Low,Decline,409,,11,7881185.923,14097.02669
518,53033003201,32.01,Census Tract 32.01,Sunset Hill/Loyal Heights,10.3,2003,2.06,1326,-0.019047619,-0.0155902,High,Decline,608,,26,11927788.62,32094.50339
519,53033004600,46,Census Tract 46,Green Lake,9.4,2003,1.47,925,-0.013422819,-0.01280683,Low,Decline,65,,7,27829368.76,25514.224
520,53033004702,47.02,Census Tract 47.02,Ballard,10.4,2003,2.06,1237,-0.014354067,-0.015127389,High,Decline,410,,37,2867507.734,6956.449675
521,53033002700,27,Census Tract 27,Green Lake,9.4,2003,1.31,957,-0.015037594,-0.014418126,Low,Decline,257,,21,17058079.28,21942.83528
522,53033001800,18,Census Tract 18,Licton Springs,9.2,2003,1.39,975,-0.014184397,-0.011156187,Low,Decline,583,,56,10182882.27,13946.10003
523,53033005202,52.02,Census Tract 52.02,Wallingford,11.2,2003,1.9,1102,-0.015544041,-0.013428827,Medium,Decline,710,,40,2865193.636,7845.303217
524,53033005303,53.03,Census Tract 53.03,University District,7.2,2003,0,0,0,0,,,0,,0,24349784.49,33904.62137
525,53033004402,44.02,Census Tract 44.02,University District,7.2,2003,1.98,991,-0.014925373,-0.014910537,Medium,Decline,869,,56,3175021.433,7487.979857
526,53033004401,44.01,Census Tract 44.01,University District,7.2,2003,2.13,979,-0.013888889,-0.015090543,Medium,Decline,324,,28,7479571.761,12948.97514
527,53033005307,53.07,Census Tract 53.07,University District,7.2,2003,2.14,907,-0.018348624,-0.015200869,Medium,Decline,345,,18,1399526.48,4758.85069
528,53033004101,41.01,Census Tract 41.01,Laurelhurst/Sand Point,7.5,2003,1.36,888,-0.014492754,-0.016611296,Low,Decline,63,,2,16716852.66,24230.15794
529,53033005402,54.02,Census Tract 54.02,Fremont,11.1,2003,2.08,1281,-0.014218009,-0.014615385,High,Decline,377,,40,4993141.865,10063.79785
530,53033007700,77,Census Tract 77,Central Area/Squire Park,5.3,2003,2.28,1018,-0.008695652,-0.007797271,High,Decline,269,,19,11391208.22,15242.20976
531,53033007502,75.02,Census Tract 75.02,Capitol Hill,6.2,2003,2.12,1260,-0.013953488,-0.015625,High,Decline,901,,57,3400503.555,7403.629293
532,53033007600,76,Census Tract 76,Miller Park,6.4,2003,2.02,1177,-0.009803922,-0.012583893,Medium,Decline,632,,44,6155389.389,9906.368336
533,53033010200,102,Census Tract 102,Seward Park,4.3,2003,1.07,743,-0.009259259,-0.01589404,Low,Decline,76,,4,30129079.21,33439.4694
534,53033010401,104.01,Census Tract 104.01,Beacon Hill,3.5,2003,0,0,0,0,,,0,,0,17543421.03,17342.9302
535,53033010402,104.02,Census Tract 104.02,Beacon Hill,3.5,2003,1.15,872,0,0,Low,Stable,71,,5,18759692.89,18925.04301
536,53033010501,105.01,Census Tract 105.01,West Seattle Junction/Genesee Hill,1.3,2003,1.93,1348,-0.01025641,-0.015339664,High,Decline,280,,12,7986746.715,12490.0968
537,53033010102,101.02,Census Tract 101.02,Columbia City,4.2,2003,0,0,0,0,,,0,,0,17314610.04,22274.17077
538,53033009802,98.02,Census Tract 98.02,West Seattle Junction/Genesee Hill,1.3,2003,2,1183,-0.014778325,-0.01498751,Medium,Decline,195,,17,9927510.523,12982.75493
539,53033009000,90,Census Tract 90,Judkins Park,5.2,2003,1.86,1258,-0.015873016,-0.015649452,Medium,Decline,194,,14,9212173.197,14319.10299
540,53033026400,264,Census Tract 264,South Park,3.1,2003,0,0,0,0,,,0,,0,461382.0486,5763.407674
541,53033001201,12.01,Census Tract 12.01,Northgate/Maple Leaf,8.1,2004,1.43,1022,0.007042254,0.010880317,Low,Significant Rise,1209,High,21,10851861.64,15899.77334
542,53033000404,4.04,Census Tract 4.04,Broadview/Bitter Lake,9.1,2004,1.26,1014,0.008,0.000987167,Low,Significant Rise,454,High,7,6791652.724,12962.55841
543,53033004901,49.01,Census Tract 49.01,Fremont,11.1,2004,1.74,1032,0.011627907,0.010773751,Medium,Significant Rise,977,High,106,5350888.215,9379.655767
544,53033003601,36.01,Census Tract 36.01,Green Lake,9.4,2004,2.05,1170,0.014851485,0.012110727,Medium,Significant Rise,418,High,35,7255879.068,11894.28889
545,53033002800,28,Census Tract 28,Greenwood/Phinney Ridge,9.3,2004,1.55,973,0.013071895,0.010384216,Low,Significant Rise,302,High,32,10637151.82,13201.3113
546,53033003100,31,Census Tract 31,Sunset Hill/Loyal Heights,10.3,2004,1.29,886,0.0078125,0.007963595,Low,Significant Rise,107,High,14,23137464.05,24704.5678
547,53033006400,64,Census Tract 64,Miller Park,6.4,2004,1.72,1452,0.011764706,0.010438413,High,Significant Rise,103,,5,9726351.904,13186.77018
548,53033004301,43.01,Census Tract 43.01,Ravenna/Bryant,7.3,2004,2.56,1653,0.007874016,0.010391198,High,Significant Rise,69,,8,10539780.57,17192.70375
549,53033002500,25,Census Tract 25,Ravenna/Bryant,7.3,2004,0,0,0,0,,,0,,0,10594634.3,16442.96859
550,53033002200,22,Census Tract 22,Wedgwood/View Ridge,7.4,2004,1.9,1617,0.010638298,0.011257036,High,Significant Rise,73,,5,30127208.02,28505.80679
551,53033004000,40,Census Tract 40,Laurelhurst/Sand Point,7.5,2004,1.26,855,0.008,0.0094451,Low,Significant Rise,54,High,2,26374983.68,27560.01384
552,53033005804,58.04,Census Tract 58.04,Interbay,12.2,2004,1.87,1247,0.005376344,0.009716599,Medium,Significant Rise,572,High,34,25124062.74,48668.27224
553,53033006800,68,Census Tract 68,Queen Anne,12.3,2004,2.47,1645,0.012295082,0.011685117,High,Significant Rise,234,,23,7729250.272,11275.37735
554,53033008102,81.02,Census Tract 81.02,Downtown Commercial Core,13.2,2004,3.21,2814,0.015822785,0.015151515,High,Significant Rise,173,,5,5987812.086,14339.99503
555,53033008101,81.01,Census Tract 81.01,Downtown Commercial Core,13.2,2004,1.61,1401,0,0,Medium,Stable,885,,5,2992165.479,11427.14676
556,53033007902,79.02,Census Tract 79.02,Central Area/Squire Park,5.3,2004,1.83,1245,0,0.00160901,Medium,Stable,514,,15,4641637.8,9715.120877
557,53033007302,73.02,Census Tract 73.02,Cascade/Eastlake,11.3,2004,2.62,2117,0.015503876,0.014860978,High,Significant Rise,663,,4,3368769.265,7802.426354
558,53033007101,71.01,Census Tract 71.01,Queen Anne,12.3,2004,2.17,1447,0.009302326,0.009065551,High,Significant Rise,446,,15,5328474.607,9004.947227
559,53033009300,93,Census Tract 93,Duwamish/SODO,3.3,2004,2.03,1455,0.015,0.014644351,High,Significant Rise,261,,10,102171584.8,53946.37345
560,53033010502,105.02,Census Tract 105.02,West Seattle Junction/Genesee Hill,1.3,2004,1.67,1134,0.012121212,0.0125,Medium,Significant Rise,464,High,23,10504351.34,14546.13624
561,53033010001,100.01,Census Tract 100.01,North Beacon Hill/Jefferson Park,3.6,2004,1.83,1161,0.016666667,0.01486014,Medium,Significant Rise,198,High,16,25052474.61,25628.92453
562,53033009801,98.01,Census Tract 98.01,West Seattle Junction/Genesee Hill,1.3,2004,1.99,1333,0.015306122,0.01138088,High,Significant Rise,224,,20,10814248.94,13291.54908
563,53033008900,89,Census Tract 89,Madrona/Leschi,5.1,2004,2.12,1464,0.00952381,0.011049724,High,Significant Rise,234,,15,13690717.17,19328.7464
564,53033026300,263,Census Tract 263,Rainier Beach,4.1,2004,0,0,0,0,,,0,,0,30724.63332,954.0480244
565,53033012000,120,Census Tract 120,Arbor Heights,1.1,2004,0,0,0,0,,,0,,0,15560990.44,16787.97428
566,53033011101,111.01,Census Tract 111.01,Columbia City,4.2,2004,1.79,1183,0.011299435,0.011111111,Medium,Significant Rise,170,High,13,12236718.08,15552.07435
567,53033011001,110.01,Census Tract 110.01,South Beacon Hill/NewHolly,3.4,2004,0,0,0,0,,,0,,0,11629041.07,16287.35531
568,53033010800,108,Census Tract 108,Riverview,2.3,2004,0,0,0,0,,,0,,0,44087445.22,39019.3475
569,53033000800,8,Census Tract 8,Cedar Park/Meadowbrook,8.3,2004,0,0,0,0,,,0,,0,12290810.02,15312.08746
570,53033003400,34,Census Tract 34,Greenwood/Phinney Ridge,9.3,2004,1.11,681,0.018348624,0.010385757,Low,Significant Rise,93,High,9,8472471.715,12629.32293
571,53033005306,53.06,Census Tract 53.06,University District,7.2,2004,1.82,1009,0.011111111,0.011022044,Medium,Significant Rise,435,High,16,2157906.058,5954.872623
572,53033004302,43.02,Census Tract 43.02,Ravenna/Bryant,7.3,2004,2.13,1298,0,0.00154321,High,Stable,981,,60,3564115.67,7987.274419
573,53033002400,24,Census Tract 24,Wedgwood/View Ridge,7.4,2004,0,0,0,0,,,0,,0,10359919.78,13151.71252
574,53033004102,41.02,Census Tract 41.02,Laurelhurst/Sand Point,7.5,2004,1.54,1090,0.01986755,0.018691589,Medium,Significant Rise,623,High,8,17933927.27,23350.80029
575,53033005600,56,Census Tract 56,Magnolia,12.1,2004,0,0,0,0,,,0,,0,32045056.14,29943.50553
576,53033006703,67.03,Census Tract 67.03,Queen Anne,12.3,2004,1.31,1026,0.031496063,0.030120482,Low,Significant Rise,614,High,36,6427171.884,10846.49304
577,53033006100,61,Census Tract 61,Montlake/Portage Bay,7.1,2004,2.1,1220,0.009615385,0.009933775,High,Significant Rise,1026,,81,11959193.74,21477.26483
578,53033005700,57,Census Tract 57,Magnolia,12.1,2004,1.47,1106,0.006849315,0.010968921,Medium,Significant Rise,352,High,28,53305584.43,44506.56554
579,53033005901,59.01,Census Tract 59.01,Queen Anne,12.3,2004,1.6,1035,0.012658228,0.015701668,Medium,Significant Rise,389,High,29,8449086.719,19075.29242
580,53033008401,84.01,Census Tract 84.01,Capitol Hill,6.2,2004,2.31,1478,0.008733624,0.010943912,High,Significant Rise,783,,18,2700766.609,9275.818268
581,53033008300,83,Census Tract 83,First Hill,6.1,2004,1.87,1265,0.010810811,0.012810248,Medium,Significant Rise,867,High,12,2561276.498,8632.134894
582,53033007501,75.01,Census Tract 75.01,Capitol Hill,6.2,2004,2.02,1160,0.015075377,0.013100437,Medium,Significant Rise,1454,High,82,3210519.937,7219.623642
583,53033009702,97.02,Census Tract 97.02,West Seattle Junction/Genesee Hill,1.3,2004,1.65,1067,0.006097561,0.010416667,Medium,Significant Rise,105,High,7,23899907.43,28258.76257
584,53033008800,88,Census Tract 88,Central Area/Squire Park,5.3,2004,2.04,1293,0.00990099,0.010946052,High,Significant Rise,230,,27,10210038.86,13202.52686
585,53033008500,85,Census Tract 85,First Hill,6.1,2004,2.3,1524,0.013215859,0.012624585,High,Significant Rise,884,,18,4854121.319,9025.581615
586,53033026500,265,Census Tract 265,Highland Park,2.5,2004,0,0,0,0,,,0,,0,4617675.483,11234.96478
587,53033011601,116.01,Census Tract 116.01,Fauntleroy/Seaview,1.2,2004,1.04,725,0.019607843,0.016830295,Low,Significant Rise,80,High,6,16710842.89,20011.96599
588,53033011300,113,Census Tract 113,Highland Park,2.5,2004,0.97,788,-0.02020202,-0.017456359,Low,Decline,328,,16,37260682.97,27184.16139
589,53033011500,115,Census Tract 115,Roxhill/Westwood,2.4,2004,1.26,891,0.008,0.011350738,Low,Significant Rise,250,High,12,16558652.75,19887.30894
590,53033010601,106.01,Census Tract 106.01,Fauntleroy/Seaview,1.2,2004,1.66,1019,0.006060606,0.009910803,Medium,Significant Rise,375,High,24,11724162.32,14458.83704
591,53033001202,12.02,Census Tract 12.02,Northgate/Maple Leaf,8.1,2004,1.82,1342,0.011111111,0.010542169,High,Significant Rise,422,,9,8841145.884,13324.99009
592,53033000102,1.02,Census Tract 1.02,Cedar Park/Meadowbrook,8.3,2004,1.56,1130,0.006451613,0.007130125,Medium,Significant Rise,558,High,14,15446821.48,19552.36233
593,53033004701,47.01,Census Tract 47.01,Ballard,10.4,2004,1.94,1350,0.010416667,0.011235955,High,Significant Rise,624,,48,6036028.326,13539.04763
594,53033004500,45,Census Tract 45,Wallingford,11.2,2004,0,0,0,0,,,0,,0,7222109.888,11018.30209
595,53033002900,29,Census Tract 29,Greenwood/Phinney Ridge,9.3,2004,1.51,1081,0.013422819,0.012172285,Medium,Significant Rise,241,High,23,10614791.11,13366.31967
596,53033004201,42.01,Census Tract 42.01,Ravenna/Bryant,7.3,2004,1.29,1148,0.015748031,0.009674582,Low,Significant Rise,178,High,10,13390664.27,18286.14392
597,53033007403,74.03,Census Tract 74.03,Capitol Hill,6.2,2004,1.96,1162,0.015544041,0.012195122,Medium,Significant Rise,1007,High,49,1276089.069,5227.495287
598,53033007002,70.02,Census Tract 70.02,Queen Anne,12.3,2004,1.9,1228,0.010638298,0.010699588,Medium,Significant Rise,1561,High,76,4746869.846,9490.799057
599,53033005803,58.03,Census Tract 58.03,Interbay,12.2,2004,1.36,986,0.007407407,0.012320329,Low,Significant Rise,323,High,29,8956173.425,17129.19881
600,53033005902,59.02,Census Tract 59.02,Queen Anne,12.3,2004,1.42,1093,0.007092199,0.010166359,Low,Significant Rise,103,High,10,11010649.89,15184.22057
601,53033004902,49.02,Census Tract 49.02,Fremont,11.1,2004,1.95,1139,0.020942408,0.017873101,Medium,Significant Rise,863,High,65,6448262.34,10801.73149
602,53033005801,58.01,Census Tract 58.01,Interbay,12.2,2004,1.45,1276,0,0,Medium,Stable,1036,,43,19618424.24,25500.01395
603,53033007406,74.06,Census Tract 74.06,Capitol Hill,6.2,2004,1.95,1017,0.010362694,0.010934394,Medium,Significant Rise,1078,High,41,1623443.827,6764.477241
604,53033007405,74.05,Census Tract 74.05,Capitol Hill,6.2,2004,1.94,1060,0.010416667,0.00952381,Medium,Significant Rise,1203,High,46,1418974.042,5012.79869
605,53033009701,97.01,Census Tract 97.01,Alki/Admiral,1.4,2004,1.43,1199,0.007042254,0.01010952,Medium,Significant Rise,395,High,35,19291172.12,29764.00034
606,53033009600,96,Census Tract 96,Alki/Admiral,1.4,2004,1.38,1121,0.00729927,0.010820559,Low,Significant Rise,432,High,32,19741501.65,20745.406
607,53033008700,87,Census Tract 87,Central Area/Squire Park,5.3,2004,1.83,1059,0.016666667,0.014367816,Medium,Significant Rise,485,High,39,7883013.17,11432.38421
608,53033011402,114.02,Census Tract 114.02,Roxhill/Westwood,2.4,2004,1.57,947,0.006410256,0.011752137,Low,Significant Rise,405,High,23,12779277.86,17351.05501
609,53033011200,112,Census Tract 112,South Park,3.1,2004,0.91,556,0.011111111,0.012750455,Low,Significant Rise,175,High,15,26463890.03,27002.33758
610,53033010900,109,Census Tract 109,Georgetown,3.2,2004,1.73,864,0.017647059,0.014084507,Low,Significant Rise,137,High,13,51677122.71,44978.75384
611,53033011002,110.02,Census Tract 110.02,South Beacon Hill/NewHolly,3.4,2004,0,0,0,0,,,0,,0,18508908.46,22511.12676
612,53033011102,111.02,Census Tract 111.02,Seward Park,4.3,2004,1.02,711,0.00990099,0.011379801,Low,Significant Rise,450,High,22,13970026.69,20411.17006
613,53033010702,107.02,Census Tract 107.02,High Point,2.2,2004,0,0,0,0,,,0,,0,8396926.793,14935.93024
614,53033001100,11,Census Tract 11,Olympic Hills/Victory Heights,8.2,2004,0.9,680,0.011235955,0.010401189,Low,Significant Rise,188,High,11,11416399.59,14159.12735
615,53033000700,7,Census Tract 7,Olympic Hills/Victory Heights,8.2,2004,1.31,934,0.015503876,0.014115092,Low,Significant Rise,810,High,54,13932242.39,16134.02991
616,53033000202,2.02,Census Tract 2.02,Olympic Hills/Victory Heights,8.2,2004,1.14,910,0.008849558,0.011111111,Low,Significant Rise,187,High,6,15930118.49,17285.82737
617,53033000101,1.01,Census Tract 1.01,Cedar Park/Meadowbrook,8.3,2004,1.2,858,0.016949153,0.015384615,Low,Significant Rise,1032,High,34,4465058.881,8662.074215
618,53033003301,33.01,Census Tract 33.01,Whittier Heights,10.2,2004,1.81,1090,0.011173184,0.011131725,Medium,Significant Rise,525,High,58,7202858.493,11177.18133
619,53033003602,36.02,Census Tract 36.02,Green Lake,9.4,2004,2.05,1195,0.009852217,0.010998308,High,Significant Rise,558,,42,5621886.085,11471.09438
620,53033001900,19,Census Tract 19,Northgate/Maple Leaf,8.1,2004,1.71,1263,0.01183432,0.0104,Medium,Significant Rise,129,High,8,17945171.52,18948.48127
621,53033001702,17.02,Census Tract 17.02,Greenwood/Phinney Ridge,9.3,2004,0,0,0,0,,,0,,0,13779275.76,17476.40751
622,53033006500,65,Census Tract 65,North Capitol Hill,6.3,2004,1.83,1215,0.011049724,0.013344454,Medium,Significant Rise,1017,High,76,12352257.76,17921.50133
623,53033006200,62,Census Tract 62,Montlake/Portage Bay,7.1,2004,0,0,0,0,,,0,,0,24610619.74,40010.59926
624,53033005305,53.05,Census Tract 53.05,University District,7.2,2004,1.98,958,0.010204082,0.010548523,Medium,Significant Rise,1174,High,46,2292236.616,6048.609222
625,53033002600,26,Census Tract 26,Ravenna/Bryant,7.3,2004,2.02,1257,0.01,0.013709677,High,Significant Rise,191,,5,13398040.18,15933.9379
626,53033002000,20,Census Tract 20,Northgate/Maple Leaf,8.1,2004,1.34,1004,0.007518797,0.010060362,Low,Significant Rise,206,High,9,12183878.82,15509.54571
627,53033006300,63,Census Tract 63,Madison Park,6.5,2004,1.45,1107,0.006944444,0.010958904,Low,Significant Rise,578,High,20,27750333.4,36285.84892
628,53033006600,66,Census Tract 66,Cascade/Eastlake,11.3,2004,1.78,1184,0.011363636,0.01283148,Medium,Significant Rise,1167,High,81,11110296.85,21995.1063
629,53033006900,69,Census Tract 69,Queen Anne,12.3,2004,1.55,1021,0.013071895,0.010891089,Low,Significant Rise,468,High,34,9742176.65,15666.54395
630,53033006000,60,Census Tract 60,Queen Anne,12.3,2004,1.86,1368,0.010869565,0.011086475,High,Significant Rise,668,,55,14158764.71,19123.03263
631,53033005201,52.01,Census Tract 52.01,Wallingford,11.2,2004,2.22,1023,0.009090909,0.00887574,Medium,Significant Rise,286,High,20,7536632.481,14175.92406
632,53033005000,50,Census Tract 50,Wallingford,11.2,2004,1.94,1217,0.010416667,0.010797342,Medium,Significant Rise,749,High,60,8151942.295,11560.14801
633,53033008600,86,Census Tract 86,First Hill,6.1,2004,2.11,1148,0.004761905,0.007017544,High,Significant Rise,1068,,46,7656616.626,11640.72061
634,53033008002,80.02,Census Tract 80.02,Belltown,13.1,2004,2.45,1745,0.01659751,0.015125073,High,Significant Rise,1131,,14,2522029.808,7998.382466
635,53033007901,79.01,Census Tract 79.01,Central Area/Squire Park,5.3,2004,1.84,1178,0.005464481,0.003407155,Medium,Significant Rise,789,High,46,2876299.502,7879.404339
636,53033007202,72.02,Census Tract 72.02,Cascade/Eastlake,11.3,2004,2.39,1767,0.012711864,0.01435132,High,Significant Rise,559,,10,3020075.663,7591.701883
637,53033007301,73.01,Census Tract 73.01,Cascade/Eastlake,11.3,2004,2.15,1513,0.009389671,0.011363636,High,Significant Rise,274,,6,2699344.108,7422.610693
638,53033010302,103.02,Census Tract 103.02,Columbia City,4.2,2004,1.98,1388,0.010204082,0.012399708,High,Significant Rise,259,,17,6804418.751,11267.2532
639,53033009100,91,Census Tract 91,Pioneer Square/International District,13.3,2004,2.08,1320,0.014634146,0.010719755,High,Significant Rise,747,,13,4419685.266,10608.38541
640,53033009200,92,Census Tract 92,Pioneer Square/International District,13.3,2004,2.06,1220,0.014778325,0.013289037,High,Significant Rise,321,,10,3456088.55,12687.12119
641,53033011700,117,Census Tract 117,South Beacon Hill/NewHolly,3.4,2004,0,0,0,0,,,0,,0,37826036.26,29439.62674
642,53033000500,5,Census Tract 5,Broadview/Bitter Lake,9.1,2004,0,0,0,0,,,0,,0,30294741.05,27094.56678
643,53033000601,6.01,Census Tract 6.01,Haller Lake,9.5,2004,1.19,843,0,0.005966587,Low,Rise,600,Medium,16,15404952.58,20078.95648
644,53033003500,35,Census Tract 35,Greenwood/Phinney Ridge,9.3,2004,1.89,948,0.010695187,0.010660981,Medium,Significant Rise,259,High,21,13828061.67,16634.34896
645,53033001500,15,Census Tract 15,North Beach/Blue Ridge,10.1,2004,0.74,863,0,0.010538642,Low,Significant Rise,59,High,4,12300447.06,13960.37955
646,53033001400,14,Census Tract 14,North Beach/Blue Ridge,10.1,2004,1.24,1003,0.008130081,0.010070493,Low,Significant Rise,433,High,21,23073388.66,30536.33745
647,53033001300,13,Census Tract 13,Licton Springs,9.2,2004,1.33,831,0.015267176,0.012180268,Low,Significant Rise,823,High,67,12710036.99,14881.08705
648,53033003800,38,Census Tract 38,Ravenna/Bryant,7.3,2004,2.31,1181,0.013157895,0.010265184,High,Significant Rise,159,,6,6722791.394,10392.53155
649,53033007001,70.01,Census Tract 70.01,Queen Anne,12.3,2004,1.75,1041,0.011560694,0.010679612,Medium,Significant Rise,1374,High,50,3856290.05,9530.302569
650,53033004800,48,Census Tract 48,Fremont,11.1,2004,1.92,1150,0.010526316,0.011433597,Medium,Significant Rise,216,High,25,13833886.82,18822.23657
651,53033005100,51,Census Tract 51,Wallingford,11.2,2004,2.57,1122,0.011811024,0.010810811,High,Significant Rise,248,,22,9490350.153,13462.59155
652,53033008200,82,Census Tract 82,First Hill,6.1,2004,2.32,1765,0.01754386,0.015535098,High,Significant Rise,810,,11,4044773.826,9102.140341
653,53033010101,101.01,Census Tract 101.01,Columbia City,4.2,2004,2.08,1115,0.009708738,0.01087942,Medium,Significant Rise,177,High,8,9381810.131,15311.65671
654,53033012100,121,Census Tract 121,Arbor Heights,1.1,2004,0,0,0,0,,,0,,0,18538900.93,25983.61624
655,53033011901,119.01,Census Tract 119.01,Rainier Beach,4.1,2004,0,0,0,0,,,0,,0,18097640.74,20485.64554
656,53033000602,6.02,Census Tract 6.02,Haller Lake,9.5,2004,1.07,919,0,-0.002171553,Low,Decline,326,,8,25947507.86,23221.70475
657,53033000201,2.01,Census Tract 2.01,Olympic Hills/Victory Heights,8.2,2004,1.06,867,0.019230769,0.011668611,Low,Significant Rise,836,High,12,19446176.32,18651.57808
658,53033003302,33.02,Census Tract 33.02,Whittier Heights,10.2,2004,1.54,1013,0.013157895,0.013,Low,Significant Rise,452,High,52,6749336.486,10550.81793
659,53033005304,53.04,Census Tract 53.04,University District,7.2,2004,0,0,0,0,,,0,,0,786047.0981,4083.126066
660,53033004202,42.02,Census Tract 42.02,Ravenna/Bryant,7.3,2004,2.16,1495,0.009345794,0.01081812,High,Significant Rise,54,,5,13141688.45,15651.66637
661,53033007404,74.04,Census Tract 74.04,Capitol Hill,6.2,2004,1.88,1102,0.010752688,0.010082493,Medium,Significant Rise,1177,High,61,1654579.828,5775.699987
662,53033006701,67.01,Census Tract 67.01,Queen Anne,12.3,2004,2.35,1749,0.004273504,0.00401837,High,Significant Rise,561,,14,3639833.178,12143.77924
663,53033007800,78,Census Tract 78,Madrona/Leschi,5.1,2004,1.56,1207,0.012987013,0.010887772,Medium,Significant Rise,79,High,5,22245158.16,28746.37352
664,53033007503,75.03,Census Tract 75.03,Capitol Hill,6.2,2004,2.34,1499,0.012987013,0.010788941,High,Significant Rise,333,,14,2018614.368,6484.389482
665,53033007201,72.01,Census Tract 72.01,Cascade/Eastlake,11.3,2004,2.09,1397,0.004807692,0.004313444,High,Significant Rise,1675,,12,1622558.9,5873.216511
666,53033007203,72.03,Census Tract 72.03,Cascade/Eastlake,11.3,2004,2.65,1885,0.011450382,0.011266094,High,Significant Rise,162,,7,6238804.943,12493.9648
667,53033010301,103.01,Census Tract 103.01,Columbia City,4.2,2004,1.23,1073,0.016528926,0.010357815,Low,Significant Rise,52,High,4,10792262.46,16924.36851
668,53033009900,99,Census Tract 99,North Delridge,2.1,2004,1.72,1005,0.005847953,0.011066398,Medium,Significant Rise,464,High,16,70254374.71,64633.66158
669,53033009500,95,Census Tract 95,Mt. Baker/North Rainier,4.4,2004,2.01,947,0.010050251,0.009594883,Medium,Significant Rise,140,High,12,27424305.67,29618.2113
670,53033009400,94,Census Tract 94,North Beacon Hill/Jefferson Park,3.6,2004,2.2,1258,0.009174312,0.010441767,High,Significant Rise,509,,52,18150625.68,18874.58318
671,53033011801,118.01,Census Tract 118.01,Rainier Beach,4.1,2004,1.15,815,0.00877193,0.009913259,Low,Significant Rise,269,High,13,12671173.51,15849.81354
672,53033011602,116.02,Census Tract 116.02,Fauntleroy/Seaview,1.2,2004,1.18,822,0.008547009,0.011070111,Low,Significant Rise,113,High,13,16924173.23,24704.04057
673,53033011401,114.01,Census Tract 114.01,Roxhill/Westwood,2.4,2004,1.17,1021,0.017391304,0.009891197,Low,Significant Rise,565,High,6,13273369.14,17478.05916
674,53033010701,107.01,Census Tract 107.01,High Point,2.2,2004,0.93,788,0.010869565,0.006385696,Low,Significant Rise,199,High,4,15726285.72,21302.36518
675,53033010602,106.02,Census Tract 106.02,Fauntleroy/Seaview,1.2,2004,1.3,861,0.015625,0.01056338,Low,Significant Rise,317,High,20,15462014.06,23774.94714
676,53033000900,9,Census Tract 9,Cedar Park/Meadowbrook,8.3,2004,0,0,0,0,,,0,,0,10031158.89,20828.1662
677,53033000402,4.02,Census Tract 4.02,Broadview/Bitter Lake,9.1,2004,1.26,851,0.008,0.010688836,Low,Significant Rise,485,High,28,19362220.52,21397.1753
678,53033000300,3,Census Tract 3,Haller Lake,9.5,2004,1.02,774,0.00990099,0.010443864,Low,Significant Rise,83,High,7,13033864.6,17298.02954
679,53033003202,32.02,Census Tract 32.02,Sunset Hill/Loyal Heights,10.3,2004,1.75,1186,0.011560694,0.011082694,Medium,Significant Rise,345,High,34,10289818.46,12945.39486
680,53033003000,30,Census Tract 30,Whittier Heights,10.2,2004,1.77,1108,0.011428571,0.010027347,Medium,Significant Rise,170,High,22,16072222.01,16061.94762
681,53033001701,17.01,Census Tract 17.01,Greenwood/Phinney Ridge,9.3,2004,2.11,1324,0.014423077,0.011459129,High,Significant Rise,509,,27,9609026.085,17164.45478
682,53033001600,16,Census Tract 16,North Beach/Blue Ridge,10.1,2004,2.23,1336,0.009049774,0.010590015,High,Significant Rise,143,,11,20575392.71,23147.64598
683,53033002100,21,Census Tract 21,Wedgwood/View Ridge,7.4,2004,2.44,958,0.012448133,0.009483667,High,Significant Rise,188,,16,14696796.74,16139.92186
684,53033003900,39,Census Tract 39,Wedgwood/View Ridge,7.4,2004,1.28,873,0.015873016,0.010416667,Low,Significant Rise,108,High,8,10481334.98,13200.90921
685,53033007102,71.02,Census Tract 71.02,Queen Anne,12.3,2004,2.51,1625,0.024489796,0.021370207,High,Significant Rise,724,,21,3615500.898,11499.94075
686,53033006702,67.02,Census Tract 67.02,Queen Anne,12.3,2004,2.35,1605,0.012931034,0.012618297,High,Significant Rise,388,,31,3280147.995,8593.864905
687,53033005401,54.01,Census Tract 54.01,Fremont,11.1,2004,2.14,1378,0.014218009,0.011005136,High,Significant Rise,375,,32,7892270.588,19740.10787
688,53033008004,80.04,Census Tract 80.04,Belltown,13.1,2004,2.09,1602,0.004807692,0.004388715,High,Significant Rise,738,,7,2908326.633,14944.97959
689,53033008003,80.03,Census Tract 80.03,Belltown,13.1,2004,2.37,1547,0.012820513,0.0117724,High,Significant Rise,402,,7,2122043.711,8720.999421
690,53033008402,84.02,Census Tract 84.02,Capitol Hill,6.2,2004,2.04,1247,0.00990099,0.010534846,High,Significant Rise,1187,,40,1565507.715,5220.868487
691,53033007303,73.03,Census Tract 73.03,Cascade/Eastlake,11.3,2004,0,0,0,0,,,0,,0,3374596.393,7984.863522
692,53033010002,100.02,Census Tract 100.02,North Beacon Hill/Jefferson Park,3.6,2004,1.6,1001,0.012658228,0.014184397,Low,Significant Rise,419,High,19,10204645.64,13732.76539
693,53033011902,119.02,Census Tract 119.02,Rainier Beach,4.1,2004,0,0,0,0,,,0,,0,16290813.63,28897.59863
694,53033011802,118.02,Census Tract 118.02,Rainier Beach,4.1,2004,1.09,664,0.018691589,0.013740458,Low,Significant Rise,67,High,3,12323056.74,17201.54679
695,53033004703,47.03,Census Tract 47.03,Ballard,10.4,2004,1.88,1054,0.010752688,0.0105465,Medium,Significant Rise,414,High,51,13030918.14,18718.85939
696,53033001000,10,Census Tract 10,Cedar Park/Meadowbrook,8.3,2004,0.99,759,0,0.009308511,Low,Significant Rise,122,High,5,10270271.69,13147.0306
697,53033000403,4.03,Census Tract 4.03,Broadview/Bitter Lake,9.1,2004,1.19,896,0.017094017,0.010146561,Low,Significant Rise,409,High,11,7881185.923,14097.02669
698,53033003201,32.01,Census Tract 32.01,Sunset Hill/Loyal Heights,10.3,2004,2.08,1339,0.009708738,0.009803922,High,Significant Rise,608,,26,11927788.62,32094.50339
699,53033004600,46,Census Tract 46,Green Lake,9.4,2004,1.49,936,0.013605442,0.011891892,Low,Significant Rise,65,High,7,27829368.76,25514.224
700,53033004702,47.02,Census Tract 47.02,Ballard,10.4,2004,2.08,1250,0.009708738,0.010509297,High,Significant Rise,410,,37,2867507.734,6956.449675
701,53033002700,27,Census Tract 27,Green Lake,9.4,2004,1.33,967,0.015267176,0.010449321,Low,Significant Rise,257,High,21,17058079.28,21942.83528
702,53033001800,18,Census Tract 18,Licton Springs,9.2,2004,1.41,987,0.014388489,0.012307692,Low,Significant Rise,583,High,56,10182882.27,13946.10003
703,53033005202,52.02,Census Tract 52.02,Wallingford,11.2,2004,1.92,1114,0.010526316,0.010889292,Medium,Significant Rise,734,High,41,2865193.636,7845.303217
704,53033005303,53.03,Census Tract 53.03,University District,7.2,2004,0,0,0,0,,,0,,0,24349784.49,33904.62137
705,53033004402,44.02,Census Tract 44.02,University District,7.2,2004,2,1001,0.01010101,0.010090817,Medium,Significant Rise,885,High,57,3175021.433,7487.979857
706,53033004401,44.01,Census Tract 44.01,University District,7.2,2004,2.15,989,0.009389671,0.010214505,Medium,Significant Rise,324,High,28,7479571.761,12948.97514
707,53033005307,53.07,Census Tract 53.07,University District,7.2,2004,2.17,916,0.014018692,0.009922822,Medium,Significant Rise,345,High,18,1399526.48,4758.85069
708,53033004101,41.01,Census Tract 41.01,Laurelhurst/Sand Point,7.5,2004,1.37,899,0.007352941,0.012387387,Low,Significant Rise,63,High,2,16716852.66,24230.15794
709,53033005402,54.02,Census Tract 54.02,Fremont,11.1,2004,2.1,1295,0.009615385,0.010928962,High,Significant Rise,377,,40,4993141.865,10063.79785
710,53033007700,77,Census Tract 77,Central Area/Squire Park,5.3,2004,2.3,1029,0.00877193,0.010805501,High,Significant Rise,269,,19,11391208.22,15242.20976
711,53033007502,75.02,Census Tract 75.02,Capitol Hill,6.2,2004,2.15,1276,0.014150943,0.012698413,High,Significant Rise,901,,57,3400503.555,7403.629293
712,53033007600,76,Census Tract 76,Miller Park,6.4,2004,2.04,1189,0.00990099,0.010195412,Medium,Significant Rise,682,High,46,6155389.389,9906.368336
713,53033010200,102,Census Tract 102,Seward Park,4.3,2004,1.08,751,0.009345794,0.01076716,Low,Significant Rise,76,High,4,30129079.21,33439.4694
714,53033010401,104.01,Census Tract 104.01,Beacon Hill,3.5,2004,0,0,0,0,,,0,,0,17543421.03,17342.9302
715,53033010402,104.02,Census Tract 104.02,Beacon Hill,3.5,2004,1.16,881,0.008695652,0.010321101,Low,Significant Rise,71,High,5,18759692.89,18925.04301
716,53033010501,105.01,Census Tract 105.01,West Seattle Junction/Genesee Hill,1.3,2004,1.95,1363,0.010362694,0.011127596,High,Significant Rise,280,,12,7986746.715,12490.0968
717,53033010102,101.02,Census Tract 101.02,Columbia City,4.2,2004,0,0,0,0,,,0,,0,17314610.04,22274.17077
718,53033009802,98.02,Census Tract 98.02,West Seattle Junction/Genesee Hill,1.3,2004,2.02,1196,0.01,0.010989011,Medium,Significant Rise,195,High,17,9927510.523,12982.75493
719,53033009000,90,Census Tract 90,Judkins Park,5.2,2004,1.88,1272,0.010752688,0.011128776,Medium,Significant Rise,194,High,14,9212173.197,14319.10299
720,53033026400,264,Census Tract 264,South Park,3.1,2004,0,0,0,0,,,0,,0,461382.0486,5763.407674
721,53033001201,12.01,Census Tract 12.01,Northgate/Maple Leaf,8.1,2005,1.49,1061,0.041958042,0.03816047,Low,Stable,1209,,21,10851861.64,15899.77334
722,53033000404,4.04,Census Tract 4.04,Broadview/Bitter Lake,9.1,2005,1.3,1050,0.031746032,0.035502959,Low,Stable,454,,7,6791652.724,12962.55841
723,53033004901,49.01,Census Tract 49.01,Fremont,11.1,2005,1.8,1066,0.034482759,0.032945736,Medium,Stable,983,,107,5350888.215,9379.655767
724,53033003601,36.01,Census Tract 36.01,Green Lake,9.4,2005,2.11,1204,0.029268293,0.029059829,Medium,Stable,418,,35,7255879.068,11894.28889
725,53033002800,28,Census Tract 28,Greenwood/Phinney Ridge,9.3,2005,1.6,1004,0.032258065,0.031860226,Low,Stable,302,,32,10637151.82,13201.3113
726,53033003100,31,Census Tract 31,Sunset Hill/Loyal Heights,10.3,2005,1.32,909,0.023255814,0.025959368,Low,Stable,107,,14,23137464.05,24704.5678
727,53033006400,64,Census Tract 64,Miller Park,6.4,2005,1.78,1502,0.034883721,0.034435262,High,Stable,103,,5,9726351.904,13186.77018
728,53033004301,43.01,Census Tract 43.01,Ravenna/Bryant,7.3,2005,2.66,1711,0.0390625,0.035087719,High,Stable,69,,8,10539780.57,17192.70375
729,53033002500,25,Census Tract 25,Ravenna/Bryant,7.3,2005,0,0,0,0,,,0,,0,10594634.3,16442.96859
730,53033002200,22,Census Tract 22,Wedgwood/View Ridge,7.4,2005,1.96,1672,0.031578947,0.034013605,High,Stable,73,,5,30127208.02,28505.80679
731,53033004000,40,Census Tract 40,Laurelhurst/Sand Point,7.5,2005,1.31,885,0.03968254,0.035087719,Low,Stable,54,,2,26374983.68,27560.01384
732,53033005804,58.04,Census Tract 58.04,Interbay,12.2,2005,1.94,1291,0.037433155,0.035284683,Medium,Stable,572,,34,25124062.74,48668.27224
733,53033006800,68,Census Tract 68,Queen Anne,12.3,2005,2.55,1698,0.032388664,0.032218845,High,Stable,298,,25,7729250.272,11275.37735
734,53033008102,81.02,Census Tract 81.02,Downtown Commercial Core,13.2,2005,3.28,2878,0.021806854,0.022743426,High,Stable,173,,5,5987812.086,14339.99503
735,53033008101,81.01,Census Tract 81.01,Downtown Commercial Core,13.2,2005,1.65,1441,0.02484472,0.028551035,Medium,Stable,885,,5,2992165.479,11427.14676
736,53033007902,79.02,Census Tract 79.02,Central Area/Squire Park,5.3,2005,1.92,1308,0.049180328,0.05060241,Medium,Rise,514,Medium,15,4641637.8,9715.120877
737,53033007302,73.02,Census Tract 73.02,Cascade/Eastlake,11.3,2005,2.68,2168,0.022900763,0.024090694,High,Stable,663,,4,3368769.265,7802.426354
738,53033007101,71.01,Census Tract 71.01,Queen Anne,12.3,2005,2.25,1498,0.036866359,0.035245335,High,Stable,446,,15,5328474.607,9004.947227
739,53033009300,93,Census Tract 93,Duwamish/SODO,3.3,2005,2.08,1491,0.024630542,0.024742268,High,Stable,268,,11,102171584.8,53946.37345
740,53033010502,105.02,Census Tract 105.02,West Seattle Junction/Genesee Hill,1.3,2005,1.73,1172,0.035928144,0.0335097,Medium,Stable,464,,23,10504351.34,14546.13624
741,53033010001,100.01,Census Tract 100.01,North Beacon Hill/Jefferson Park,3.6,2005,1.87,1191,0.021857923,0.025839793,Medium,Stable,198,,16,25052474.61,25628.92453
742,53033009801,98.01,Census Tract 98.01,West Seattle Junction/Genesee Hill,1.3,2005,2.05,1378,0.030150754,0.03375844,High,Stable,224,,20,10814248.94,13291.54908
743,53033008900,89,Census Tract 89,Madrona/Leschi,5.1,2005,2.2,1514,0.037735849,0.034153005,High,Stable,234,,15,13690717.17,19328.7464
744,53033026300,263,Census Tract 263,Rainier Beach,4.1,2005,0,0,0,0,,,0,,0,30724.63332,954.0480244
745,53033012000,120,Census Tract 120,Arbor Heights,1.1,2005,0,0,0,0,,,0,,0,15560990.44,16787.97428
746,53033011101,111.01,Census Tract 111.01,Columbia City,4.2,2005,1.85,1224,0.033519553,0.03465765,Medium,Stable,170,,13,12236718.08,15552.07435
747,53033011001,110.01,Census Tract 110.01,South Beacon Hill/NewHolly,3.4,2005,0,0,0,0,,,0,,0,11629041.07,16287.35531
748,53033010800,108,Census Tract 108,Riverview,2.3,2005,0,0,0,0,,,0,,0,44087445.22,39019.3475
749,53033000800,8,Census Tract 8,Cedar Park/Meadowbrook,8.3,2005,0,0,0,0,,,0,,0,12290810.02,15312.08746
750,53033003400,34,Census Tract 34,Greenwood/Phinney Ridge,9.3,2005,1.14,705,0.027027027,0.035242291,Low,Stable,93,,9,8472471.715,12629.32293
751,53033005306,53.06,Census Tract 53.06,University District,7.2,2005,1.88,1044,0.032967033,0.03468781,Medium,Stable,530,,17,2157906.058,5954.872623
752,53033004302,43.02,Census Tract 43.02,Ravenna/Bryant,7.3,2005,2.23,1360,0.046948357,0.047765794,High,Rise,981,,60,3564115.67,7987.274419
753,53033002400,24,Census Tract 24,Wedgwood/View Ridge,7.4,2005,0,0,0,0,,,0,,0,10359919.78,13151.71252
754,53033004102,41.02,Census Tract 41.02,Laurelhurst/Sand Point,7.5,2005,1.59,1128,0.032467532,0.034862385,Medium,Stable,623,,8,17933927.27,23350.80029
755,53033005600,56,Census Tract 56,Magnolia,12.1,2005,0,0,0,0,,,0,,0,32045056.14,29943.50553
756,53033006703,67.03,Census Tract 67.03,Queen Anne,12.3,2005,1.36,1060,0.038167939,0.033138402,Low,Stable,614,,36,6427171.884,10846.49304
757,53033006100,61,Census Tract 61,Montlake/Portage Bay,7.1,2005,2.17,1262,0.033333333,0.03442623,High,Stable,1026,,81,11959193.74,21477.26483
758,53033005700,57,Census Tract 57,Magnolia,12.1,2005,1.51,1137,0.027210884,0.028028933,Medium,Stable,352,,28,53305584.43,44506.56554
759,53033005901,59.01,Census Tract 59.01,Queen Anne,12.3,2005,1.62,1049,0.0125,0.01352657,Low,Stable,389,,29,8449086.719,19075.29242
760,53033008401,84.01,Census Tract 84.01,Capitol Hill,6.2,2005,2.39,1525,0.034632035,0.031799729,High,Stable,783,,18,2700766.609,9275.818268
761,53033008300,83,Census Tract 83,First Hill,6.1,2005,1.94,1311,0.037433155,0.036363636,Medium,Stable,867,,12,2561276.498,8632.134894
762,53033007501,75.01,Census Tract 75.01,Capitol Hill,6.2,2005,2.07,1193,0.024752475,0.028448276,Medium,Stable,1454,,82,3210519.937,7219.623642
763,53033009702,97.02,Census Tract 97.02,West Seattle Junction/Genesee Hill,1.3,2005,1.71,1104,0.036363636,0.034676664,Medium,Stable,105,,7,23899907.43,28258.76257
764,53033008800,88,Census Tract 88,Central Area/Squire Park,5.3,2005,2.11,1337,0.034313725,0.034029389,High,Stable,230,,27,10210038.86,13202.52686
765,53033008500,85,Census Tract 85,First Hill,6.1,2005,2.38,1578,0.034782609,0.035433071,High,Stable,884,,18,4854121.319,9025.581615
766,53033026500,265,Census Tract 265,Highland Park,2.5,2005,0,0,0,0,,,0,,0,4617675.483,11234.96478
767,53033011601,116.01,Census Tract 116.01,Fauntleroy/Seaview,1.2,2005,1.08,749,0.038461538,0.033103448,Low,Stable,80,,6,16710842.89,20011.96599
768,53033011300,113,Census Tract 113,Highland Park,2.5,2005,1.01,817,0.041237113,0.03680203,Low,Stable,328,,16,37260682.97,27184.16139
769,53033011500,115,Census Tract 115,Roxhill/Westwood,2.4,2005,1.3,920,0.031746032,0.032547699,Low,Stable,250,,12,16558652.75,19887.30894
770,53033010601,106.01,Census Tract 106.01,Fauntleroy/Seaview,1.2,2005,1.72,1053,0.036144578,0.033366045,Medium,Stable,375,,24,11724162.32,14458.83704
771,53033001202,12.02,Census Tract 12.02,Northgate/Maple Leaf,8.1,2005,1.89,1388,0.038461538,0.034277198,High,Stable,422,,9,8841145.884,13324.99009
772,53033000102,1.02,Census Tract 1.02,Cedar Park/Meadowbrook,8.3,2005,1.59,1158,0.019230769,0.024778761,Medium,Stable,558,,14,15446821.48,19552.36233
773,53033004701,47.01,Census Tract 47.01,Ballard,10.4,2005,2.01,1396,0.036082474,0.034074074,High,Stable,624,,48,6036028.326,13539.04763
774,53033004500,45,Census Tract 45,Wallingford,11.2,2005,0,0,0,0,,,0,,0,7222109.888,11018.30209
775,53033002900,29,Census Tract 29,Greenwood/Phinney Ridge,9.3,2005,1.56,1118,0.033112583,0.034227567,Medium,Stable,248,,24,10614791.11,13366.31967
776,53033004201,42.01,Census Tract 42.01,Ravenna/Bryant,7.3,2005,1.33,1184,0.031007752,0.031358885,Low,Stable,178,,10,13390664.27,18286.14392
777,53033007403,74.03,Census Tract 74.03,Capitol Hill,6.2,2005,2.03,1202,0.035714286,0.034423408,Medium,Stable,1007,,49,1276089.069,5227.495287
778,53033007002,70.02,Census Tract 70.02,Queen Anne,12.3,2005,1.96,1270,0.031578947,0.034201954,Medium,Stable,1561,,76,4746869.846,9490.799057
779,53033005803,58.03,Census Tract 58.03,Interbay,12.2,2005,1.4,1010,0.029411765,0.024340771,Low,Stable,323,,29,8956173.425,17129.19881
780,53033005902,59.02,Census Tract 59.02,Queen Anne,12.3,2005,1.47,1130,0.035211268,0.033851784,Low,Stable,103,,10,11010649.89,15184.22057
781,53033004902,49.02,Census Tract 49.02,Fremont,11.1,2005,2.01,1176,0.030769231,0.032484636,Medium,Stable,863,,65,6448262.34,10801.73149
782,53033005801,58.01,Census Tract 58.01,Interbay,12.2,2005,1.47,1294,0.013793103,0.014106583,Medium,Stable,1036,,43,19618424.24,25500.01395
783,53033007406,74.06,Census Tract 74.06,Capitol Hill,6.2,2005,2.01,1050,0.030769231,0.032448378,Medium,Stable,1078,,41,1623443.827,6764.477241
784,53033007405,74.05,Census Tract 74.05,Capitol Hill,6.2,2005,2,1095,0.030927835,0.033018868,Medium,Stable,1203,,46,1418974.042,5012.79869
785,53033009701,97.01,Census Tract 97.01,Alki/Admiral,1.4,2005,1.48,1238,0.034965035,0.032527106,Medium,Stable,395,,35,19291172.12,29764.00034
786,53033009600,96,Census Tract 96,Alki/Admiral,1.4,2005,1.43,1159,0.036231884,0.033898305,Low,Stable,427,,31,19741501.65,20745.406
787,53033008700,87,Census Tract 87,Central Area/Squire Park,5.3,2005,1.89,1094,0.032786885,0.033050047,Medium,Stable,485,,39,7883013.17,11432.38421
788,53033011402,114.02,Census Tract 114.02,Roxhill/Westwood,2.4,2005,1.62,977,0.031847134,0.031678986,Low,Stable,405,,23,12779277.86,17351.05501
789,53033011200,112,Census Tract 112,South Park,3.1,2005,0.94,572,0.032967033,0.028776978,Low,Stable,175,,15,26463890.03,27002.33758
790,53033010900,109,Census Tract 109,Georgetown,3.2,2005,1.79,894,0.034682081,0.034722222,Low,Stable,137,,13,51677122.71,44978.75384
791,53033011002,110.02,Census Tract 110.02,South Beacon Hill/NewHolly,3.4,2005,0,0,0,0,,,0,,0,18508908.46,22511.12676
792,53033011102,111.02,Census Tract 111.02,Seward Park,4.3,2005,1.06,734,0.039215686,0.032348805,Low,Stable,450,,22,13970026.69,20411.17006
793,53033010702,107.02,Census Tract 107.02,High Point,2.2,2005,0,0,0,0,,,0,,0,8396926.793,14935.93024
794,53033001100,11,Census Tract 11,Olympic Hills/Victory Heights,8.2,2005,0.92,702,0.022222222,0.032352941,Low,Stable,188,,11,11416399.59,14159.12735
795,53033000700,7,Census Tract 7,Olympic Hills/Victory Heights,8.2,2005,1.34,959,0.022900763,0.026766595,Low,Stable,810,,54,13932242.39,16134.02991
796,53033000202,2.02,Census Tract 2.02,Olympic Hills/Victory Heights,8.2,2005,1.17,937,0.026315789,0.02967033,Low,Stable,187,,6,15930118.49,17285.82737
797,53033000101,1.01,Census Tract 1.01,Cedar Park/Meadowbrook,8.3,2005,1.23,880,0.025,0.025641026,Low,Stable,1032,,34,4465058.881,8662.074215
798,53033003301,33.01,Census Tract 33.01,Whittier Heights,10.2,2005,1.87,1126,0.033149171,0.033027523,Medium,Stable,525,,58,7202858.493,11177.18133
799,53033003602,36.02,Census Tract 36.02,Green Lake,9.4,2005,2.13,1236,0.03902439,0.034309623,High,Stable,558,,42,5621886.085,11471.09438
800,53033001900,19,Census Tract 19,Northgate/Maple Leaf,8.1,2005,1.77,1306,0.035087719,0.034045922,Medium,Stable,129,,8,17945171.52,18948.48127
801,53033001702,17.02,Census Tract 17.02,Greenwood/Phinney Ridge,9.3,2005,0,0,0,0,,,0,,0,13779275.76,17476.40751
802,53033006500,65,Census Tract 65,North Capitol Hill,6.3,2005,1.89,1254,0.032786885,0.032098765,Medium,Stable,1017,,76,12352257.76,17921.50133
803,53033006200,62,Census Tract 62,Montlake/Portage Bay,7.1,2005,0,0,0,0,,,0,,0,24610619.74,40010.59926
804,53033005305,53.05,Census Tract 53.05,University District,7.2,2005,2.05,991,0.035353535,0.034446764,Medium,Stable,1174,,46,2292236.616,6048.609222
805,53033002600,26,Census Tract 26,Ravenna/Bryant,7.3,2005,2.08,1293,0.02970297,0.028639618,High,Stable,191,,5,13398040.18,15933.9379
806,53033002000,20,Census Tract 20,Northgate/Maple Leaf,8.1,2005,1.38,1038,0.029850746,0.033864542,Low,Stable,206,,9,12183878.82,15509.54571
807,53033006300,63,Census Tract 63,Madison Park,6.5,2005,1.5,1144,0.034482759,0.033423668,Medium,Stable,578,,20,27750333.4,36285.84892
808,53033006600,66,Census Tract 66,Cascade/Eastlake,11.3,2005,1.83,1218,0.028089888,0.028716216,Medium,Stable,1277,,82,11110296.85,21995.1063
809,53033006900,69,Census Tract 69,Queen Anne,12.3,2005,1.6,1054,0.032258065,0.032321254,Low,Stable,468,,34,9742176.65,15666.54395
810,53033006000,60,Census Tract 60,Queen Anne,12.3,2005,1.92,1413,0.032258065,0.032894737,High,Stable,668,,55,14158764.71,19123.03263
811,53033005201,52.01,Census Tract 52.01,Wallingford,11.2,2005,2.3,1062,0.036036036,0.038123167,Medium,Stable,286,,20,7536632.481,14175.92406
812,53033005000,50,Census Tract 50,Wallingford,11.2,2005,2,1258,0.030927835,0.0336894,Medium,Stable,749,,60,8151942.295,11560.14801
813,53033008600,86,Census Tract 86,First Hill,6.1,2005,2.19,1194,0.037914692,0.040069686,High,Stable,1068,,46,7656616.626,11640.72061
814,53033008002,80.02,Census Tract 80.02,Belltown,13.1,2005,2.5,1783,0.020408163,0.021776504,High,Stable,1131,,14,2522029.808,7998.382466
815,53033007901,79.01,Census Tract 79.01,Central Area/Squire Park,5.3,2005,1.91,1223,0.038043478,0.03820034,Medium,Stable,789,,46,2876299.502,7879.404339
816,53033007202,72.02,Census Tract 72.02,Cascade/Eastlake,11.3,2005,2.46,1815,0.029288703,0.027164686,High,Stable,559,,10,3020075.663,7591.701883
817,53033007301,73.01,Census Tract 73.01,Cascade/Eastlake,11.3,2005,2.22,1565,0.03255814,0.034368804,High,Stable,274,,6,2699344.108,7422.610693
818,53033010302,103.02,Census Tract 103.02,Columbia City,4.2,2005,2.05,1432,0.035353535,0.031700288,High,Stable,259,,17,6804418.751,11267.2532
819,53033009100,91,Census Tract 91,Pioneer Square/International District,13.3,2005,2.15,1366,0.033653846,0.034848485,High,Stable,747,,13,4419685.266,10608.38541
820,53033009200,92,Census Tract 92,Pioneer Square/International District,13.3,2005,2.13,1263,0.033980583,0.035245902,High,Stable,321,,10,3456088.55,12687.12119
821,53033011700,117,Census Tract 117,South Beacon Hill/NewHolly,3.4,2005,0,0,0,0,,,0,,0,37826036.26,29439.62674
822,53033000500,5,Census Tract 5,Broadview/Bitter Lake,9.1,2005,0,0,0,0,,,0,,0,30294741.05,27094.56678
823,53033000601,6.01,Census Tract 6.01,Haller Lake,9.5,2005,1.22,864,0.025210084,0.024911032,Low,Stable,600,,16,15404952.58,20078.95648
824,53033003500,35,Census Tract 35,Greenwood/Phinney Ridge,9.3,2005,1.96,980,0.037037037,0.033755274,Medium,Stable,259,,21,13828061.67,16634.34896
825,53033001500,15,Census Tract 15,North Beach/Blue Ridge,10.1,2005,0.77,892,0.040540541,0.033603708,Low,Stable,59,,4,12300447.06,13960.37955
826,53033001400,14,Census Tract 14,North Beach/Blue Ridge,10.1,2005,1.28,1037,0.032258065,0.033898305,Low,Stable,433,,21,23073388.66,30536.33745
827,53033001300,13,Census Tract 13,Licton Springs,9.2,2005,1.37,857,0.030075188,0.031287605,Low,Stable,865,,71,12710036.99,14881.08705
828,53033003800,38,Census Tract 38,Ravenna/Bryant,7.3,2005,2.38,1221,0.03030303,0.033869602,High,Stable,159,,6,6722791.394,10392.53155
829,53033007001,70.01,Census Tract 70.01,Queen Anne,12.3,2005,1.81,1077,0.034285714,0.034582133,Medium,Stable,1374,,50,3856290.05,9530.302569
830,53033004800,48,Census Tract 48,Fremont,11.1,2005,1.98,1187,0.03125,0.032173913,Medium,Stable,216,,25,13833886.82,18822.23657
831,53033005100,51,Census Tract 51,Wallingford,11.2,2005,2.65,1160,0.031128405,0.033868093,High,Stable,248,,22,9490350.153,13462.59155
832,53033008200,82,Census Tract 82,First Hill,6.1,2005,2.38,1810,0.025862069,0.025495751,High,Stable,810,,11,4044773.826,9102.140341
833,53033010101,101.01,Census Tract 101.01,Columbia City,4.2,2005,2.15,1154,0.033653846,0.034977578,Medium,Stable,177,,8,9381810.131,15311.65671
834,53033012100,121,Census Tract 121,Arbor Heights,1.1,2005,0,0,0,0,,,0,,0,18538900.93,25983.61624
835,53033011901,119.01,Census Tract 119.01,Rainier Beach,4.1,2005,0,0,0,0,,,0,,0,18097640.74,20485.64554
836,53033000602,6.02,Census Tract 6.02,Haller Lake,9.5,2005,1.12,961,0.046728972,0.04570185,Low,Stable,326,,8,25947507.86,23221.70475
837,53033000201,2.01,Census Tract 2.01,Olympic Hills/Victory Heights,8.2,2005,1.09,897,0.028301887,0.034602076,Low,Stable,836,,12,19446176.32,18651.57808
838,53033003302,33.02,Census Tract 33.02,Whittier Heights,10.2,2005,1.6,1047,0.038961039,0.033563672,Low,Stable,452,,52,6749336.486,10550.81793
839,53033005304,53.04,Census Tract 53.04,University District,7.2,2005,0,0,0,0,,,0,,0,786047.0981,4083.126066
840,53033004202,42.02,Census Tract 42.02,Ravenna/Bryant,7.3,2005,2.23,1546,0.032407407,0.034113712,High,Stable,54,,5,13141688.45,15651.66637
841,53033007404,74.04,Census Tract 74.04,Capitol Hill,6.2,2005,1.94,1139,0.031914894,0.033575318,Medium,Stable,1177,,61,1654579.828,5775.699987
842,53033006701,67.01,Census Tract 67.01,Queen Anne,12.3,2005,2.46,1826,0.046808511,0.044025157,High,Stable,561,,14,3639833.178,12143.77924
843,53033007800,78,Census Tract 78,Madrona/Leschi,5.1,2005,1.61,1248,0.032051282,0.033968517,Medium,Stable,79,,5,22245158.16,28746.37352
844,53033007503,75.03,Census Tract 75.03,Capitol Hill,6.2,2005,2.42,1551,0.034188034,0.034689793,High,Stable,333,,14,2018614.368,6484.389482
845,53033007201,72.01,Census Tract 72.01,Cascade/Eastlake,11.3,2005,2.18,1456,0.043062201,0.042233357,High,Stable,1675,,12,1622558.9,5873.216511
846,53033007203,72.03,Census Tract 72.03,Cascade/Eastlake,11.3,2005,2.74,1949,0.033962264,0.033952255,High,Stable,130,,6,6238804.943,12493.9648
847,53033010301,103.01,Census Tract 103.01,Columbia City,4.2,2005,1.27,1109,0.032520325,0.033550792,Low,Stable,52,,4,10792262.46,16924.36851
848,53033009900,99,Census Tract 99,North Delridge,2.1,2005,1.78,1035,0.034883721,0.029850746,Medium,Stable,464,,16,70254374.71,64633.66158
849,53033009500,95,Census Tract 95,Mt. Baker/North Rainier,4.4,2005,2.07,980,0.029850746,0.034846885,Medium,Stable,140,,12,27424305.67,29618.2113
850,53033009400,94,Census Tract 94,North Beacon Hill/Jefferson Park,3.6,2005,2.28,1301,0.036363636,0.03418124,High,Stable,509,,52,18150625.68,18874.58318
851,53033011801,118.01,Census Tract 118.01,Rainier Beach,4.1,2005,1.19,843,0.034782609,0.034355828,Low,Stable,269,,13,12671173.51,15849.81354
852,53033011602,116.02,Census Tract 116.02,Fauntleroy/Seaview,1.2,2005,1.22,849,0.033898305,0.032846715,Low,Stable,113,,13,16924173.23,24704.04057
853,53033011401,114.01,Census Tract 114.01,Roxhill/Westwood,2.4,2005,1.19,1038,0.017094017,0.016650343,Low,Stable,565,,6,13273369.14,17478.05916
854,53033010701,107.01,Census Tract 107.01,High Point,2.2,2005,0.95,808,0.021505376,0.025380711,Low,Stable,199,,4,15726285.72,21302.36518
855,53033010602,106.02,Census Tract 106.02,Fauntleroy/Seaview,1.2,2005,1.34,889,0.030769231,0.032520325,Low,Stable,317,,20,15462014.06,23774.94714
856,53033000900,9,Census Tract 9,Cedar Park/Meadowbrook,8.3,2005,0,0,0,0,,,0,,0,10031158.89,20828.1662
857,53033000402,4.02,Census Tract 4.02,Broadview/Bitter Lake,9.1,2005,1.3,878,0.031746032,0.03172738,Low,Stable,485,,28,19362220.52,21397.1753
858,53033000300,3,Census Tract 3,Haller Lake,9.5,2005,1.06,800,0.039215686,0.033591731,Low,Stable,83,,7,13033864.6,17298.02954
859,53033003202,32.02,Census Tract 32.02,Sunset Hill/Loyal Heights,10.3,2005,1.8,1224,0.028571429,0.032040472,Medium,Stable,345,,34,10289818.46,12945.39486
860,53033003000,30,Census Tract 30,Whittier Heights,10.2,2005,1.83,1145,0.033898305,0.033393502,Medium,Stable,170,,22,16072222.01,16061.94762
861,53033001701,17.01,Census Tract 17.01,Greenwood/Phinney Ridge,9.3,2005,2.18,1369,0.033175355,0.033987915,High,Stable,509,,27,9609026.085,17164.45478
862,53033001600,16,Census Tract 16,North Beach/Blue Ridge,10.1,2005,2.31,1382,0.035874439,0.034431138,High,Stable,143,,11,20575392.71,23147.64598
863,53033002100,21,Census Tract 21,Wedgwood/View Ridge,7.4,2005,2.52,990,0.032786885,0.033402923,High,Stable,188,,16,14696796.74,16139.92186
864,53033003900,39,Census Tract 39,Wedgwood/View Ridge,7.4,2005,1.32,902,0.03125,0.033218786,Low,Stable,108,,8,10481334.98,13200.90921
865,53033007102,71.02,Census Tract 71.02,Queen Anne,12.3,2005,2.54,1647,0.011952191,0.013538462,High,Stable,724,,21,3615500.898,11499.94075
866,53033006702,67.02,Census Tract 67.02,Queen Anne,12.3,2005,2.43,1655,0.034042553,0.031152648,High,Stable,427,,32,3280147.995,8593.864905
867,53033005401,54.01,Census Tract 54.01,Fremont,11.1,2005,2.21,1425,0.03271028,0.034107402,High,Stable,375,,32,7892270.588,19740.10787
868,53033008004,80.04,Census Tract 80.04,Belltown,13.1,2005,2.22,1699,0.062200957,0.060549313,High,Rise,738,,7,2908326.633,14944.97959
869,53033008003,80.03,Census Tract 80.03,Belltown,13.1,2005,2.46,1609,0.037974684,0.040077569,High,Stable,402,,7,2122043.711,8720.999421
870,53033008402,84.02,Census Tract 84.02,Capitol Hill,6.2,2005,2.11,1289,0.034313725,0.033680834,High,Stable,1187,,40,1565507.715,5220.868487
871,53033007303,73.03,Census Tract 73.03,Cascade/Eastlake,11.3,2005,3.04,2472,0.034013605,0.034309623,High,Stable,178,,2,3374596.393,7984.863522
872,53033010002,100.02,Census Tract 100.02,North Beacon Hill/Jefferson Park,3.6,2005,1.66,1034,0.0375,0.032967033,Low,Stable,419,,19,10204645.64,13732.76539
873,53033011902,119.02,Census Tract 119.02,Rainier Beach,4.1,2005,0,0,0,0,,,0,,0,16290813.63,28897.59863
874,53033011802,118.02,Census Tract 118.02,Rainier Beach,4.1,2005,1.12,686,0.027522936,0.03313253,Low,Stable,67,,3,12323056.74,17201.54679
875,53033004703,47.03,Census Tract 47.03,Ballard,10.4,2005,1.95,1090,0.037234043,0.034155598,Medium,Stable,414,,51,13030918.14,18718.85939
876,53033001000,10,Census Tract 10,Cedar Park/Meadowbrook,8.3,2005,1.02,779,0.03030303,0.026350461,Low,Stable,122,,5,10270271.69,13147.0306
877,53033000403,4.03,Census Tract 4.03,Broadview/Bitter Lake,9.1,2005,1.22,924,0.025210084,0.03125,Low,Stable,409,,11,7881185.923,14097.02669
878,53033003201,32.01,Census Tract 32.01,Sunset Hill/Loyal Heights,10.3,2005,2.15,1379,0.033653846,0.02987304,High,Stable,608,,26,11927788.62,32094.50339
879,53033004600,46,Census Tract 46,Green Lake,9.4,2005,1.53,964,0.026845638,0.02991453,Low,Stable,65,,7,27829368.76,25514.224
880,53033004702,47.02,Census Tract 47.02,Ballard,10.4,2005,2.15,1292,0.033653846,0.0336,High,Stable,410,,37,2867507.734,6956.449675
881,53033002700,27,Census Tract 27,Green Lake,9.4,2005,1.37,999,0.030075188,0.033092037,Low,Stable,257,,21,17058079.28,21942.83528
882,53033001800,18,Census Tract 18,Licton Springs,9.2,2005,1.45,1019,0.028368794,0.032421479,Low,Stable,591,,57,10182882.27,13946.10003
883,53033005202,52.02,Census Tract 52.02,Wallingford,11.2,2005,1.98,1148,0.03125,0.030520646,Medium,Stable,859,,42,2865193.636,7845.303217
884,53033005303,53.03,Census Tract 53.03,University District,7.2,2005,0,0,0,0,,,0,,0,24349784.49,33904.62137
885,53033004402,44.02,Census Tract 44.02,University District,7.2,2005,2.06,1033,0.03,0.031968032,Medium,Stable,915,,58,3175021.433,7487.979857
886,53033004401,44.01,Census Tract 44.01,University District,7.2,2005,2.23,1023,0.037209302,0.03437816,Medium,Stable,324,,28,7479571.761,12948.97514
887,53033005307,53.07,Census Tract 53.07,University District,7.2,2005,2.24,948,0.032258065,0.034934498,Medium,Stable,345,,18,1399526.48,4758.85069
888,53033004101,41.01,Census Tract 41.01,Laurelhurst/Sand Point,7.5,2005,1.38,903,0.00729927,0.004449388,Low,Stable,63,,2,16716852.66,24230.15794
889,53033005402,54.02,Census Tract 54.02,Fremont,11.1,2005,2.17,1340,0.033333333,0.034749035,High,Stable,377,,40,4993141.865,10063.79785
890,53033007700,77,Census Tract 77,Central Area/Squire Park,5.3,2005,2.37,1060,0.030434783,0.030126336,Medium,Stable,269,,19,11391208.22,15242.20976
891,53033007502,75.02,Census Tract 75.02,Capitol Hill,6.2,2005,2.21,1315,0.027906977,0.030564263,High,Stable,901,,57,3400503.555,7403.629293
892,53033007600,76,Census Tract 76,Miller Park,6.4,2005,2.11,1231,0.034313725,0.035323802,Medium,Stable,682,,46,6155389.389,9906.368336
893,53033010200,102,Census Tract 102,Seward Park,4.3,2005,1.11,776,0.027777778,0.033288948,Low,Stable,76,,4,30129079.21,33439.4694
894,53033010401,104.01,Census Tract 104.01,Beacon Hill,3.5,2005,0,0,0,0,,,0,,0,17543421.03,17342.9302
895,53033010402,104.02,Census Tract 104.02,Beacon Hill,3.5,2005,1.2,911,0.034482759,0.034052213,Low,Stable,71,,5,18759692.89,18925.04301
896,53033010501,105.01,Census Tract 105.01,West Seattle Junction/Genesee Hill,1.3,2005,2.01,1409,0.030769231,0.033749083,High,Stable,280,,12,7986746.715,12490.0968
897,53033010102,101.02,Census Tract 101.02,Columbia City,4.2,2005,0,0,0,0,,,0,,0,17314610.04,22274.17077
898,53033009802,98.02,Census Tract 98.02,West Seattle Junction/Genesee Hill,1.3,2005,2.09,1237,0.034653465,0.034280936,Medium,Stable,195,,17,9927510.523,12982.75493
899,53033009000,90,Census Tract 90,Judkins Park,5.2,2005,1.94,1316,0.031914894,0.034591195,Medium,Stable,194,,14,9212173.197,14319.10299
900,53033026400,264,Census Tract 264,South Park,3.1,2005,0,0,0,0,,,0,,0,461382.0486,5763.407674
901,53033001201,12.01,Census Tract 12.01,Northgate/Maple Leaf,8.1,2006,1.59,1134,0.067114094,0.068803016,Low,Stable,1209,,21,10851861.64,15899.77334
902,53033000404,4.04,Census Tract 4.04,Broadview/Bitter Lake,9.1,2006,1.36,1097,0.046153846,0.044761905,Low,Stable,515,,8,6791652.724,12962.55841
903,53033004901,49.01,Census Tract 49.01,Fremont,11.1,2006,1.9,1129,0.055555556,0.059099437,Medium,Stable,983,,107,5350888.215,9379.655767
904,53033003601,36.01,Census Tract 36.01,Green Lake,9.4,2006,2.24,1282,0.061611374,0.064784053,Medium,Stable,418,,35,7255879.068,11894.28889
905,53033002800,28,Census Tract 28,Greenwood/Phinney Ridge,9.3,2006,1.69,1061,0.05625,0.056772908,Low,Stable,302,,32,10637151.82,13201.3113
906,53033003100,31,Census Tract 31,Sunset Hill/Loyal Heights,10.3,2006,1.38,952,0.045454545,0.04730473,Low,Stable,107,,14,23137464.05,24704.5678
907,53033006400,64,Census Tract 64,Miller Park,6.4,2006,1.88,1590,0.056179775,0.058588549,High,Stable,103,,5,9726351.904,13186.77018
908,53033004301,43.01,Census Tract 43.01,Ravenna/Bryant,7.3,2006,2.82,1815,0.060150376,0.060783168,High,Stable,69,,8,10539780.57,17192.70375
909,53033002500,25,Census Tract 25,Ravenna/Bryant,7.3,2006,2.45,1849,0.069868996,0.064478987,High,Stable,64,,3,10594634.3,16442.96859
910,53033002200,22,Census Tract 22,Wedgwood/View Ridge,7.4,2006,2.08,1773,0.06122449,0.060406699,High,Stable,73,,5,30127208.02,28505.80679
911,53033004000,40,Census Tract 40,Laurelhurst/Sand Point,7.5,2006,1.39,940,0.061068702,0.062146893,Low,Stable,54,,2,26374983.68,27560.01384
912,53033005804,58.04,Census Tract 58.04,Interbay,12.2,2006,2.06,1368,0.06185567,0.059643687,Medium,Stable,572,,34,25124062.74,48668.27224
913,53033006800,68,Census Tract 68,Queen Anne,12.3,2006,2.71,1804,0.062745098,0.062426384,High,Stable,298,,25,7729250.272,11275.37735
914,53033008102,81.02,Census Tract 81.02,Downtown Commercial Core,13.2,2006,3.52,3086,0.073170732,0.072272411,High,Stable,173,,5,5987812.086,14339.99503
915,53033008101,81.01,Census Tract 81.01,Downtown Commercial Core,13.2,2006,1.69,1475,0.024242424,0.023594726,Medium,Stable,885,,5,2992165.479,11427.14676
916,53033007902,79.02,Census Tract 79.02,Central Area/Squire Park,5.3,2006,2.05,1394,0.067708333,0.065749235,Medium,Stable,514,,15,4641637.8,9715.120877
917,53033007302,73.02,Census Tract 73.02,Cascade/Eastlake,11.3,2006,2.84,2301,0.059701493,0.061346863,High,Stable,663,,4,3368769.265,7802.426354
918,53033007101,71.01,Census Tract 71.01,Queen Anne,12.3,2006,2.39,1590,0.062222222,0.06141522,High,Stable,446,,15,5328474.607,9004.947227
919,53033009300,93,Census Tract 93,Duwamish/SODO,3.3,2006,2.21,1585,0.0625,0.063044936,High,Stable,268,,11,102171584.8,53946.37345
920,53033010502,105.02,Census Tract 105.02,West Seattle Junction/Genesee Hill,1.3,2006,1.84,1243,0.063583815,0.060580205,Medium,Stable,464,,23,10504351.34,14546.13624
921,53033010001,100.01,Census Tract 100.01,North Beacon Hill/Jefferson Park,3.6,2006,2,1274,0.069518717,0.069689337,Medium,Stable,248,,17,25052474.61,25628.92453
922,53033009801,98.01,Census Tract 98.01,West Seattle Junction/Genesee Hill,1.3,2006,2.18,1461,0.063414634,0.060232221,High,Stable,224,,20,10814248.94,13291.54908
923,53033008900,89,Census Tract 89,Madrona/Leschi,5.1,2006,2.33,1606,0.059090909,0.060766182,High,Stable,234,,15,13690717.17,19328.7464
924,53033026300,263,Census Tract 263,Rainier Beach,4.1,2006,0,0,0,0,,,0,,0,30724.63332,954.0480244
925,53033012000,120,Census Tract 120,Arbor Heights,1.1,2006,0,0,0,0,,,0,,0,15560990.44,16787.97428
926,53033011101,111.01,Census Tract 111.01,Columbia City,4.2,2006,1.96,1297,0.059459459,0.059640523,Medium,Stable,170,,13,12236718.08,15552.07435
927,53033011001,110.01,Census Tract 110.01,South Beacon Hill/NewHolly,3.4,2006,0,0,0,0,,,0,,0,11629041.07,16287.35531
928,53033010800,108,Census Tract 108,Riverview,2.3,2006,1.49,1044,0.064285714,0.063136456,Low,Stable,59,,3,44087445.22,39019.3475
929,53033000800,8,Census Tract 8,Cedar Park/Meadowbrook,8.3,2006,0,0,0,0,,,0,,0,12290810.02,15312.08746
930,53033003400,34,Census Tract 34,Greenwood/Phinney Ridge,9.3,2006,1.22,749,0.070175439,0.062411348,Low,Stable,93,,9,8472471.715,12629.32293
931,53033005306,53.06,Census Tract 53.06,University District,7.2,2006,1.97,1091,0.04787234,0.045019157,Medium,Stable,680,,18,2157906.058,5954.872623
932,53033004302,43.02,Census Tract 43.02,Ravenna/Bryant,7.3,2006,2.37,1440,0.062780269,0.058823529,High,Stable,981,,60,3564115.67,7987.274419
933,53033002400,24,Census Tract 24,Wedgwood/View Ridge,7.4,2006,0,0,0,0,,,0,,0,10359919.78,13151.71252
934,53033004102,41.02,Census Tract 41.02,Laurelhurst/Sand Point,7.5,2006,1.69,1198,0.062893082,0.062056738,Medium,Stable,623,,8,17933927.27,23350.80029
935,53033005600,56,Census Tract 56,Magnolia,12.1,2006,0,0,0,0,,,0,,0,32045056.14,29943.50553
936,53033006703,67.03,Census Tract 67.03,Queen Anne,12.3,2006,1.43,1116,0.051470588,0.052830189,Low,Stable,614,,36,6427171.884,10846.49304
937,53033006100,61,Census Tract 61,Montlake/Portage Bay,7.1,2006,2.31,1337,0.064516129,0.059429477,High,Stable,1026,,81,11959193.74,21477.26483
938,53033005700,57,Census Tract 57,Magnolia,12.1,2006,1.59,1196,0.052980132,0.051890941,Low,Stable,352,,28,53305584.43,44506.56554
939,53033005901,59.01,Census Tract 59.01,Queen Anne,12.3,2006,1.76,1133,0.086419753,0.080076263,Medium,Stable,389,,29,8449086.719,19075.29242
940,53033008401,84.01,Census Tract 84.01,Capitol Hill,6.2,2006,2.53,1618,0.058577406,0.060983607,High,Stable,783,,18,2700766.609,9275.818268
941,53033008300,83,Census Tract 83,First Hill,6.1,2006,2.06,1391,0.06185567,0.061022121,Medium,Stable,867,,12,2561276.498,8632.134894
942,53033007501,75.01,Census Tract 75.01,Capitol Hill,6.2,2006,2.2,1268,0.062801932,0.062866723,Medium,Stable,1454,,82,3210519.937,7219.623642
943,53033009702,97.02,Census Tract 97.02,West Seattle Junction/Genesee Hill,1.3,2006,1.82,1173,0.064327485,0.0625,Medium,Stable,105,,7,23899907.43,28258.76257
944,53033008800,88,Census Tract 88,Central Area/Squire Park,5.3,2006,2.24,1416,0.061611374,0.059087509,High,Stable,230,,27,10210038.86,13202.52686
945,53033008500,85,Census Tract 85,First Hill,6.1,2006,2.52,1673,0.058823529,0.060202788,High,Stable,884,,18,4854121.319,9025.581615
946,53033026500,265,Census Tract 265,Highland Park,2.5,2006,0,0,0,0,,,0,,0,4617675.483,11234.96478
947,53033011601,116.01,Census Tract 116.01,Fauntleroy/Seaview,1.2,2006,1.13,787,0.046296296,0.050734312,Low,Stable,80,,6,16710842.89,20011.96599
948,53033011300,113,Census Tract 113,Highland Park,2.5,2006,1.22,991,0.207920792,0.212974296,Low,Significant Rise,328,High,16,37260682.97,27184.16139
949,53033011500,115,Census Tract 115,Roxhill/Westwood,2.4,2006,1.38,976,0.061538462,0.060869565,Low,Stable,250,,12,16558652.75,19887.30894
950,53033010601,106.01,Census Tract 106.01,Fauntleroy/Seaview,1.2,2006,1.82,1114,0.058139535,0.057929725,Medium,Stable,381,,25,11724162.32,14458.83704
951,53033001202,12.02,Census Tract 12.02,Northgate/Maple Leaf,8.1,2006,2,1471,0.058201058,0.059798271,High,Stable,422,,9,8841145.884,13324.99009
952,53033000102,1.02,Census Tract 1.02,Cedar Park/Meadowbrook,8.3,2006,1.67,1216,0.050314465,0.050086356,Medium,Stable,558,,14,15446821.48,19552.36233
953,53033004701,47.01,Census Tract 47.01,Ballard,10.4,2006,2.13,1480,0.059701493,0.06017192,High,Stable,624,,48,6036028.326,13539.04763
954,53033004500,45,Census Tract 45,Wallingford,11.2,2006,0,0,0,0,,,0,,0,7222109.888,11018.30209
955,53033002900,29,Census Tract 29,Greenwood/Phinney Ridge,9.3,2006,1.66,1186,0.064102564,0.060822898,Medium,Stable,248,,24,10614791.11,13366.31967
956,53033004201,42.01,Census Tract 42.01,Ravenna/Bryant,7.3,2006,1.41,1252,0.060150376,0.057432432,Low,Stable,178,,10,13390664.27,18286.14392
957,53033007403,74.03,Census Tract 74.03,Capitol Hill,6.2,2006,2.15,1274,0.0591133,0.059900166,Medium,Stable,1007,,49,1276089.069,5227.495287
958,53033007002,70.02,Census Tract 70.02,Queen Anne,12.3,2006,2.08,1346,0.06122449,0.05984252,Medium,Stable,1561,,76,4746869.846,9490.799057
959,53033005803,58.03,Census Tract 58.03,Interbay,12.2,2006,1.45,1050,0.035714286,0.03960396,Low,Stable,323,,29,8956173.425,17129.19881
960,53033005902,59.02,Census Tract 59.02,Queen Anne,12.3,2006,1.56,1201,0.06122449,0.062831858,Low,Stable,103,,10,11010649.89,15184.22057
961,53033004902,49.02,Census Tract 49.02,Fremont,11.1,2006,2.13,1247,0.059701493,0.06037415,Medium,Stable,863,,65,6448262.34,10801.73149
962,53033005801,58.01,Census Tract 58.01,Interbay,12.2,2006,1.55,1361,0.054421769,0.051777434,Medium,Stable,1036,,43,19618424.24,25500.01395
963,53033007406,74.06,Census Tract 74.06,Capitol Hill,6.2,2006,2.13,1108,0.059701493,0.055238095,Medium,Stable,1078,,41,1623443.827,6764.477241
964,53033007405,74.05,Census Tract 74.05,Capitol Hill,6.2,2006,2.12,1160,0.06,0.059360731,Medium,Stable,1203,,46,1418974.042,5012.79869
965,53033009701,97.01,Census Tract 97.01,Alki/Admiral,1.4,2006,1.57,1311,0.060810811,0.058966074,Medium,Stable,395,,35,19291172.12,29764.00034
966,53033009600,96,Census Tract 96,Alki/Admiral,1.4,2006,1.51,1229,0.055944056,0.060396894,Low,Stable,427,,31,19741501.65,20745.406
967,53033008700,87,Census Tract 87,Central Area/Squire Park,5.3,2006,2,1157,0.058201058,0.057586837,Medium,Stable,485,,39,7883013.17,11432.38421
968,53033011402,114.02,Census Tract 114.02,Roxhill/Westwood,2.4,2006,1.71,1030,0.055555556,0.054247697,Low,Stable,405,,23,12779277.86,17351.05501
969,53033011200,112,Census Tract 112,South Park,3.1,2006,0.99,602,0.053191489,0.052447552,Low,Stable,175,,15,26463890.03,27002.33758
970,53033010900,109,Census Tract 109,Georgetown,3.2,2006,1.89,946,0.055865922,0.058165548,Low,Stable,137,,13,51677122.71,44978.75384
971,53033011002,110.02,Census Tract 110.02,South Beacon Hill/NewHolly,3.4,2006,0,0,0,0,,,0,,0,18508908.46,22511.12676
972,53033011102,111.02,Census Tract 111.02,Seward Park,4.3,2006,1.12,775,0.056603774,0.055858311,Low,Stable,450,,22,13970026.69,20411.17006
973,53033010702,107.02,Census Tract 107.02,High Point,2.2,2006,0,0,0,0,,,0,,0,8396926.793,14935.93024
974,53033001100,11,Census Tract 11,Olympic Hills/Victory Heights,8.2,2006,0.98,742,0.065217391,0.056980057,Low,Stable,188,,11,11416399.59,14159.12735
975,53033000700,7,Census Tract 7,Olympic Hills/Victory Heights,8.2,2006,1.42,1015,0.059701493,0.058394161,Low,Stable,810,,54,13932242.39,16134.02991
976,53033000202,2.02,Census Tract 2.02,Olympic Hills/Victory Heights,8.2,2006,1.24,988,0.05982906,0.054429029,Low,Stable,187,,6,15930118.49,17285.82737
977,53033000101,1.01,Census Tract 1.01,Cedar Park/Meadowbrook,8.3,2006,1.31,934,0.06504065,0.061363636,Low,Stable,1032,,34,4465058.881,8662.074215
978,53033003301,33.01,Census Tract 33.01,Whittier Heights,10.2,2006,1.98,1193,0.058823529,0.059502664,Medium,Stable,525,,58,7202858.493,11177.18133
979,53033003602,36.02,Census Tract 36.02,Green Lake,9.4,2006,2.25,1310,0.056338028,0.05987055,High,Stable,558,,42,5621886.085,11471.09438
980,53033001900,19,Census Tract 19,Northgate/Maple Leaf,8.1,2006,1.87,1381,0.056497175,0.057427259,Medium,Stable,129,,8,17945171.52,18948.48127
981,53033001702,17.02,Census Tract 17.02,Greenwood/Phinney Ridge,9.3,2006,0,0,0,0,,,0,,0,13779275.76,17476.40751
982,53033006500,65,Census Tract 65,North Capitol Hill,6.3,2006,2.01,1328,0.063492063,0.059011164,Medium,Stable,1017,,76,12352257.76,17921.50133
983,53033006200,62,Census Tract 62,Montlake/Portage Bay,7.1,2006,0,0,0,0,,,0,,0,24610619.74,40010.59926
984,53033005305,53.05,Census Tract 53.05,University District,7.2,2006,2.18,1052,0.063414634,0.061553986,Medium,Stable,1174,,46,2292236.616,6048.609222
985,53033002600,26,Census Tract 26,Ravenna/Bryant,7.3,2006,2.22,1380,0.067307692,0.067285383,High,Stable,191,,5,13398040.18,15933.9379
986,53033002000,20,Census Tract 20,Northgate/Maple Leaf,8.1,2006,1.47,1101,0.065217391,0.060693642,Low,Stable,206,,9,12183878.82,15509.54571
987,53033006300,63,Census Tract 63,Madison Park,6.5,2006,1.6,1216,0.066666667,0.062937063,Medium,Stable,578,,20,27750333.4,36285.84892
988,53033006600,66,Census Tract 66,Cascade/Eastlake,11.3,2006,1.95,1296,0.06557377,0.064039409,Medium,Stable,1277,,82,11110296.85,21995.1063
989,53033006900,69,Census Tract 69,Queen Anne,12.3,2006,1.69,1117,0.05625,0.059772296,Low,Stable,468,,34,9742176.65,15666.54395
990,53033006000,60,Census Tract 60,Queen Anne,12.3,2006,2.03,1497,0.057291667,0.059447983,High,Stable,668,,55,14158764.71,19123.03263
991,53033005201,52.01,Census Tract 52.01,Wallingford,11.2,2006,2.44,1128,0.060869565,0.062146893,Medium,Stable,286,,20,7536632.481,14175.92406
992,53033005000,50,Census Tract 50,Wallingford,11.2,2006,2.13,1335,0.065,0.061208267,Medium,Stable,749,,60,8151942.295,11560.14801
993,53033008600,86,Census Tract 86,First Hill,6.1,2006,2.32,1262,0.059360731,0.056951424,High,Stable,997,,45,7656616.626,11640.72061
994,53033008002,80.02,Census Tract 80.02,Belltown,13.1,2006,2.69,1923,0.076,0.078519349,High,Stable,1131,,14,2522029.808,7998.382466
995,53033007901,79.01,Census Tract 79.01,Central Area/Squire Park,5.3,2006,2.03,1299,0.062827225,0.062142273,Medium,Stable,783,,45,2876299.502,7879.404339
996,53033007202,72.02,Census Tract 72.02,Cascade/Eastlake,11.3,2006,2.63,1941,0.069105691,0.069421488,High,Stable,559,,10,3020075.663,7591.701883
997,53033007301,73.01,Census Tract 73.01,Cascade/Eastlake,11.3,2006,2.35,1653,0.058558559,0.056230032,High,Stable,746,,9,2699344.108,7422.610693
998,53033010302,103.02,Census Tract 103.02,Columbia City,4.2,2006,2.18,1522,0.063414634,0.062849162,High,Stable,259,,17,6804418.751,11267.2532
999,53033009100,91,Census Tract 91,Pioneer Square/International District,13.3,2006,2.28,1449,0.060465116,0.060761347,High,Stable,920,,15,4419685.266,10608.38541
1000,53033009200,92,Census Tract 92,Pioneer Square/International District,13.3,2006,2.26,1339,0.061032864,0.060174188,High,Stable,321,,10,3456088.55,12687.12119
1001,53033011700,117,Census Tract 117,South Beacon Hill/NewHolly,3.4,2006,0,0,0,0,,,0,,0,37826036.26,29439.62674
1002,53033000500,5,Census Tract 5,Broadview/Bitter Lake,9.1,2006,0,0,0,0,,,0,,0,30294741.05,27094.56678
1003,53033000601,6.01,Census Tract 6.01,Haller Lake,9.5,2006,1.29,910,0.057377049,0.053240741,Low,Stable,600,,16,15404952.58,20078.95648
1004,53033003500,35,Census Tract 35,Greenwood/Phinney Ridge,9.3,2006,2.08,1041,0.06122449,0.062244898,Medium,Stable,259,,21,13828061.67,16634.34896
1005,53033001500,15,Census Tract 15,North Beach/Blue Ridge,10.1,2006,0.82,948,0.064935065,0.062780269,Low,Stable,59,,4,12300447.06,13960.37955
1006,53033001400,14,Census Tract 14,North Beach/Blue Ridge,10.1,2006,1.36,1101,0.0625,0.06171649,Low,Stable,433,,21,23073388.66,30536.33745
1007,53033001300,13,Census Tract 13,Licton Springs,9.2,2006,1.45,903,0.058394161,0.053675613,Low,Stable,870,,72,12710036.99,14881.08705
1008,53033003800,38,Census Tract 38,Ravenna/Bryant,7.3,2006,2.53,1296,0.06302521,0.061425061,High,Stable,159,,6,6722791.394,10392.53155
1009,53033007001,70.01,Census Tract 70.01,Queen Anne,12.3,2006,1.92,1142,0.060773481,0.060352832,Medium,Stable,1374,,50,3856290.05,9530.302569
1010,53033004800,48,Census Tract 48,Fremont,11.1,2006,2.1,1255,0.060606061,0.057287279,Medium,Stable,216,,25,13833886.82,18822.23657
1011,53033005100,51,Census Tract 51,Wallingford,11.2,2006,2.82,1233,0.064150943,0.062931034,High,Stable,292,,23,9490350.153,13462.59155
1012,53033008200,82,Census Tract 82,First Hill,6.1,2006,2.55,1941,0.071428571,0.072375691,High,Stable,810,,11,4044773.826,9102.140341
1013,53033010101,101.01,Census Tract 101.01,Columbia City,4.2,2006,2.28,1225,0.060465116,0.06152513,Medium,Stable,177,,8,9381810.131,15311.65671
1014,53033012100,121,Census Tract 121,Arbor Heights,1.1,2006,0,0,0,0,,,0,,0,18538900.93,25983.61624
1015,53033011901,119.01,Census Tract 119.01,Rainier Beach,4.1,2006,0,0,0,0,,,0,,0,18097640.74,20485.64554
1016,53033000602,6.02,Census Tract 6.02,Haller Lake,9.5,2006,1.23,1057,0.098214286,0.099895942,Low,Rise,396,Medium,9,25947507.86,23221.70475
1017,53033000201,2.01,Census Tract 2.01,Olympic Hills/Victory Heights,8.2,2006,1.16,956,0.064220183,0.065774805,Low,Stable,836,,12,19446176.32,18651.57808
1018,53033003302,33.02,Census Tract 33.02,Whittier Heights,10.2,2006,1.69,1110,0.05625,0.06017192,Low,Stable,452,,52,6749336.486,10550.81793
1019,53033005304,53.04,Census Tract 53.04,University District,7.2,2006,0,0,0,0,,,0,,0,786047.0981,4083.126066
1020,53033004202,42.02,Census Tract 42.02,Ravenna/Bryant,7.3,2006,2.37,1641,0.062780269,0.0614489,High,Stable,54,,5,13141688.45,15651.66637
1021,53033007404,74.04,Census Tract 74.04,Capitol Hill,6.2,2006,2.06,1206,0.06185567,0.058823529,Medium,Stable,1177,,61,1654579.828,5775.699987
1022,53033006701,67.01,Census Tract 67.01,Queen Anne,12.3,2006,2.6,1934,0.056910569,0.059145674,High,Stable,795,,15,3639833.178,12143.77924
1023,53033007800,78,Census Tract 78,Madrona/Leschi,5.1,2006,1.71,1327,0.062111801,0.063301282,Medium,Stable,79,,5,22245158.16,28746.37352
1024,53033007503,75.03,Census Tract 75.03,Capitol Hill,6.2,2006,2.56,1644,0.05785124,0.059961315,High,Stable,333,,14,2018614.368,6484.389482
1025,53033007201,72.01,Census Tract 72.01,Cascade/Eastlake,11.3,2006,2.33,1559,0.068807339,0.070741758,High,Stable,1675,,12,1622558.9,5873.216511
1026,53033007203,72.03,Census Tract 72.03,Cascade/Eastlake,11.3,2006,2.91,2069,0.062043796,0.061570036,High,Stable,130,,6,6238804.943,12493.9648
1027,53033010301,103.01,Census Tract 103.01,Columbia City,4.2,2006,1.35,1179,0.062992126,0.063119928,Low,Stable,52,,4,10792262.46,16924.36851
1028,53033009900,99,Census Tract 99,North Delridge,2.1,2006,1.89,1099,0.061797753,0.061835749,Medium,Stable,464,,16,70254374.71,64633.66158
1029,53033009500,95,Census Tract 95,Mt. Baker/North Rainier,4.4,2006,2.2,1040,0.062801932,0.06122449,Medium,Stable,140,,12,27424305.67,29618.2113
1030,53033009400,94,Census Tract 94,North Beacon Hill/Jefferson Park,3.6,2006,2.41,1380,0.057017544,0.060722521,High,Stable,509,,52,18150625.68,18874.58318
1031,53033011801,118.01,Census Tract 118.01,Rainier Beach,4.1,2006,1.27,893,0.067226891,0.059311981,Low,Stable,269,,13,12671173.51,15849.81354
1032,53033011602,116.02,Census Tract 116.02,Fauntleroy/Seaview,1.2,2006,1.29,899,0.057377049,0.058892815,Low,Stable,113,,13,16924173.23,24704.04057
1033,53033011401,114.01,Census Tract 114.01,Roxhill/Westwood,2.4,2006,1.27,1112,0.067226891,0.071290944,Low,Stable,565,,6,13273369.14,17478.05916
1034,53033010701,107.01,Census Tract 107.01,High Point,2.2,2006,1,849,0.052631579,0.050742574,Low,Stable,199,,4,15726285.72,21302.36518
1035,53033010602,106.02,Census Tract 106.02,Fauntleroy/Seaview,1.2,2006,1.41,936,0.052238806,0.052868391,Low,Stable,317,,20,15462014.06,23774.94714
1036,53033000900,9,Census Tract 9,Cedar Park/Meadowbrook,8.3,2006,0,0,0,0,,,0,,0,10031158.89,20828.1662
1037,53033000402,4.02,Census Tract 4.02,Broadview/Bitter Lake,9.1,2006,1.38,928,0.061538462,0.056947608,Low,Stable,485,,28,19362220.52,21397.1753
1038,53033000300,3,Census Tract 3,Haller Lake,9.5,2006,1.12,850,0.056603774,0.0625,Low,Stable,83,,7,13033864.6,17298.02954
1039,53033003202,32.02,Census Tract 32.02,Sunset Hill/Loyal Heights,10.3,2006,1.91,1296,0.061111111,0.058823529,Medium,Stable,345,,34,10289818.46,12945.39486
1040,53033003000,30,Census Tract 30,Whittier Heights,10.2,2006,1.94,1212,0.06010929,0.058515284,Medium,Stable,175,,23,16072222.01,16061.94762
1041,53033001701,17.01,Census Tract 17.01,Greenwood/Phinney Ridge,9.3,2006,2.31,1451,0.059633028,0.059897736,High,Stable,509,,27,9609026.085,17164.45478
1042,53033001600,16,Census Tract 16,North Beach/Blue Ridge,10.1,2006,2.45,1468,0.060606061,0.062228654,High,Stable,143,,11,20575392.71,23147.64598
1043,53033002100,21,Census Tract 21,Wedgwood/View Ridge,7.4,2006,2.67,1050,0.05952381,0.060606061,High,Stable,188,,16,14696796.74,16139.92186
1044,53033003900,39,Census Tract 39,Wedgwood/View Ridge,7.4,2006,1.4,959,0.060606061,0.063192905,Low,Stable,108,,8,10481334.98,13200.90921
1045,53033007102,71.02,Census Tract 71.02,Queen Anne,12.3,2006,2.7,1749,0.062992126,0.061930783,High,Stable,724,,21,3615500.898,11499.94075
1046,53033006702,67.02,Census Tract 67.02,Queen Anne,12.3,2006,2.58,1758,0.061728395,0.06223565,High,Stable,427,,32,3280147.995,8593.864905
1047,53033005401,54.01,Census Tract 54.01,Fremont,11.1,2006,2.34,1510,0.058823529,0.059649123,High,Stable,375,,32,7892270.588,19740.10787
1048,53033008004,80.04,Census Tract 80.04,Belltown,13.1,2006,2.34,1788,0.054054054,0.052383755,High,Stable,738,,7,2908326.633,14944.97959
1049,53033008003,80.03,Census Tract 80.03,Belltown,13.1,2006,2.6,1702,0.056910569,0.057799876,High,Stable,402,,7,2122043.711,8720.999421
1050,53033008402,84.02,Census Tract 84.02,Capitol Hill,6.2,2006,2.23,1366,0.056872038,0.05973623,High,Stable,1187,,40,1565507.715,5220.868487
1051,53033007303,73.03,Census Tract 73.03,Cascade/Eastlake,11.3,2006,3.24,2631,0.065789474,0.064320388,High,Stable,178,,2,3374596.393,7984.863522
1052,53033010002,100.02,Census Tract 100.02,North Beacon Hill/Jefferson Park,3.6,2006,1.75,1094,0.054216867,0.058027079,Low,Stable,419,,19,10204645.64,13732.76539
1053,53033011902,119.02,Census Tract 119.02,Rainier Beach,4.1,2006,0,0,0,0,,,0,,0,16290813.63,28897.59863
1054,53033011802,118.02,Census Tract 118.02,Rainier Beach,4.1,2006,1.19,726,0.0625,0.058309038,Low,Stable,67,,3,12323056.74,17201.54679
1055,53033004703,47.03,Census Tract 47.03,Ballard,10.4,2006,2.07,1156,0.061538462,0.060550459,Medium,Stable,414,,51,13030918.14,18718.85939
1056,53033001000,10,Census Tract 10,Cedar Park/Meadowbrook,8.3,2006,1.07,814,0.049019608,0.044929397,Low,Stable,122,,5,10270271.69,13147.0306
1057,53033000403,4.03,Census Tract 4.03,Broadview/Bitter Lake,9.1,2006,1.31,992,0.073770492,0.073593074,Low,Stable,409,,11,7881185.923,14097.02669
1058,53033003201,32.01,Census Tract 32.01,Sunset Hill/Loyal Heights,10.3,2006,2.26,1453,0.051162791,0.053662074,High,Stable,608,,26,11927788.62,32094.50339
1059,53033004600,46,Census Tract 46,Green Lake,9.4,2006,1.61,1014,0.052287582,0.05186722,Low,Stable,65,,7,27829368.76,25514.224
1060,53033004702,47.02,Census Tract 47.02,Ballard,10.4,2006,2.28,1369,0.060465116,0.059597523,High,Stable,410,,37,2867507.734,6956.449675
1061,53033002700,27,Census Tract 27,Green Lake,9.4,2006,1.45,1057,0.058394161,0.058058058,Low,Stable,257,,21,17058079.28,21942.83528
1062,53033001800,18,Census Tract 18,Licton Springs,9.2,2006,1.54,1077,0.062068966,0.056918548,Low,Stable,591,,57,10182882.27,13946.10003
1063,53033005202,52.02,Census Tract 52.02,Wallingford,11.2,2006,2.09,1214,0.055555556,0.057491289,Medium,Stable,859,,42,2865193.636,7845.303217
1064,53033005303,53.03,Census Tract 53.03,University District,7.2,2006,0,0,0,0,,,0,,0,24349784.49,33904.62137
1065,53033004402,44.02,Census Tract 44.02,University District,7.2,2006,2.18,1093,0.058252427,0.058083253,Medium,Stable,915,,58,3175021.433,7487.979857
1066,53033004401,44.01,Census Tract 44.01,University District,7.2,2006,2.36,1085,0.058295964,0.060606061,Medium,Stable,324,,28,7479571.761,12948.97514
1067,53033005307,53.07,Census Tract 53.07,University District,7.2,2006,2.38,1006,0.0625,0.061181435,Medium,Stable,345,,18,1399526.48,4758.85069
1068,53033004101,41.01,Census Tract 41.01,Laurelhurst/Sand Point,7.5,2006,1.38,909,0,0.006644518,Low,Stable,63,,2,16716852.66,24230.15794
1069,53033005402,54.02,Census Tract 54.02,Fremont,11.1,2006,2.31,1421,0.064516129,0.060447761,High,Stable,377,,40,4993141.865,10063.79785
1070,53033007700,77,Census Tract 77,Central Area/Squire Park,5.3,2006,2.48,1111,0.046413502,0.048113208,Medium,Stable,269,,19,11391208.22,15242.20976
1071,53033007502,75.02,Census Tract 75.02,Capitol Hill,6.2,2006,2.35,1399,0.063348416,0.063878327,High,Stable,901,,57,3400503.555,7403.629293
1072,53033007600,76,Census Tract 76,Miller Park,6.4,2006,2.24,1306,0.061611374,0.060926076,Medium,Stable,682,,46,6155389.389,9906.368336
1073,53033010200,102,Census Tract 102,Seward Park,4.3,2006,1.18,825,0.063063063,0.06314433,Low,Stable,76,,4,30129079.21,33439.4694
1074,53033010401,104.01,Census Tract 104.01,Beacon Hill,3.5,2006,0,0,0,0,,,0,,0,17543421.03,17342.9302
1075,53033010402,104.02,Census Tract 104.02,Beacon Hill,3.5,2006,1.27,968,0.058333333,0.062568606,Low,Stable,71,,5,18759692.89,18925.04301
1076,53033010501,105.01,Census Tract 105.01,West Seattle Junction/Genesee Hill,1.3,2006,2.14,1496,0.064676617,0.061745919,High,Stable,280,,12,7986746.715,12490.0968
1077,53033010102,101.02,Census Tract 101.02,Columbia City,4.2,2006,0,0,0,0,,,0,,0,17314610.04,22274.17077
1078,53033009802,98.02,Census Tract 98.02,West Seattle Junction/Genesee Hill,1.3,2006,2.22,1313,0.062200957,0.061438965,Medium,Stable,195,,17,9927510.523,12982.75493
1079,53033009000,90,Census Tract 90,Judkins Park,5.2,2006,2.06,1395,0.06185567,0.060030395,Medium,Stable,194,,14,9212173.197,14319.10299
1080,53033026400,264,Census Tract 264,South Park,3.1,2006,0,0,0,0,,,0,,0,461382.0486,5763.407674
1081,53033001201,12.01,Census Tract 12.01,Northgate/Maple Leaf,8.1,2007,1.73,1234,0.088050314,0.088183422,Low,Stable,1209,,21,10851861.64,15899.77334
1082,53033000404,4.04,Census Tract 4.04,Broadview/Bitter Lake,9.1,2007,1.45,1172,0.066176471,0.068368277,Low,Stable,515,,8,6791652.724,12962.55841
1083,53033004901,49.01,Census Tract 49.01,Fremont,11.1,2007,2.03,1206,0.068421053,0.068201949,Medium,Stable,983,,107,5350888.215,9379.655767
1084,53033003601,36.01,Census Tract 36.01,Green Lake,9.4,2007,2.4,1372,0.071428571,0.070202808,Medium,Stable,418,,35,7255879.068,11894.28889
1085,53033002800,28,Census Tract 28,Greenwood/Phinney Ridge,9.3,2007,1.8,1131,0.065088757,0.065975495,Low,Stable,302,,32,10637151.82,13201.3113
1086,53033003100,31,Census Tract 31,Sunset Hill/Loyal Heights,10.3,2007,1.46,1007,0.057971014,0.057773109,Low,Stable,107,,14,23137464.05,24704.5678
1087,53033006400,64,Census Tract 64,Miller Park,6.4,2007,2.01,1695,0.069148936,0.066037736,High,Stable,103,,5,9726351.904,13186.77018
1088,53033004301,43.01,Census Tract 43.01,Ravenna/Bryant,7.3,2007,3.02,1945,0.070921986,0.071625344,High,Stable,69,,8,10539780.57,17192.70375
1089,53033002500,25,Census Tract 25,Ravenna/Bryant,7.3,2007,2.62,1975,0.069387755,0.068144943,High,Stable,64,,3,10594634.3,16442.96859
1090,53033002200,22,Census Tract 22,Wedgwood/View Ridge,7.4,2007,2.23,1900,0.072115385,0.071630006,High,Stable,73,,5,30127208.02,28505.80679
1091,53033004000,40,Census Tract 40,Laurelhurst/Sand Point,7.5,2007,1.49,1007,0.071942446,0.071276596,Low,Stable,54,,2,26374983.68,27560.01384
1092,53033005804,58.04,Census Tract 58.04,Interbay,12.2,2007,2.2,1464,0.067961165,0.070175439,Medium,Stable,572,,34,25124062.74,48668.27224
1093,53033006800,68,Census Tract 68,Queen Anne,12.3,2007,2.9,1932,0.070110701,0.070953437,High,Stable,298,,25,7729250.272,11275.37735
1094,53033008102,81.02,Census Tract 81.02,Downtown Commercial Core,13.2,2007,3.77,3300,0.071022727,0.069345431,High,Stable,173,,5,5987812.086,14339.99503
1095,53033008101,81.01,Census Tract 81.01,Downtown Commercial Core,13.2,2007,1.67,1457,-0.01183432,-0.01220339,Medium,Decline,885,,5,2992165.479,11427.14676
1096,53033007902,79.02,Census Tract 79.02,Central Area/Squire Park,5.3,2007,2.19,1489,0.068292683,0.068149211,Medium,Stable,514,,15,4641637.8,9715.120877
1097,53033007302,73.02,Census Tract 73.02,Cascade/Eastlake,11.3,2007,3.05,2464,0.073943662,0.070838766,High,Stable,663,,4,3368769.265,7802.426354
1098,53033007101,71.01,Census Tract 71.01,Queen Anne,12.3,2007,2.56,1702,0.071129707,0.070440252,High,Stable,446,,15,5328474.607,9004.947227
1099,53033009300,93,Census Tract 93,Duwamish/SODO,3.3,2007,2.34,1682,0.058823529,0.061198738,High,Stable,268,,11,102171584.8,53946.37345
1100,53033010502,105.02,Census Tract 105.02,West Seattle Junction/Genesee Hill,1.3,2007,1.97,1331,0.070652174,0.07079646,Medium,Stable,464,,23,10504351.34,14546.13624
1101,53033010001,100.01,Census Tract 100.01,North Beacon Hill/Jefferson Park,3.6,2007,2.14,1360,0.07,0.067503925,Medium,Stable,248,,17,25052474.61,25628.92453
1102,53033009801,98.01,Census Tract 98.01,West Seattle Junction/Genesee Hill,1.3,2007,2.33,1564,0.068807339,0.070499658,High,Stable,224,,20,10814248.94,13291.54908
1103,53033008900,89,Census Tract 89,Madrona/Leschi,5.1,2007,2.5,1721,0.072961373,0.071606476,High,Stable,234,,15,13690717.17,19328.7464
1104,53033026300,263,Census Tract 263,Rainier Beach,4.1,2007,0,0,0,0,,,0,,0,30724.63332,954.0480244
1105,53033012000,120,Census Tract 120,Arbor Heights,1.1,2007,0,0,0,0,,,0,,0,15560990.44,16787.97428
1106,53033011101,111.01,Census Tract 111.01,Columbia City,4.2,2007,2.1,1388,0.071428571,0.070161912,Medium,Stable,170,,13,12236718.08,15552.07435
1107,53033011001,110.01,Census Tract 110.01,South Beacon Hill/NewHolly,3.4,2007,0,0,0,0,,,0,,0,11629041.07,16287.35531
1108,53033010800,108,Census Tract 108,Riverview,2.3,2007,1.6,1118,0.073825503,0.070881226,Low,Stable,59,,3,44087445.22,39019.3475
1109,53033000800,8,Census Tract 8,Cedar Park/Meadowbrook,8.3,2007,0,0,0,0,,,0,,0,12290810.02,15312.08746
1110,53033003400,34,Census Tract 34,Greenwood/Phinney Ridge,9.3,2007,1.3,802,0.06557377,0.070761015,Low,Stable,93,,9,8472471.715,12629.32293
1111,53033005306,53.06,Census Tract 53.06,University District,7.2,2007,2.13,1180,0.081218274,0.081576535,Medium,Stable,680,,18,2157906.058,5954.872623
1112,53033004302,43.02,Census Tract 43.02,Ravenna/Bryant,7.3,2007,2.53,1540,0.067510549,0.069444444,High,Stable,920,,58,3564115.67,7987.274419
1113,53033002400,24,Census Tract 24,Wedgwood/View Ridge,7.4,2007,0,0,0,0,,,0,,0,10359919.78,13151.71252
1114,53033004102,41.02,Census Tract 41.02,Laurelhurst/Sand Point,7.5,2007,1.81,1283,0.071005917,0.070951586,Medium,Stable,623,,8,17933927.27,23350.80029
1115,53033005600,56,Census Tract 56,Magnolia,12.1,2007,0,0,0,0,,,0,,0,32045056.14,29943.50553
1116,53033006703,67.03,Census Tract 67.03,Queen Anne,12.3,2007,1.54,1208,0.076923077,0.082437276,Low,Stable,614,,36,6427171.884,10846.49304
1117,53033006100,61,Census Tract 61,Montlake/Portage Bay,7.1,2007,2.47,1433,0.069264069,0.071802543,High,Stable,1026,,81,11959193.74,21477.26483
1118,53033005700,57,Census Tract 57,Magnolia,12.1,2007,1.69,1269,0.062893082,0.061036789,Low,Stable,352,,28,53305584.43,44506.56554
1119,53033005901,59.01,Census Tract 59.01,Queen Anne,12.3,2007,1.84,1185,0.045454545,0.045895852,Medium,Stable,389,,29,8449086.719,19075.29242
1120,53033008401,84.01,Census Tract 84.01,Capitol Hill,6.2,2007,2.71,1730,0.071146245,0.069221261,High,Stable,783,,18,2700766.609,9275.818268
1121,53033008300,83,Census Tract 83,First Hill,6.1,2007,2.2,1484,0.067961165,0.066858375,Medium,Stable,867,,12,2561276.498,8632.134894
1122,53033007501,75.01,Census Tract 75.01,Capitol Hill,6.2,2007,2.35,1352,0.068181818,0.066246057,Medium,Stable,1454,,82,3210519.937,7219.623642
1123,53033009702,97.02,Census Tract 97.02,West Seattle Junction/Genesee Hill,1.3,2007,1.95,1256,0.071428571,0.070758738,Medium,Stable,105,,7,23899907.43,28258.76257
1124,53033008800,88,Census Tract 88,Central Area/Squire Park,5.3,2007,2.39,1514,0.066964286,0.06920904,High,Stable,230,,27,10210038.86,13202.52686
1125,53033008500,85,Census Tract 85,First Hill,6.1,2007,2.68,1781,0.063492063,0.064554692,High,Stable,884,,18,4854121.319,9025.581615
1126,53033026500,265,Census Tract 265,Highland Park,2.5,2007,0,0,0,0,,,0,,0,4617675.483,11234.96478
1127,53033011601,116.01,Census Tract 116.01,Fauntleroy/Seaview,1.2,2007,1.19,831,0.053097345,0.055908513,Low,Stable,80,,6,16710842.89,20011.96599
1128,53033011300,113,Census Tract 113,Highland Park,2.5,2007,1.31,1063,0.073770492,0.072653885,Low,Stable,328,,16,37260682.97,27184.16139
1129,53033011500,115,Census Tract 115,Roxhill/Westwood,2.4,2007,1.48,1043,0.072463768,0.068647541,Low,Stable,250,,12,16558652.75,19887.30894
1130,53033010601,106.01,Census Tract 106.01,Fauntleroy/Seaview,1.2,2007,1.93,1180,0.06043956,0.059245961,Medium,Stable,381,,25,11724162.32,14458.83704
1131,53033001202,12.02,Census Tract 12.02,Northgate/Maple Leaf,8.1,2007,2.14,1575,0.07,0.070700204,High,Stable,422,,9,8841145.884,13324.99009
1132,53033000102,1.02,Census Tract 1.02,Cedar Park/Meadowbrook,8.3,2007,1.79,1298,0.071856287,0.067434211,Medium,Stable,558,,14,15446821.48,19552.36233
1133,53033004701,47.01,Census Tract 47.01,Ballard,10.4,2007,2.28,1584,0.070422535,0.07027027,High,Stable,624,,48,6036028.326,13539.04763
1134,53033004500,45,Census Tract 45,Wallingford,11.2,2007,0,0,0,0,,,0,,0,7222109.888,11018.30209
1135,53033002900,29,Census Tract 29,Greenwood/Phinney Ridge,9.3,2007,1.77,1268,0.06626506,0.069139966,Medium,Stable,248,,24,10614791.11,13366.31967
1136,53033004201,42.01,Census Tract 42.01,Ravenna/Bryant,7.3,2007,1.52,1334,0.078014184,0.065495208,Low,Stable,178,,10,13390664.27,18286.14392
1137,53033007403,74.03,Census Tract 74.03,Capitol Hill,6.2,2007,2.3,1362,0.069767442,0.069073783,Medium,Stable,1007,,49,1276089.069,5227.495287
1138,53033007002,70.02,Census Tract 70.02,Queen Anne,12.3,2007,2.22,1435,0.067307692,0.066121842,Medium,Stable,1561,,76,4746869.846,9490.799057
1139,53033005803,58.03,Census Tract 58.03,Interbay,12.2,2007,1.52,1099,0.048275862,0.046666667,Low,Stable,323,,29,8956173.425,17129.19881
1140,53033005902,59.02,Census Tract 59.02,Queen Anne,12.3,2007,1.67,1287,0.070512821,0.071606994,Low,Stable,103,,10,11010649.89,15184.22057
1141,53033004902,49.02,Census Tract 49.02,Fremont,11.1,2007,2.28,1335,0.070422535,0.070569366,Medium,Stable,857,,64,6448262.34,10801.73149
1142,53033005801,58.01,Census Tract 58.01,Interbay,12.2,2007,1.64,1438,0.058064516,0.056576047,Medium,Stable,1036,,43,19618424.24,25500.01395
1143,53033007406,74.06,Census Tract 74.06,Capitol Hill,6.2,2007,2.26,1179,0.061032864,0.064079422,Medium,Stable,1078,,41,1623443.827,6764.477241
1144,53033007405,74.05,Census Tract 74.05,Capitol Hill,6.2,2007,2.25,1231,0.061320755,0.061206897,Medium,Stable,1307,,47,1418974.042,5012.79869
1145,53033009701,97.01,Census Tract 97.01,Alki/Admiral,1.4,2007,1.67,1399,0.063694268,0.067124333,Medium,Stable,395,,35,19291172.12,29764.00034
1146,53033009600,96,Census Tract 96,Alki/Admiral,1.4,2007,1.62,1313,0.072847682,0.068348251,Low,Stable,427,,31,19741501.65,20745.406
1147,53033008700,87,Census Tract 87,Central Area/Squire Park,5.3,2007,2.13,1232,0.065,0.064822818,Medium,Stable,485,,39,7883013.17,11432.38421
1148,53033011402,114.02,Census Tract 114.02,Roxhill/Westwood,2.4,2007,1.82,1095,0.064327485,0.063106796,Low,Stable,405,,23,12779277.86,17351.05501
1149,53033011200,112,Census Tract 112,South Park,3.1,2007,1.04,635,0.050505051,0.054817276,Low,Stable,175,,15,26463890.03,27002.33758
1150,53033010900,109,Census Tract 109,Georgetown,3.2,2007,2.01,1008,0.063492063,0.065539112,Low,Stable,137,,13,51677122.71,44978.75384
1151,53033011002,110.02,Census Tract 110.02,South Beacon Hill/NewHolly,3.4,2007,0,0,0,0,,,0,,0,18508908.46,22511.12676
1152,53033011102,111.02,Census Tract 111.02,Seward Park,4.3,2007,1.17,816,0.044642857,0.052903226,Low,Stable,458,,23,13970026.69,20411.17006
1153,53033010702,107.02,Census Tract 107.02,High Point,2.2,2007,0,0,0,0,,,0,,0,8396926.793,14935.93024
1154,53033001100,11,Census Tract 11,Olympic Hills/Victory Heights,8.2,2007,1.04,789,0.06122449,0.063342318,Low,Stable,188,,11,11416399.59,14159.12735
1155,53033000700,7,Census Tract 7,Olympic Hills/Victory Heights,8.2,2007,1.51,1080,0.063380282,0.064039409,Low,Stable,810,,54,13932242.39,16134.02991
1156,53033000202,2.02,Census Tract 2.02,Olympic Hills/Victory Heights,8.2,2007,1.32,1052,0.064516129,0.064777328,Low,Stable,187,,6,15930118.49,17285.82737
1157,53033000101,1.01,Census Tract 1.01,Cedar Park/Meadowbrook,8.3,2007,1.4,997,0.06870229,0.06745182,Low,Stable,1032,,34,4465058.881,8662.074215
1158,53033003301,33.01,Census Tract 33.01,Whittier Heights,10.2,2007,2.12,1274,0.070707071,0.06789606,Medium,Stable,525,,58,7202858.493,11177.18133
1159,53033003602,36.02,Census Tract 36.02,Green Lake,9.4,2007,2.41,1401,0.071111111,0.069465649,High,Stable,558,,42,5621886.085,11471.09438
1160,53033001900,19,Census Tract 19,Northgate/Maple Leaf,8.1,2007,2.01,1483,0.07486631,0.073859522,Medium,Stable,129,,8,17945171.52,18948.48127
1161,53033001702,17.02,Census Tract 17.02,Greenwood/Phinney Ridge,9.3,2007,0,0,0,0,,,0,,0,13779275.76,17476.40751
1162,53033006500,65,Census Tract 65,North Capitol Hill,6.3,2007,2.14,1413,0.064676617,0.064006024,Medium,Stable,1017,,76,12352257.76,17921.50133
1163,53033006200,62,Census Tract 62,Montlake/Portage Bay,7.1,2007,0,0,0,0,,,0,,0,24610619.74,40010.59926
1164,53033005305,53.05,Census Tract 53.05,University District,7.2,2007,2.33,1124,0.068807339,0.068441065,Medium,Stable,1174,,46,2292236.616,6048.609222
1165,53033002600,26,Census Tract 26,Ravenna/Bryant,7.3,2007,2.37,1475,0.067567568,0.06884058,High,Stable,191,,5,13398040.18,15933.9379
1166,53033002000,20,Census Tract 20,Northgate/Maple Leaf,8.1,2007,1.57,1177,0.068027211,0.069028156,Low,Stable,206,,9,12183878.82,15509.54571
1167,53033006300,63,Census Tract 63,Madison Park,6.5,2007,1.71,1302,0.06875,0.070723684,Medium,Stable,578,,20,27750333.4,36285.84892
1168,53033006600,66,Census Tract 66,Cascade/Eastlake,11.3,2007,2.1,1396,0.076923077,0.077160494,Medium,Stable,1277,,82,11110296.85,21995.1063
1169,53033006900,69,Census Tract 69,Queen Anne,12.3,2007,1.8,1192,0.065088757,0.067144136,Low,Stable,468,,34,9742176.65,15666.54395
1170,53033006000,60,Census Tract 60,Queen Anne,12.3,2007,2.17,1599,0.068965517,0.068136273,High,Stable,668,,55,14158764.71,19123.03263
1171,53033005201,52.01,Census Tract 52.01,Wallingford,11.2,2007,2.62,1208,0.073770492,0.070921986,Medium,Stable,286,,20,7536632.481,14175.92406
1172,53033005000,50,Census Tract 50,Wallingford,11.2,2007,2.27,1426,0.0657277,0.068164794,Medium,Stable,857,,61,8151942.295,11560.14801
1173,53033008600,86,Census Tract 86,First Hill,6.1,2007,2.47,1345,0.064655172,0.065768621,Medium,Stable,997,,45,7656616.626,11640.72061
1174,53033008002,80.02,Census Tract 80.02,Belltown,13.1,2007,2.88,2052,0.07063197,0.067082683,High,Stable,1131,,14,2522029.808,7998.382466
1175,53033007901,79.01,Census Tract 79.01,Central Area/Squire Park,5.3,2007,2.17,1391,0.068965517,0.070823711,Medium,Stable,783,,45,2876299.502,7879.404339
1176,53033007202,72.02,Census Tract 72.02,Cascade/Eastlake,11.3,2007,2.81,2074,0.068441065,0.068521381,High,Stable,559,,10,3020075.663,7591.701883
1177,53033007301,73.01,Census Tract 73.01,Cascade/Eastlake,11.3,2007,2.51,1767,0.068085106,0.068965517,High,Stable,746,,9,2699344.108,7422.610693
1178,53033010302,103.02,Census Tract 103.02,Columbia City,4.2,2007,2.33,1630,0.068807339,0.070959264,High,Stable,259,,17,6804418.751,11267.2532
1179,53033009100,91,Census Tract 91,Pioneer Square/International District,13.3,2007,2.44,1554,0.070175439,0.072463768,High,Stable,920,,15,4419685.266,10608.38541
1180,53033009200,92,Census Tract 92,Pioneer Square/International District,13.3,2007,2.41,1432,0.066371681,0.069454817,High,Stable,321,,10,3456088.55,12687.12119
1181,53033011700,117,Census Tract 117,South Beacon Hill/NewHolly,3.4,2007,0,0,0,0,,,0,,0,37826036.26,29439.62674
1182,53033000500,5,Census Tract 5,Broadview/Bitter Lake,9.1,2007,0,0,0,0,,,0,,0,30294741.05,27094.56678
1183,53033000601,6.01,Census Tract 6.01,Haller Lake,9.5,2007,1.37,966,0.062015504,0.061538462,Low,Stable,600,,16,15404952.58,20078.95648
1184,53033003500,35,Census Tract 35,Greenwood/Phinney Ridge,9.3,2007,2.22,1113,0.067307692,0.069164265,Medium,Stable,259,,21,13828061.67,16634.34896
1185,53033001500,15,Census Tract 15,North Beach/Blue Ridge,10.1,2007,0.88,1016,0.073170732,0.071729958,Low,Stable,59,,4,12300447.06,13960.37955
1186,53033001400,14,Census Tract 14,North Beach/Blue Ridge,10.1,2007,1.46,1177,0.073529412,0.069028156,Low,Stable,433,,21,23073388.66,30536.33745
1187,53033001300,13,Census Tract 13,Licton Springs,9.2,2007,1.54,960,0.062068966,0.063122924,Low,Stable,870,,72,12710036.99,14881.08705
1188,53033003800,38,Census Tract 38,Ravenna/Bryant,7.3,2007,2.71,1388,0.071146245,0.070987654,High,Stable,159,,6,6722791.394,10392.53155
1189,53033007001,70.01,Census Tract 70.01,Queen Anne,12.3,2007,2.05,1221,0.067708333,0.069176883,Medium,Stable,1374,,50,3856290.05,9530.302569
1190,53033004800,48,Census Tract 48,Fremont,11.1,2007,2.24,1338,0.066666667,0.066135458,Medium,Stable,216,,25,13833886.82,18822.23657
1191,53033005100,51,Census Tract 51,Wallingford,11.2,2007,3.02,1319,0.070921986,0.069748581,High,Stable,292,,23,9490350.153,13462.59155
1192,53033008200,82,Census Tract 82,First Hill,6.1,2007,2.72,2074,0.066666667,0.068521381,High,Stable,1030,,12,4044773.826,9102.140341
1193,53033010101,101.01,Census Tract 101.01,Columbia City,4.2,2007,2.45,1312,0.074561404,0.071020408,Medium,Stable,177,,8,9381810.131,15311.65671
1194,53033012100,121,Census Tract 121,Arbor Heights,1.1,2007,0,0,0,0,,,0,,0,18538900.93,25983.61624
1195,53033011901,119.01,Census Tract 119.01,Rainier Beach,4.1,2007,0,0,0,0,,,0,,0,18097640.74,20485.64554
1196,53033000602,6.02,Census Tract 6.02,Haller Lake,9.5,2007,1.34,1150,0.089430894,0.087984863,Low,Stable,396,,9,25947507.86,23221.70475
1197,53033000201,2.01,Census Tract 2.01,Olympic Hills/Victory Heights,8.2,2007,1.3,1070,0.120689655,0.119246862,Low,Rise,836,Medium,12,19446176.32,18651.57808
1198,53033003302,33.02,Census Tract 33.02,Whittier Heights,10.2,2007,1.8,1183,0.065088757,0.065765766,Low,Stable,452,,52,6749336.486,10550.81793
1199,53033005304,53.04,Census Tract 53.04,University District,7.2,2007,0,0,0,0,,,0,,0,786047.0981,4083.126066
1200,53033004202,42.02,Census Tract 42.02,Ravenna/Bryant,7.3,2007,2.54,1757,0.071729958,0.070688605,High,Stable,54,,5,13141688.45,15651.66637
1201,53033007404,74.04,Census Tract 74.04,Capitol Hill,6.2,2007,2.21,1290,0.072815534,0.069651741,Medium,Stable,1177,,61,1654579.828,5775.699987
1202,53033006701,67.01,Census Tract 67.01,Queen Anne,12.3,2007,2.78,2063,0.069230769,0.066701138,High,Stable,795,,15,3639833.178,12143.77924
1203,53033007800,78,Census Tract 78,Madrona/Leschi,5.1,2007,1.84,1421,0.076023392,0.070836473,Medium,Stable,79,,5,22245158.16,28746.37352
1204,53033007503,75.03,Census Tract 75.03,Capitol Hill,6.2,2007,2.74,1758,0.0703125,0.069343066,High,Stable,357,,15,2018614.368,6484.389482
1205,53033007201,72.01,Census Tract 72.01,Cascade/Eastlake,11.3,2007,2.49,1663,0.068669528,0.066709429,High,Stable,1675,,12,1622558.9,5873.216511
1206,53033007203,72.03,Census Tract 72.03,Cascade/Eastlake,11.3,2007,3.11,2216,0.068728522,0.071048816,High,Stable,130,,6,6238804.943,12493.9648
1207,53033010301,103.01,Census Tract 103.01,Columbia City,4.2,2007,1.44,1263,0.066666667,0.071246819,Low,Stable,52,,4,10792262.46,16924.36851
1208,53033009900,99,Census Tract 99,North Delridge,2.1,2007,2.02,1175,0.068783069,0.069153776,Medium,Stable,464,,16,70254374.71,64633.66158
1209,53033009500,95,Census Tract 95,Mt. Baker/North Rainier,4.4,2007,2.36,1113,0.072727273,0.070192308,Medium,Stable,140,,12,27424305.67,29618.2113
1210,53033009400,94,Census Tract 94,North Beacon Hill/Jefferson Park,3.6,2007,2.58,1477,0.070539419,0.070289855,High,Stable,515,,53,18150625.68,18874.58318
1211,53033011801,118.01,Census Tract 118.01,Rainier Beach,4.1,2007,1.35,950,0.062992126,0.063829787,Low,Stable,269,,13,12671173.51,15849.81354
1212,53033011602,116.02,Census Tract 116.02,Fauntleroy/Seaview,1.2,2007,1.37,958,0.062015504,0.065628476,Low,Stable,113,,13,16924173.23,24704.04057
1213,53033011401,114.01,Census Tract 114.01,Roxhill/Westwood,2.4,2007,1.36,1191,0.070866142,0.071043165,Low,Stable,565,,6,13273369.14,17478.05916
1214,53033010701,107.01,Census Tract 107.01,High Point,2.2,2007,1.06,904,0.06,0.064782097,Low,Stable,214,,5,15726285.72,21302.36518
1215,53033010602,106.02,Census Tract 106.02,Fauntleroy/Seaview,1.2,2007,1.49,991,0.056737589,0.058760684,Low,Stable,317,,20,15462014.06,23774.94714
1216,53033000900,9,Census Tract 9,Cedar Park/Meadowbrook,8.3,2007,0,0,0,0,,,0,,0,10031158.89,20828.1662
1217,53033000402,4.02,Census Tract 4.02,Broadview/Bitter Lake,9.1,2007,1.46,985,0.057971014,0.061422414,Low,Stable,480,,27,19362220.52,21397.1753
1218,53033000300,3,Census Tract 3,Haller Lake,9.5,2007,1.2,909,0.071428571,0.069411765,Low,Stable,83,,7,13033864.6,17298.02954
1219,53033003202,32.02,Census Tract 32.02,Sunset Hill/Loyal Heights,10.3,2007,2.03,1383,0.062827225,0.06712963,Medium,Stable,345,,34,10289818.46,12945.39486
1220,53033003000,30,Census Tract 30,Whittier Heights,10.2,2007,2.07,1295,0.067010309,0.068481848,Medium,Stable,175,,23,16072222.01,16061.94762
1221,53033001701,17.01,Census Tract 17.01,Greenwood/Phinney Ridge,9.3,2007,2.47,1552,0.069264069,0.069607167,High,Stable,509,,27,9609026.085,17164.45478
1222,53033001600,16,Census Tract 16,North Beach/Blue Ridge,10.1,2007,2.62,1571,0.069387755,0.070163488,High,Stable,143,,11,20575392.71,23147.64598
1223,53033002100,21,Census Tract 21,Wedgwood/View Ridge,7.4,2007,2.85,1121,0.06741573,0.067619048,High,Stable,188,,16,14696796.74,16139.92186
1224,53033003900,39,Census Tract 39,Wedgwood/View Ridge,7.4,2007,1.5,1027,0.071428571,0.070907195,Low,Stable,108,,8,10481334.98,13200.90921
1225,53033007102,71.02,Census Tract 71.02,Queen Anne,12.3,2007,2.87,1862,0.062962963,0.064608348,High,Stable,724,,21,3615500.898,11499.94075
1226,53033006702,67.02,Census Tract 67.02,Queen Anne,12.3,2007,2.76,1880,0.069767442,0.069397042,High,Stable,427,,32,3280147.995,8593.864905
1227,53033005401,54.01,Census Tract 54.01,Fremont,11.1,2007,2.51,1616,0.072649573,0.070198675,High,Stable,375,,32,7892270.588,19740.10787
1228,53033008004,80.04,Census Tract 80.04,Belltown,13.1,2007,2.46,1883,0.051282051,0.053131991,High,Stable,738,,7,2908326.633,14944.97959
1229,53033008003,80.03,Census Tract 80.03,Belltown,13.1,2007,2.78,1818,0.069230769,0.068155112,High,Stable,402,,7,2122043.711,8720.999421
1230,53033008402,84.02,Census Tract 84.02,Capitol Hill,6.2,2007,2.39,1461,0.071748879,0.06954612,High,Stable,1187,,40,1565507.715,5220.868487
1231,53033007303,73.03,Census Tract 73.03,Cascade/Eastlake,11.3,2007,3.46,2816,0.067901235,0.070315469,High,Stable,178,,2,3374596.393,7984.863522
1232,53033010002,100.02,Census Tract 100.02,North Beacon Hill/Jefferson Park,3.6,2007,1.86,1163,0.062857143,0.063071298,Low,Stable,419,,19,10204645.64,13732.76539
1233,53033011902,119.02,Census Tract 119.02,Rainier Beach,4.1,2007,0,0,0,0,,,0,,0,16290813.63,28897.59863
1234,53033011802,118.02,Census Tract 118.02,Rainier Beach,4.1,2007,1.26,772,0.058823529,0.063360882,Low,Stable,67,,3,12323056.74,17201.54679
1235,53033004703,47.03,Census Tract 47.03,Ballard,10.4,2007,2.21,1236,0.06763285,0.069204152,Medium,Stable,414,,51,13030918.14,18718.85939
1236,53033001000,10,Census Tract 10,Cedar Park/Meadowbrook,8.3,2007,1.13,859,0.056074766,0.055282555,Low,Stable,122,,5,10270271.69,13147.0306
1237,53033000403,4.03,Census Tract 4.03,Broadview/Bitter Lake,9.1,2007,1.4,1055,0.06870229,0.063508065,Low,Stable,409,,11,7881185.923,14097.02669
1238,53033003201,32.01,Census Tract 32.01,Sunset Hill/Loyal Heights,10.3,2007,2.41,1547,0.066371681,0.064693737,High,Stable,618,,27,11927788.62,32094.50339
1239,53033004600,46,Census Tract 46,Green Lake,9.4,2007,1.71,1076,0.062111801,0.061143984,Low,Stable,65,,7,27829368.76,25514.224
1240,53033004702,47.02,Census Tract 47.02,Ballard,10.4,2007,2.44,1464,0.070175439,0.069393718,High,Stable,410,,37,2867507.734,6956.449675
1241,53033002700,27,Census Tract 27,Green Lake,9.4,2007,1.55,1128,0.068965517,0.067171239,Low,Stable,263,,22,17058079.28,21942.83528
1242,53033001800,18,Census Tract 18,Licton Springs,9.2,2007,1.64,1145,0.064935065,0.063138347,Low,Stable,608,,59,10182882.27,13946.10003
1243,53033005202,52.02,Census Tract 52.02,Wallingford,11.2,2007,2.24,1300,0.071770335,0.070840198,Medium,Stable,859,,42,2865193.636,7845.303217
1244,53033005303,53.03,Census Tract 53.03,University District,7.2,2007,0,0,0,0,,,0,,0,24349784.49,33904.62137
1245,53033004402,44.02,Census Tract 44.02,University District,7.2,2007,2.33,1168,0.068807339,0.068618481,Medium,Stable,915,,58,3175021.433,7487.979857
1246,53033004401,44.01,Census Tract 44.01,University District,7.2,2007,2.53,1160,0.072033898,0.069124424,Medium,Stable,324,,28,7479571.761,12948.97514
1247,53033005307,53.07,Census Tract 53.07,University District,7.2,2007,2.55,1078,0.071428571,0.071570577,Medium,Stable,345,,18,1399526.48,4758.85069
1248,53033004101,41.01,Census Tract 41.01,Laurelhurst/Sand Point,7.5,2007,1.41,929,0.02173913,0.0220022,Low,Stable,71,,3,16716852.66,24230.15794
1249,53033005402,54.02,Census Tract 54.02,Fremont,11.1,2007,2.47,1521,0.069264069,0.070372977,High,Stable,377,,40,4993141.865,10063.79785
1250,53033007700,77,Census Tract 77,Central Area/Squire Park,5.3,2007,2.62,1169,0.056451613,0.052205221,Medium,Stable,269,,19,11391208.22,15242.20976
1251,53033007502,75.02,Census Tract 75.02,Capitol Hill,6.2,2007,2.51,1492,0.068085106,0.066476054,High,Stable,937,,58,3400503.555,7403.629293
1252,53033007600,76,Census Tract 76,Miller Park,6.4,2007,2.4,1397,0.071428571,0.069678407,High,Stable,682,,46,6155389.389,9906.368336
1253,53033010200,102,Census Tract 102,Seward Park,4.3,2007,1.27,883,0.076271186,0.07030303,Low,Stable,76,,4,30129079.21,33439.4694
1254,53033010401,104.01,Census Tract 104.01,Beacon Hill,3.5,2007,0,0,0,0,,,0,,0,17543421.03,17342.9302
1255,53033010402,104.02,Census Tract 104.02,Beacon Hill,3.5,2007,1.36,1037,0.070866142,0.071280992,Low,Stable,71,,5,18759692.89,18925.04301
1256,53033010501,105.01,Census Tract 105.01,West Seattle Junction/Genesee Hill,1.3,2007,2.29,1602,0.070093458,0.070855615,High,Stable,280,,12,7986746.715,12490.0968
1257,53033010102,101.02,Census Tract 101.02,Columbia City,4.2,2007,0,0,0,0,,,0,,0,17314610.04,22274.17077
1258,53033009802,98.02,Census Tract 98.02,West Seattle Junction/Genesee Hill,1.3,2007,2.37,1405,0.067567568,0.070068545,Medium,Stable,195,,17,9927510.523,12982.75493
1259,53033009000,90,Census Tract 90,Judkins Park,5.2,2007,2.21,1496,0.072815534,0.072401434,Medium,Stable,194,,14,9212173.197,14319.10299
1260,53033026400,264,Census Tract 264,South Park,3.1,2007,0,0,0,0,,,0,,0,461382.0486,5763.407674
1261,53033001201,12.01,Census Tract 12.01,Northgate/Maple Leaf,8.1,2008,1.75,1247,0.011560694,0.010534846,Low,Stable,1209,,21,10851861.64,15899.77334
1262,53033000404,4.04,Census Tract 4.04,Broadview/Bitter Lake,9.1,2008,1.49,1201,0.027586207,0.024744027,Low,Stable,515,,8,6791652.724,12962.55841
1263,53033004901,49.01,Census Tract 49.01,Fremont,11.1,2008,2.08,1235,0.024630542,0.024046434,Medium,Stable,991,,108,5350888.215,9379.655767
1264,53033003601,36.01,Census Tract 36.01,Green Lake,9.4,2008,2.42,1386,0.008333333,0.010204082,Medium,Stable,631,,36,7255879.068,11894.28889
1265,53033002800,28,Census Tract 28,Greenwood/Phinney Ridge,9.3,2008,1.84,1156,0.022222222,0.022104332,Low,Stable,302,,32,10637151.82,13201.3113
1266,53033003100,31,Census Tract 31,Sunset Hill/Loyal Heights,10.3,2008,1.49,1026,0.020547945,0.018867925,Low,Stable,112,,15,23137464.05,24704.5678
1267,53033006400,64,Census Tract 64,Miller Park,6.4,2008,2.05,1733,0.019900498,0.022418879,High,Stable,103,,5,9726351.904,13186.77018
1268,53033004301,43.01,Census Tract 43.01,Ravenna/Bryant,7.3,2008,3.08,1987,0.01986755,0.02159383,High,Stable,69,,8,10539780.57,17192.70375
1269,53033002500,25,Census Tract 25,Ravenna/Bryant,7.3,2008,2.68,2020,0.022900763,0.02278481,High,Stable,64,,3,10594634.3,16442.96859
1270,53033002200,22,Census Tract 22,Wedgwood/View Ridge,7.4,2008,2.28,1942,0.022421525,0.022105263,High,Stable,73,,5,30127208.02,28505.80679
1271,53033004000,40,Census Tract 40,Laurelhurst/Sand Point,7.5,2008,1.52,1030,0.020134228,0.022840119,Low,Stable,54,,2,26374983.68,27560.01384
1272,53033005804,58.04,Census Tract 58.04,Interbay,12.2,2008,2.25,1497,0.022727273,0.022540984,Medium,Stable,577,,35,25124062.74,48668.27224
1273,53033006800,68,Census Tract 68,Queen Anne,12.3,2008,2.96,1976,0.020689655,0.022774327,High,Stable,298,,25,7729250.272,11275.37735
1274,53033008102,81.02,Census Tract 81.02,Downtown Commercial Core,13.2,2008,3.83,3353,0.015915119,0.016060606,High,Stable,173,,5,5987812.086,14339.99503
1275,53033008101,81.01,Census Tract 81.01,Downtown Commercial Core,13.2,2008,1.75,1522,0.047904192,0.044612217,Medium,Stable,885,,5,2992165.479,11427.14676
1276,53033007902,79.02,Census Tract 79.02,Central Area/Squire Park,5.3,2008,2.2,1496,0.00456621,0.004701142,Medium,Stable,514,,15,4641637.8,9715.120877
1277,53033007302,73.02,Census Tract 73.02,Cascade/Eastlake,11.3,2008,3.11,2517,0.019672131,0.02150974,High,Stable,663,,4,3368769.265,7802.426354
1278,53033007101,71.01,Census Tract 71.01,Queen Anne,12.3,2008,2.61,1737,0.01953125,0.020564042,High,Stable,625,,17,5328474.607,9004.947227
1279,53033009300,93,Census Tract 93,Duwamish/SODO,3.3,2008,2.38,1707,0.017094017,0.014863258,High,Stable,268,,11,102171584.8,53946.37345
1280,53033010502,105.02,Census Tract 105.02,West Seattle Junction/Genesee Hill,1.3,2008,2.01,1362,0.020304569,0.023290759,Medium,Stable,464,,23,10504351.34,14546.13624
1281,53033010001,100.01,Census Tract 100.01,North Beacon Hill/Jefferson Park,3.6,2008,2.18,1386,0.018691589,0.019117647,Medium,Stable,248,,17,25052474.61,25628.92453
1282,53033009801,98.01,Census Tract 98.01,West Seattle Junction/Genesee Hill,1.3,2008,2.39,1599,0.025751073,0.022378517,High,Stable,224,,20,10814248.94,13291.54908
1283,53033008900,89,Census Tract 89,Madrona/Leschi,5.1,2008,2.55,1759,0.02,0.022080186,High,Stable,239,,16,13690717.17,19328.7464
1284,53033026300,263,Census Tract 263,Rainier Beach,4.1,2008,0,0,0,0,,,0,,0,30724.63332,954.0480244
1285,53033012000,120,Census Tract 120,Arbor Heights,1.1,2008,0,0,0,0,,,0,,0,15560990.44,16787.97428
1286,53033011101,111.01,Census Tract 111.01,Columbia City,4.2,2008,2.15,1418,0.023809524,0.021613833,Medium,Stable,170,,13,12236718.08,15552.07435
1287,53033011001,110.01,Census Tract 110.01,South Beacon Hill/NewHolly,3.4,2008,0,0,0,0,,,0,,0,11629041.07,16287.35531
1288,53033010800,108,Census Tract 108,Riverview,2.3,2008,1.64,1144,0.025,0.023255814,Low,Stable,59,,3,44087445.22,39019.3475
1289,53033000800,8,Census Tract 8,Cedar Park/Meadowbrook,8.3,2008,0,0,0,0,,,0,,0,12290810.02,15312.08746
1290,53033003400,34,Census Tract 34,Greenwood/Phinney Ridge,9.3,2008,1.33,821,0.023076923,0.023690773,Low,Stable,93,,9,8472471.715,12629.32293
1291,53033005306,53.06,Census Tract 53.06,University District,7.2,2008,2.19,1214,0.028169014,0.028813559,Medium,Stable,680,,18,2157906.058,5954.872623
1292,53033004302,43.02,Census Tract 43.02,Ravenna/Bryant,7.3,2008,2.6,1580,0.027667984,0.025974026,High,Stable,920,,58,3564115.67,7987.274419
1293,53033002400,24,Census Tract 24,Wedgwood/View Ridge,7.4,2008,0,0,0,0,,,0,,0,10359919.78,13151.71252
1294,53033004102,41.02,Census Tract 41.02,Laurelhurst/Sand Point,7.5,2008,1.85,1313,0.022099448,0.023382697,Medium,Stable,623,,8,17933927.27,23350.80029
1295,53033005600,56,Census Tract 56,Magnolia,12.1,2008,0,0,0,0,,,0,,0,32045056.14,29943.50553
1296,53033006703,67.03,Census Tract 67.03,Queen Anne,12.3,2008,1.61,1260,0.045454545,0.043046358,Low,Stable,608,,35,6427171.884,10846.49304
1297,53033006100,61,Census Tract 61,Montlake/Portage Bay,7.1,2008,2.53,1465,0.024291498,0.022330775,High,Stable,1127,,82,11959193.74,21477.26483
1298,53033005700,57,Census Tract 57,Magnolia,12.1,2008,1.73,1299,0.023668639,0.023640662,Low,Stable,352,,28,53305584.43,44506.56554
1299,53033005901,59.01,Census Tract 59.01,Queen Anne,12.3,2008,1.97,1262,0.070652174,0.064978903,Medium,Stable,389,,29,8449086.719,19075.29242
1300,53033008401,84.01,Census Tract 84.01,Capitol Hill,6.2,2008,2.76,1767,0.018450185,0.021387283,High,Stable,783,,18,2700766.609,9275.818268
1301,53033008300,83,Census Tract 83,First Hill,6.1,2008,2.25,1517,0.022727273,0.022237197,Medium,Stable,867,,12,2561276.498,8632.134894
1302,53033007501,75.01,Census Tract 75.01,Capitol Hill,6.2,2008,2.4,1381,0.021276596,0.021449704,Medium,Stable,1454,,82,3210519.937,7219.623642
1303,53033009702,97.02,Census Tract 97.02,West Seattle Junction/Genesee Hill,1.3,2008,1.99,1284,0.020512821,0.022292994,Medium,Stable,105,,7,23899907.43,28258.76257
1304,53033008800,88,Census Tract 88,Central Area/Squire Park,5.3,2008,2.44,1548,0.020920502,0.022457067,High,Stable,240,,28,10210038.86,13202.52686
1305,53033008500,85,Census Tract 85,First Hill,6.1,2008,2.76,1829,0.029850746,0.026951151,High,Stable,884,,18,4854121.319,9025.581615
1306,53033026500,265,Census Tract 265,Highland Park,2.5,2008,0,0,0,0,,,0,,0,4617675.483,11234.96478
1307,53033011601,116.01,Census Tract 116.01,Fauntleroy/Seaview,1.2,2008,1.22,852,0.025210084,0.025270758,Low,Stable,80,,6,16710842.89,20011.96599
1308,53033011300,113,Census Tract 113,Highland Park,2.5,2008,1.31,1057,0,-0.005644403,Low,Decline,328,,16,37260682.97,27184.16139
1309,53033011500,115,Census Tract 115,Roxhill/Westwood,2.4,2008,1.51,1067,0.02027027,0.023010547,Low,Stable,250,,12,16558652.75,19887.30894
1310,53033010601,106.01,Census Tract 106.01,Fauntleroy/Seaview,1.2,2008,1.96,1202,0.015544041,0.018644068,Medium,Stable,381,,25,11724162.32,14458.83704
1311,53033001202,12.02,Census Tract 12.02,Northgate/Maple Leaf,8.1,2008,2.19,1611,0.023364486,0.022857143,High,Stable,422,,9,8841145.884,13324.99009
1312,53033000102,1.02,Census Tract 1.02,Cedar Park/Meadowbrook,8.3,2008,1.83,1331,0.022346369,0.025423729,Medium,Stable,558,,14,15446821.48,19552.36233
1313,53033004701,47.01,Census Tract 47.01,Ballard,10.4,2008,2.34,1621,0.026315789,0.023358586,High,Stable,624,,48,6036028.326,13539.04763
1314,53033004500,45,Census Tract 45,Wallingford,11.2,2008,0,0,0,0,,,0,,0,7222109.888,11018.30209
1315,53033002900,29,Census Tract 29,Greenwood/Phinney Ridge,9.3,2008,1.81,1295,0.02259887,0.021293375,Medium,Stable,248,,24,10614791.11,13366.31967
1316,53033004201,42.01,Census Tract 42.01,Ravenna/Bryant,7.3,2008,1.55,1363,0.019736842,0.02173913,Low,Stable,178,,10,13390664.27,18286.14392
1317,53033007403,74.03,Census Tract 74.03,Capitol Hill,6.2,2008,2.35,1397,0.02173913,0.025697504,Medium,Stable,1007,,49,1276089.069,5227.495287
1318,53033007002,70.02,Census Tract 70.02,Queen Anne,12.3,2008,2.26,1466,0.018018018,0.021602787,Medium,Stable,1551,,74,4746869.846,9490.799057
1319,53033005803,58.03,Census Tract 58.03,Interbay,12.2,2008,1.54,1111,0.013157895,0.010919017,Low,Stable,355,,30,8956173.425,17129.19881
1320,53033005902,59.02,Census Tract 59.02,Queen Anne,12.3,2008,1.71,1311,0.023952096,0.018648019,Low,Stable,103,,10,11010649.89,15184.22057
1321,53033004902,49.02,Census Tract 49.02,Fremont,11.1,2008,2.33,1365,0.021929825,0.02247191,Medium,Stable,847,,62,6448262.34,10801.73149
1322,53033005801,58.01,Census Tract 58.01,Interbay,12.2,2008,1.65,1447,0.006097561,0.006258693,Medium,Stable,1022,,41,19618424.24,25500.01395
1323,53033007406,74.06,Census Tract 74.06,Capitol Hill,6.2,2008,2.31,1203,0.022123894,0.020356234,Medium,Stable,1078,,41,1623443.827,6764.477241
1324,53033007405,74.05,Census Tract 74.05,Capitol Hill,6.2,2008,2.31,1265,0.026666667,0.027619821,Medium,Stable,1307,,47,1418974.042,5012.79869
1325,53033009701,97.01,Census Tract 97.01,Alki/Admiral,1.4,2008,1.71,1431,0.023952096,0.022873481,Medium,Stable,395,,35,19291172.12,29764.00034
1326,53033009600,96,Census Tract 96,Alki/Admiral,1.4,2008,1.65,1341,0.018518519,0.021325209,Low,Stable,443,,33,19741501.65,20745.406
1327,53033008700,87,Census Tract 87,Central Area/Squire Park,5.3,2008,2.18,1259,0.023474178,0.021915584,Medium,Stable,485,,39,7883013.17,11432.38421
1328,53033011402,114.02,Census Tract 114.02,Roxhill/Westwood,2.4,2008,1.86,1118,0.021978022,0.021004566,Low,Stable,405,,23,12779277.86,17351.05501
1329,53033011200,112,Census Tract 112,South Park,3.1,2008,1.06,649,0.019230769,0.022047244,Low,Stable,175,,15,26463890.03,27002.33758
1330,53033010900,109,Census Tract 109,Georgetown,3.2,2008,2.06,1033,0.024875622,0.024801587,Low,Stable,137,,13,51677122.71,44978.75384
1331,53033011002,110.02,Census Tract 110.02,South Beacon Hill/NewHolly,3.4,2008,0,0,0,0,,,0,,0,18508908.46,22511.12676
1332,53033011102,111.02,Census Tract 111.02,Seward Park,4.3,2008,1.2,833,0.025641026,0.020833333,Low,Stable,458,,23,13970026.69,20411.17006
1333,53033010702,107.02,Census Tract 107.02,High Point,2.2,2008,0,0,0,0,,,0,,0,8396926.793,14935.93024
1334,53033001100,11,Census Tract 11,Olympic Hills/Victory Heights,8.2,2008,1.06,807,0.019230769,0.022813688,Low,Stable,188,,11,11416399.59,14159.12735
1335,53033000700,7,Census Tract 7,Olympic Hills/Victory Heights,8.2,2008,1.55,1106,0.026490066,0.024074074,Low,Stable,810,,54,13932242.39,16134.02991
1336,53033000202,2.02,Census Tract 2.02,Olympic Hills/Victory Heights,8.2,2008,1.35,1078,0.022727273,0.024714829,Low,Stable,187,,6,15930118.49,17285.82737
1337,53033000101,1.01,Census Tract 1.01,Cedar Park/Meadowbrook,8.3,2008,1.44,1025,0.028571429,0.028084253,Low,Stable,1032,,34,4465058.881,8662.074215
1338,53033003301,33.01,Census Tract 33.01,Whittier Heights,10.2,2008,2.16,1302,0.018867925,0.021978022,Medium,Stable,525,,58,7202858.493,11177.18133
1339,53033003602,36.02,Census Tract 36.02,Green Lake,9.4,2008,2.46,1433,0.020746888,0.022840828,High,Stable,558,,42,5621886.085,11471.09438
1340,53033001900,19,Census Tract 19,Northgate/Maple Leaf,8.1,2008,2.06,1517,0.024875622,0.0229265,Medium,Stable,129,,8,17945171.52,18948.48127
1341,53033001702,17.02,Census Tract 17.02,Greenwood/Phinney Ridge,9.3,2008,0,0,0,0,,,0,,0,13779275.76,17476.40751
1342,53033006500,65,Census Tract 65,North Capitol Hill,6.3,2008,2.18,1444,0.018691589,0.021939137,Medium,Stable,1017,,76,12352257.76,17921.50133
1343,53033006200,62,Census Tract 62,Montlake/Portage Bay,7.1,2008,0,0,0,0,,,0,,0,24610619.74,40010.59926
1344,53033005305,53.05,Census Tract 53.05,University District,7.2,2008,2.38,1151,0.021459227,0.024021352,Medium,Stable,1174,,46,2292236.616,6048.609222
1345,53033002600,26,Census Tract 26,Ravenna/Bryant,7.3,2008,2.42,1503,0.021097046,0.018983051,High,Stable,191,,5,13398040.18,15933.9379
1346,53033002000,20,Census Tract 20,Northgate/Maple Leaf,8.1,2008,1.61,1205,0.025477707,0.023789295,Low,Stable,206,,9,12183878.82,15509.54571
1347,53033006300,63,Census Tract 63,Madison Park,6.5,2008,1.75,1332,0.023391813,0.023041475,Low,Stable,578,,20,27750333.4,36285.84892
1348,53033006600,66,Census Tract 66,Cascade/Eastlake,11.3,2008,2.14,1420,0.019047619,0.017191977,Medium,Stable,1263,,80,11110296.85,21995.1063
1349,53033006900,69,Census Tract 69,Queen Anne,12.3,2008,1.85,1220,0.027777778,0.023489933,Low,Stable,468,,34,9742176.65,15666.54395
1350,53033006000,60,Census Tract 60,Queen Anne,12.3,2008,2.22,1640,0.023041475,0.025641026,High,Stable,668,,55,14158764.71,19123.03263
1351,53033005201,52.01,Census Tract 52.01,Wallingford,11.2,2008,2.68,1236,0.022900763,0.023178808,Medium,Stable,273,,19,7536632.481,14175.92406
1352,53033005000,50,Census Tract 50,Wallingford,11.2,2008,2.32,1456,0.022026432,0.021037868,Medium,Stable,897,,62,8151942.295,11560.14801
1353,53033008600,86,Census Tract 86,First Hill,6.1,2008,2.53,1375,0.024291498,0.022304833,High,Stable,1003,,46,7656616.626,11640.72061
1354,53033008002,80.02,Census Tract 80.02,Belltown,13.1,2008,2.94,2098,0.020833333,0.022417154,High,Stable,1131,,14,2522029.808,7998.382466
1355,53033007901,79.01,Census Tract 79.01,Central Area/Squire Park,5.3,2008,2.22,1421,0.023041475,0.021567218,Medium,Stable,863,,46,2876299.502,7879.404339
1356,53033007202,72.02,Census Tract 72.02,Cascade/Eastlake,11.3,2008,2.87,2121,0.021352313,0.022661524,High,Stable,559,,10,3020075.663,7591.701883
1357,53033007301,73.01,Census Tract 73.01,Cascade/Eastlake,11.3,2008,2.57,1804,0.023904382,0.020939445,High,Stable,746,,9,2699344.108,7422.610693
1358,53033010302,103.02,Census Tract 103.02,Columbia City,4.2,2008,2.38,1664,0.021459227,0.020858896,High,Stable,259,,17,6804418.751,11267.2532
1359,53033009100,91,Census Tract 91,Pioneer Square/International District,13.3,2008,2.49,1587,0.020491803,0.021235521,High,Stable,920,,15,4419685.266,10608.38541
1360,53033009200,92,Census Tract 92,Pioneer Square/International District,13.3,2008,2.45,1456,0.01659751,0.016759777,High,Stable,321,,10,3456088.55,12687.12119
1361,53033011700,117,Census Tract 117,South Beacon Hill/NewHolly,3.4,2008,0,0,0,0,,,0,,0,37826036.26,29439.62674
1362,53033000500,5,Census Tract 5,Broadview/Bitter Lake,9.1,2008,0,0,0,0,,,0,,0,30294741.05,27094.56678
1363,53033000601,6.01,Census Tract 6.01,Haller Lake,9.5,2008,1.4,988,0.02189781,0.022774327,Low,Stable,600,,16,15404952.58,20078.95648
1364,53033003500,35,Census Tract 35,Greenwood/Phinney Ridge,9.3,2008,2.27,1138,0.022522523,0.022461815,Medium,Stable,259,,21,13828061.67,16634.34896
1365,53033001500,15,Census Tract 15,North Beach/Blue Ridge,10.1,2008,0.87,1010,-0.011363636,-0.005905512,Low,Decline,59,,4,12300447.06,13960.37955
1366,53033001400,14,Census Tract 14,North Beach/Blue Ridge,10.1,2008,1.49,1207,0.020547945,0.02548853,Low,Stable,433,,21,23073388.66,30536.33745
1367,53033001300,13,Census Tract 13,Licton Springs,9.2,2008,1.58,985,0.025974026,0.026041667,Low,Stable,870,,72,12710036.99,14881.08705
1368,53033003800,38,Census Tract 38,Ravenna/Bryant,7.3,2008,2.78,1421,0.025830258,0.023775216,High,Stable,159,,6,6722791.394,10392.53155
1369,53033007001,70.01,Census Tract 70.01,Queen Anne,12.3,2008,2.1,1251,0.024390244,0.024570025,Medium,Stable,1380,,51,3856290.05,9530.302569
1370,53033004800,48,Census Tract 48,Fremont,11.1,2008,2.29,1367,0.022321429,0.021674141,Medium,Stable,216,,25,13833886.82,18822.23657
1371,53033005100,51,Census Tract 51,Wallingford,11.2,2008,3.09,1350,0.023178808,0.023502654,High,Stable,292,,23,9490350.153,13462.59155
1372,53033008200,82,Census Tract 82,First Hill,6.1,2008,2.77,2108,0.018382353,0.016393443,High,Stable,1111,,13,4044773.826,9102.140341
1373,53033010101,101.01,Census Tract 101.01,Columbia City,4.2,2008,2.5,1342,0.020408163,0.022865854,Medium,Stable,177,,8,9381810.131,15311.65671
1374,53033012100,121,Census Tract 121,Arbor Heights,1.1,2008,0,0,0,0,,,0,,0,18538900.93,25983.61624
1375,53033011901,119.01,Census Tract 119.01,Rainier Beach,4.1,2008,0,0,0,0,,,0,,0,18097640.74,20485.64554
1376,53033000602,6.02,Census Tract 6.02,Haller Lake,9.5,2008,1.36,1167,0.014925373,0.014782609,Low,Stable,396,,9,25947507.86,23221.70475
1377,53033000201,2.01,Census Tract 2.01,Olympic Hills/Victory Heights,8.2,2008,1.34,1097,0.030769231,0.025233645,Low,Stable,836,,12,19446176.32,18651.57808
1378,53033003302,33.02,Census Tract 33.02,Whittier Heights,10.2,2008,1.85,1209,0.027777778,0.021978022,Low,Stable,452,,52,6749336.486,10550.81793
1379,53033005304,53.04,Census Tract 53.04,University District,7.2,2008,0,0,0,0,,,0,,0,786047.0981,4083.126066
1380,53033004202,42.02,Census Tract 42.02,Ravenna/Bryant,7.3,2008,2.6,1796,0.023622047,0.022196927,High,Stable,54,,5,13141688.45,15651.66637
1381,53033007404,74.04,Census Tract 74.04,Capitol Hill,6.2,2008,2.26,1322,0.022624434,0.024806202,Medium,Stable,1177,,61,1654579.828,5775.699987
1382,53033006701,67.01,Census Tract 67.01,Queen Anne,12.3,2008,2.88,2138,0.035971223,0.036354823,High,Stable,850,,16,3639833.178,12143.77924
1383,53033007800,78,Census Tract 78,Madrona/Leschi,5.1,2008,1.88,1454,0.02173913,0.023223082,Medium,Stable,79,,5,22245158.16,28746.37352
1384,53033007503,75.03,Census Tract 75.03,Capitol Hill,6.2,2008,2.8,1800,0.02189781,0.023890785,High,Stable,357,,15,2018614.368,6484.389482
1385,53033007201,72.01,Census Tract 72.01,Cascade/Eastlake,11.3,2008,2.56,1712,0.02811245,0.029464823,High,Stable,1675,,12,1622558.9,5873.216511
1386,53033007203,72.03,Census Tract 72.03,Cascade/Eastlake,11.3,2008,3.17,2256,0.019292605,0.018050542,High,Stable,380,,8,6238804.943,12493.9648
1387,53033010301,103.01,Census Tract 103.01,Columbia City,4.2,2008,1.48,1292,0.027777778,0.022961203,Low,Stable,52,,4,10792262.46,16924.36851
1388,53033009900,99,Census Tract 99,North Delridge,2.1,2008,2.06,1199,0.01980198,0.020425532,Medium,Stable,464,,16,70254374.71,64633.66158
1389,53033009500,95,Census Tract 95,Mt. Baker/North Rainier,4.4,2008,2.41,1139,0.021186441,0.023360288,Medium,Stable,140,,12,27424305.67,29618.2113
1390,53033009400,94,Census Tract 94,North Beacon Hill/Jefferson Park,3.6,2008,2.64,1509,0.023255814,0.021665538,High,Stable,515,,53,18150625.68,18874.58318
1391,53033011801,118.01,Census Tract 118.01,Rainier Beach,4.1,2008,1.38,974,0.022222222,0.025263158,Low,Stable,269,,13,12671173.51,15849.81354
1392,53033011602,116.02,Census Tract 116.02,Fauntleroy/Seaview,1.2,2008,1.4,979,0.02189781,0.021920668,Low,Stable,113,,13,16924173.23,24704.04057
1393,53033011401,114.01,Census Tract 114.01,Roxhill/Westwood,2.4,2008,1.4,1222,0.029411765,0.026028547,Low,Stable,565,,6,13273369.14,17478.05916
1394,53033010701,107.01,Census Tract 107.01,High Point,2.2,2008,1.09,928,0.028301887,0.026548673,Low,Stable,214,,5,15726285.72,21302.36518
1395,53033010602,106.02,Census Tract 106.02,Fauntleroy/Seaview,1.2,2008,1.52,1013,0.020134228,0.022199798,Low,Stable,324,,21,15462014.06,23774.94714
1396,53033000900,9,Census Tract 9,Cedar Park/Meadowbrook,8.3,2008,0,0,0,0,,,0,,0,10031158.89,20828.1662
1397,53033000402,4.02,Census Tract 4.02,Broadview/Bitter Lake,9.1,2008,1.5,1008,0.02739726,0.023350254,Low,Stable,480,,27,19362220.52,21397.1753
1398,53033000300,3,Census Tract 3,Haller Lake,9.5,2008,1.22,927,0.016666667,0.01980198,Low,Stable,83,,7,13033864.6,17298.02954
1399,53033003202,32.02,Census Tract 32.02,Sunset Hill/Loyal Heights,10.3,2008,2.08,1412,0.024630542,0.020968908,Medium,Stable,345,,34,10289818.46,12945.39486
1400,53033003000,30,Census Tract 30,Whittier Heights,10.2,2008,2.11,1323,0.019323671,0.021621622,Medium,Stable,175,,23,16072222.01,16061.94762
1401,53033001701,17.01,Census Tract 17.01,Greenwood/Phinney Ridge,9.3,2008,2.53,1587,0.024291498,0.022551546,High,Stable,515,,28,9609026.085,17164.45478
1402,53033001600,16,Census Tract 16,North Beach/Blue Ridge,10.1,2008,2.68,1607,0.022900763,0.022915341,High,Stable,143,,11,20575392.71,23147.64598
1403,53033002100,21,Census Tract 21,Wedgwood/View Ridge,7.4,2008,2.92,1148,0.024561404,0.024085638,High,Stable,188,,16,14696796.74,16139.92186
1404,53033003900,39,Census Tract 39,Wedgwood/View Ridge,7.4,2008,1.54,1055,0.026666667,0.027263875,Low,Stable,108,,8,10481334.98,13200.90921
1405,53033007102,71.02,Census Tract 71.02,Queen Anne,12.3,2008,2.86,1855,-0.003484321,-0.003759398,High,Decline,724,,21,3615500.898,11499.94075
1406,53033006702,67.02,Census Tract 67.02,Queen Anne,12.3,2008,2.82,1923,0.02173913,0.02287234,High,Stable,427,,32,3280147.995,8593.864905
1407,53033005401,54.01,Census Tract 54.01,Fremont,11.1,2008,2.56,1651,0.019920319,0.021658416,High,Stable,375,,32,7892270.588,19740.10787
1408,53033008004,80.04,Census Tract 80.04,Belltown,13.1,2008,2.5,1910,0.016260163,0.014338821,High,Stable,738,,7,2908326.633,14944.97959
1409,53033008003,80.03,Census Tract 80.03,Belltown,13.1,2008,2.84,1859,0.021582734,0.022552255,High,Stable,402,,7,2122043.711,8720.999421
1410,53033008402,84.02,Census Tract 84.02,Capitol Hill,6.2,2008,2.45,1496,0.025104603,0.023956194,High,Stable,1187,,40,1565507.715,5220.868487
1411,53033007303,73.03,Census Tract 73.03,Cascade/Eastlake,11.3,2008,3.54,2879,0.023121387,0.022372159,High,Stable,178,,2,3374596.393,7984.863522
1412,53033010002,100.02,Census Tract 100.02,North Beacon Hill/Jefferson Park,3.6,2008,1.94,1212,0.043010753,0.042132416,Medium,Stable,419,,19,10204645.64,13732.76539
1413,53033011902,119.02,Census Tract 119.02,Rainier Beach,4.1,2008,0,0,0,0,,,0,,0,16290813.63,28897.59863
1414,53033011802,118.02,Census Tract 118.02,Rainier Beach,4.1,2008,1.29,791,0.023809524,0.024611399,Low,Stable,67,,3,12323056.74,17201.54679
1415,53033004703,47.03,Census Tract 47.03,Ballard,10.4,2008,2.26,1265,0.022624434,0.023462783,Medium,Stable,478,,52,13030918.14,18718.85939
1416,53033001000,10,Census Tract 10,Cedar Park/Meadowbrook,8.3,2008,1.17,892,0.03539823,0.038416764,Low,Stable,122,,5,10270271.69,13147.0306
1417,53033000403,4.03,Census Tract 4.03,Broadview/Bitter Lake,9.1,2008,1.4,1062,0,0.006635071,Low,Stable,409,,11,7881185.923,14097.02669
1418,53033003201,32.01,Census Tract 32.01,Sunset Hill/Loyal Heights,10.3,2008,2.46,1580,0.020746888,0.02133161,High,Stable,618,,27,11927788.62,32094.50339
1419,53033004600,46,Census Tract 46,Green Lake,9.4,2008,1.76,1110,0.029239766,0.031598513,Low,Stable,65,,7,27829368.76,25514.224
1420,53033004702,47.02,Census Tract 47.02,Ballard,10.4,2008,2.49,1496,0.020491803,0.021857923,High,Stable,402,,36,2867507.734,6956.449675
1421,53033002700,27,Census Tract 27,Green Lake,9.4,2008,1.58,1153,0.019354839,0.022163121,Low,Stable,263,,22,17058079.28,21942.83528
1422,53033001800,18,Census Tract 18,Licton Springs,9.2,2008,1.68,1175,0.024390244,0.026200873,Low,Stable,608,,59,10182882.27,13946.10003
1423,53033005202,52.02,Census Tract 52.02,Wallingford,11.2,2008,2.27,1316,0.013392857,0.012307692,Medium,Stable,957,,43,2865193.636,7845.303217
1424,53033005303,53.03,Census Tract 53.03,University District,7.2,2008,0,0,0,0,,,0,,0,24349784.49,33904.62137
1425,53033004402,44.02,Census Tract 44.02,University District,7.2,2008,2.39,1196,0.025751073,0.023972603,Medium,Stable,908,,57,3175021.433,7487.979857
1426,53033004401,44.01,Census Tract 44.01,University District,7.2,2008,2.58,1185,0.019762846,0.021551724,Medium,Stable,324,,28,7479571.761,12948.97514
1427,53033005307,53.07,Census Tract 53.07,University District,7.2,2008,2.61,1103,0.023529412,0.023191095,Medium,Stable,345,,18,1399526.48,4758.85069
1428,53033004101,41.01,Census Tract 41.01,Laurelhurst/Sand Point,7.5,2008,1.44,948,0.021276596,0.020452099,Low,Stable,71,,3,16716852.66,24230.15794
1429,53033005402,54.02,Census Tract 54.02,Fremont,11.1,2008,2.52,1551,0.020242915,0.019723866,High,Stable,391,,39,4993141.865,10063.79785
1430,53033007700,77,Census Tract 77,Central Area/Squire Park,5.3,2008,2.67,1194,0.019083969,0.0213858,Medium,Stable,269,,19,11391208.22,15242.20976
1431,53033007502,75.02,Census Tract 75.02,Capitol Hill,6.2,2008,2.56,1523,0.019920319,0.02077748,High,Stable,937,,58,3400503.555,7403.629293
1432,53033007600,76,Census Tract 76,Miller Park,6.4,2008,2.45,1429,0.020833333,0.022906228,Medium,Stable,682,,46,6155389.389,9906.368336
1433,53033010200,102,Census Tract 102,Seward Park,4.3,2008,1.3,904,0.023622047,0.023782559,Low,Stable,76,,4,30129079.21,33439.4694
1434,53033010401,104.01,Census Tract 104.01,Beacon Hill,3.5,2008,0,0,0,0,,,0,,0,17543421.03,17342.9302
1435,53033010402,104.02,Census Tract 104.02,Beacon Hill,3.5,2008,1.4,1061,0.029411765,0.023143684,Low,Stable,71,,5,18759692.89,18925.04301
1436,53033010501,105.01,Census Tract 105.01,West Seattle Junction/Genesee Hill,1.3,2008,2.34,1636,0.021834061,0.021223471,High,Stable,280,,12,7986746.715,12490.0968
1437,53033010102,101.02,Census Tract 101.02,Columbia City,4.2,2008,0,0,0,0,,,0,,0,17314610.04,22274.17077
1438,53033009802,98.02,Census Tract 98.02,West Seattle Junction/Genesee Hill,1.3,2008,2.42,1437,0.021097046,0.022775801,Medium,Stable,200,,18,9927510.523,12982.75493
1439,53033009000,90,Census Tract 90,Judkins Park,5.2,2008,2.26,1530,0.022624434,0.022727273,Medium,Stable,194,,14,9212173.197,14319.10299
1440,53033026400,264,Census Tract 264,South Park,3.1,2008,0,0,0,0,,,0,,0,461382.0486,5763.407674
1441,53033001201,12.01,Census Tract 12.01,Northgate/Maple Leaf,8.1,2009,1.6,1137,-0.085714286,-0.088211708,Low,Decline,1209,,21,10851861.64,15899.77334
1442,53033000404,4.04,Census Tract 4.04,Broadview/Bitter Lake,9.1,2009,1.39,1123,-0.067114094,-0.064945878,Low,Decline,515,,8,6791652.724,12962.55841
1443,53033004901,49.01,Census Tract 49.01,Fremont,11.1,2009,1.95,1155,-0.0625,-0.064777328,Medium,Decline,991,,108,5350888.215,9379.655767
1444,53033003601,36.01,Census Tract 36.01,Green Lake,9.4,2009,2.26,1291,-0.066115702,-0.068542569,Medium,Decline,631,,36,7255879.068,11894.28889
1445,53033002800,28,Census Tract 28,Greenwood/Phinney Ridge,9.3,2009,1.71,1071,-0.070652174,-0.073529412,Low,Decline,326,,33,10637151.82,13201.3113
1446,53033003100,31,Census Tract 31,Sunset Hill/Loyal Heights,10.3,2009,1.45,996,-0.026845638,-0.029239766,Low,Decline,112,,15,23137464.05,24704.5678
1447,53033006400,64,Census Tract 64,Miller Park,6.4,2009,1.9,1607,-0.073170732,-0.07270629,High,Decline,103,,5,9726351.904,13186.77018
1448,53033004301,43.01,Census Tract 43.01,Ravenna/Bryant,7.3,2009,2.83,1825,-0.081168831,-0.081529945,High,Decline,69,,8,10539780.57,17192.70375
1449,53033002500,25,Census Tract 25,Ravenna/Bryant,7.3,2009,2.46,1867,-0.082089552,-0.075742574,High,Decline,64,,3,10594634.3,16442.96859
1450,53033002200,22,Census Tract 22,Wedgwood/View Ridge,7.4,2009,2.09,1784,-0.083333333,-0.081359423,High,Decline,73,,5,30127208.02,28505.80679
1451,53033004000,40,Census Tract 40,Laurelhurst/Sand Point,7.5,2009,1.46,987,-0.039473684,-0.041747573,Low,Decline,54,,2,26374983.68,27560.01384
1452,53033005804,58.04,Census Tract 58.04,Interbay,12.2,2009,2.07,1379,-0.08,-0.078824315,Medium,Decline,577,,35,25124062.74,48668.27224
1453,53033006800,68,Census Tract 68,Queen Anne,12.3,2009,2.73,1819,-0.077702703,-0.079453441,High,Decline,298,,25,7729250.272,11275.37735
1454,53033008102,81.02,Census Tract 81.02,Downtown Commercial Core,13.2,2009,3.48,3052,-0.091383812,-0.089770355,High,Decline,173,,5,5987812.086,14339.99503
1455,53033008101,81.01,Census Tract 81.01,Downtown Commercial Core,13.2,2009,1.71,1489,-0.022857143,-0.021681997,Medium,Decline,885,,5,2992165.479,11427.14676
1456,53033007902,79.02,Census Tract 79.02,Central Area/Squire Park,5.3,2009,2.02,1378,-0.081818182,-0.078877005,Medium,Decline,514,,15,4641637.8,9715.120877
1457,53033007302,73.02,Census Tract 73.02,Cascade/Eastlake,11.3,2009,2.83,2290,-0.090032154,-0.09018673,High,Decline,988,,5,3368769.265,7802.426354
1458,53033007101,71.01,Census Tract 71.01,Queen Anne,12.3,2009,2.41,1602,-0.076628352,-0.077720207,High,Decline,654,,18,5328474.607,9004.947227
1459,53033009300,93,Census Tract 93,Duwamish/SODO,3.3,2009,2.19,1573,-0.079831933,-0.078500293,High,Decline,268,,11,102171584.8,53946.37345
1460,53033010502,105.02,Census Tract 105.02,West Seattle Junction/Genesee Hill,1.3,2009,1.86,1256,-0.074626866,-0.077826725,Medium,Decline,595,,23,10504351.34,14546.13624
1461,53033010001,100.01,Census Tract 100.01,North Beacon Hill/Jefferson Park,3.6,2009,1.99,1268,-0.087155963,-0.085137085,Medium,Decline,248,,17,25052474.61,25628.92453
1462,53033009801,98.01,Census Tract 98.01,West Seattle Junction/Genesee Hill,1.3,2009,2.19,1471,-0.083682008,-0.080050031,High,Decline,224,,20,10814248.94,13291.54908
1463,53033008900,89,Census Tract 89,Madrona/Leschi,5.1,2009,2.34,1616,-0.082352941,-0.081296191,High,Decline,239,,16,13690717.17,19328.7464
1464,53033026300,263,Census Tract 263,Rainier Beach,4.1,2009,0,0,0,0,,,0,,0,30724.63332,954.0480244
1465,53033012000,120,Census Tract 120,Arbor Heights,1.1,2009,0,0,0,0,,,0,,0,15560990.44,16787.97428
1466,53033011101,111.01,Census Tract 111.01,Columbia City,4.2,2009,1.98,1311,-0.079069767,-0.075458392,Medium,Decline,170,,13,12236718.08,15552.07435
1467,53033011001,110.01,Census Tract 110.01,South Beacon Hill/NewHolly,3.4,2009,0,0,0,0,,,0,,0,11629041.07,16287.35531
1468,53033010800,108,Census Tract 108,Riverview,2.3,2009,1.5,1051,-0.085365854,-0.081293706,Low,Decline,59,,3,44087445.22,39019.3475
1469,53033000800,8,Census Tract 8,Cedar Park/Meadowbrook,8.3,2009,0,0,0,0,,,0,,0,12290810.02,15312.08746
1470,53033003400,34,Census Tract 34,Greenwood/Phinney Ridge,9.3,2009,1.26,777,-0.052631579,-0.053593179,Low,Decline,93,,9,8472471.715,12629.32293
1471,53033005306,53.06,Census Tract 53.06,University District,7.2,2009,2.02,1120,-0.077625571,-0.077429984,Medium,Decline,680,,18,2157906.058,5954.872623
1472,53033004302,43.02,Census Tract 43.02,Ravenna/Bryant,7.3,2009,2.35,1431,-0.096153846,-0.094303797,High,Decline,1023,,59,3564115.67,7987.274419
1473,53033002400,24,Census Tract 24,Wedgwood/View Ridge,7.4,2009,0,0,0,0,,,0,,0,10359919.78,13151.71252
1474,53033004102,41.02,Census Tract 41.02,Laurelhurst/Sand Point,7.5,2009,1.7,1205,-0.081081081,-0.082254379,Medium,Decline,623,,8,17933927.27,23350.80029
1475,53033005600,56,Census Tract 56,Magnolia,12.1,2009,0,0,0,0,,,0,,0,32045056.14,29943.50553
1476,53033006703,67.03,Census Tract 67.03,Queen Anne,12.3,2009,1.5,1167,-0.068322981,-0.073809524,Low,Decline,608,,35,6427171.884,10846.49304
1477,53033006100,61,Census Tract 61,Montlake/Portage Bay,7.1,2009,2.31,1340,-0.086956522,-0.085324232,High,Decline,1127,,82,11959193.74,21477.26483
1478,53033005700,57,Census Tract 57,Magnolia,12.1,2009,1.64,1230,-0.052023121,-0.053117783,Medium,Decline,352,,28,53305584.43,44506.56554
1479,53033005901,59.01,Census Tract 59.01,Queen Anne,12.3,2009,1.82,1170,-0.076142132,-0.072900158,Medium,Decline,389,,29,8449086.719,19075.29242
1480,53033008401,84.01,Census Tract 84.01,Capitol Hill,6.2,2009,2.54,1625,-0.079710145,-0.080362196,High,Decline,783,,18,2700766.609,9275.818268
1481,53033008300,83,Census Tract 83,First Hill,6.1,2009,2.1,1420,-0.066666667,-0.063941991,Medium,Decline,867,,12,2561276.498,8632.134894
1482,53033007501,75.01,Census Tract 75.01,Capitol Hill,6.2,2009,2.22,1277,-0.075,-0.075307748,Medium,Decline,1454,,82,3210519.937,7219.623642
1483,53033009702,97.02,Census Tract 97.02,West Seattle Junction/Genesee Hill,1.3,2009,1.84,1189,-0.075376884,-0.073987539,Medium,Decline,105,,7,23899907.43,28258.76257
1484,53033008800,88,Census Tract 88,Central Area/Squire Park,5.3,2009,2.26,1428,-0.073770492,-0.07751938,High,Decline,240,,28,10210038.86,13202.52686
1485,53033008500,85,Census Tract 85,First Hill,6.1,2009,2.55,1689,-0.076086957,-0.07654456,High,Decline,884,,18,4854121.319,9025.581615
1486,53033026500,265,Census Tract 265,Highland Park,2.5,2009,0,0,0,0,,,0,,0,4617675.483,11234.96478
1487,53033011601,116.01,Census Tract 116.01,Fauntleroy/Seaview,1.2,2009,1.17,816,-0.040983607,-0.042253521,Low,Decline,80,,6,16710842.89,20011.96599
1488,53033011300,113,Census Tract 113,Highland Park,2.5,2009,1.32,1071,0.007633588,0.013245033,Low,Stable,328,,16,37260682.97,27184.16139
1489,53033011500,115,Census Tract 115,Roxhill/Westwood,2.4,2009,1.4,986,-0.072847682,-0.075913777,Low,Decline,250,,12,16558652.75,19887.30894
1490,53033010601,106.01,Census Tract 106.01,Fauntleroy/Seaview,1.2,2009,1.85,1132,-0.056122449,-0.058236273,Medium,Decline,381,,25,11724162.32,14458.83704
1491,53033001202,12.02,Census Tract 12.02,Northgate/Maple Leaf,8.1,2009,2.02,1484,-0.077625571,-0.078833023,Medium,Decline,585,,10,8841145.884,13324.99009
1492,53033000102,1.02,Census Tract 1.02,Cedar Park/Meadowbrook,8.3,2009,1.66,1209,-0.092896175,-0.091660406,Low,Decline,558,,14,15446821.48,19552.36233
1493,53033004701,47.01,Census Tract 47.01,Ballard,10.4,2009,2.16,1500,-0.076923077,-0.074645281,High,Decline,624,,48,6036028.326,13539.04763
1494,53033004500,45,Census Tract 45,Wallingford,11.2,2009,0,0,0,0,,,0,,0,7222109.888,11018.30209
1495,53033002900,29,Census Tract 29,Greenwood/Phinney Ridge,9.3,2009,1.69,1211,-0.066298343,-0.064864865,Medium,Decline,248,,24,10614791.11,13366.31967
1496,53033004201,42.01,Census Tract 42.01,Ravenna/Bryant,7.3,2009,1.42,1264,-0.083870968,-0.072633896,Low,Decline,178,,10,13390664.27,18286.14392
1497,53033007403,74.03,Census Tract 74.03,Capitol Hill,6.2,2009,2.18,1293,-0.072340426,-0.07444524,Medium,Decline,1007,,49,1276089.069,5227.495287
1498,53033007002,70.02,Census Tract 70.02,Queen Anne,12.3,2009,2.11,1365,-0.066371681,-0.068894952,Medium,Decline,1551,,74,4746869.846,9490.799057
1499,53033005803,58.03,Census Tract 58.03,Interbay,12.2,2009,1.49,1077,-0.032467532,-0.03060306,Low,Decline,355,,30,8956173.425,17129.19881
1500,53033005902,59.02,Census Tract 59.02,Queen Anne,12.3,2009,1.57,1210,-0.081871345,-0.077040427,Low,Decline,103,,10,11010649.89,15184.22057
1501,53033004902,49.02,Census Tract 49.02,Fremont,11.1,2009,2.15,1258,-0.077253219,-0.078388278,Medium,Decline,847,,62,6448262.34,10801.73149
1502,53033005801,58.01,Census Tract 58.01,Interbay,12.2,2009,1.54,1353,-0.066666667,-0.06496199,Medium,Decline,1022,,41,19618424.24,25500.01395
1503,53033007406,74.06,Census Tract 74.06,Capitol Hill,6.2,2009,2.15,1121,-0.069264069,-0.068162926,Medium,Decline,1078,,41,1623443.827,6764.477241
1504,53033007405,74.05,Census Tract 74.05,Capitol Hill,6.2,2009,2.13,1166,-0.077922078,-0.07826087,Medium,Decline,1307,,47,1418974.042,5012.79869
1505,53033009701,97.01,Census Tract 97.01,Alki/Admiral,1.4,2009,1.59,1331,-0.070175439,-0.069881202,Medium,Decline,395,,35,19291172.12,29764.00034
1506,53033009600,96,Census Tract 96,Alki/Admiral,1.4,2009,1.56,1265,-0.054545455,-0.056674124,Low,Decline,443,,33,19741501.65,20745.406
1507,53033008700,87,Census Tract 87,Central Area/Squire Park,5.3,2009,2.03,1175,-0.068807339,-0.066719619,Medium,Decline,485,,39,7883013.17,11432.38421
1508,53033011402,114.02,Census Tract 114.02,Roxhill/Westwood,2.4,2009,1.74,1044,-0.064516129,-0.066189624,Low,Decline,405,,23,12779277.86,17351.05501
1509,53033011200,112,Census Tract 112,South Park,3.1,2009,1.03,628,-0.028301887,-0.032357473,Low,Decline,175,,15,26463890.03,27002.33758
1510,53033010900,109,Census Tract 109,Georgetown,3.2,2009,1.94,966,-0.058252427,-0.064859632,Low,Decline,137,,13,51677122.71,44978.75384
1511,53033011002,110.02,Census Tract 110.02,South Beacon Hill/NewHolly,3.4,2009,0,0,0,0,,,0,,0,18508908.46,22511.12676
1512,53033011102,111.02,Census Tract 111.02,Seward Park,4.3,2009,1.15,794,-0.041666667,-0.046818727,Low,Decline,450,,22,13970026.69,20411.17006
1513,53033010702,107.02,Census Tract 107.02,High Point,2.2,2009,0,0,0,0,,,0,,0,8396926.793,14935.93024
1514,53033001100,11,Census Tract 11,Olympic Hills/Victory Heights,8.2,2009,0.99,751,-0.066037736,-0.069392813,Low,Decline,188,,11,11416399.59,14159.12735
1515,53033000700,7,Census Tract 7,Olympic Hills/Victory Heights,8.2,2009,1.45,1033,-0.064516129,-0.066003617,Low,Decline,810,,54,13932242.39,16134.02991
1516,53033000202,2.02,Census Tract 2.02,Olympic Hills/Victory Heights,8.2,2009,1.26,1008,-0.066666667,-0.064935065,Low,Decline,187,,6,15930118.49,17285.82737
1517,53033000101,1.01,Census Tract 1.01,Cedar Park/Meadowbrook,8.3,2009,1.34,954,-0.069444444,-0.069268293,Low,Decline,1032,,34,4465058.881,8662.074215
1518,53033003301,33.01,Census Tract 33.01,Whittier Heights,10.2,2009,2,1205,-0.074074074,-0.074500768,Medium,Decline,525,,58,7202858.493,11177.18133
1519,53033003602,36.02,Census Tract 36.02,Green Lake,9.4,2009,2.27,1322,-0.077235772,-0.077459874,High,Decline,552,,41,5621886.085,11471.09438
1520,53033001900,19,Census Tract 19,Northgate/Maple Leaf,8.1,2009,1.87,1380,-0.09223301,-0.090309822,Medium,Decline,516,,9,17945171.52,18948.48127
1521,53033001702,17.02,Census Tract 17.02,Greenwood/Phinney Ridge,9.3,2009,0,0,0,0,,,0,,0,13779275.76,17476.40751
1522,53033006500,65,Census Tract 65,North Capitol Hill,6.3,2009,2.05,1354,-0.059633028,-0.06232687,Medium,Decline,1017,,76,12352257.76,17921.50133
1523,53033006200,62,Census Tract 62,Montlake/Portage Bay,7.1,2009,0,0,0,0,,,0,,0,24610619.74,40010.59926
1524,53033005305,53.05,Census Tract 53.05,University District,7.2,2009,2.21,1068,-0.071428571,-0.072111208,Medium,Decline,1174,,46,2292236.616,6048.609222
1525,53033002600,26,Census Tract 26,Ravenna/Bryant,7.3,2009,2.21,1376,-0.08677686,-0.084497671,High,Decline,191,,5,13398040.18,15933.9379
1526,53033002000,20,Census Tract 20,Northgate/Maple Leaf,8.1,2009,1.48,1110,-0.080745342,-0.078838174,Low,Decline,206,,9,12183878.82,15509.54571
1527,53033006300,63,Census Tract 63,Madison Park,6.5,2009,1.61,1223,-0.08,-0.081831832,Low,Decline,578,,20,27750333.4,36285.84892
1528,53033006600,66,Census Tract 66,Cascade/Eastlake,11.3,2009,1.99,1322,-0.070093458,-0.069014085,Medium,Decline,1467,,81,11110296.85,21995.1063
1529,53033006900,69,Census Tract 69,Queen Anne,12.3,2009,1.71,1132,-0.075675676,-0.072131148,Low,Decline,468,,34,9742176.65,15666.54395
1530,53033006000,60,Census Tract 60,Queen Anne,12.3,2009,2.06,1520,-0.072072072,-0.073170732,High,Decline,760,,56,14158764.71,19123.03263
1531,53033005201,52.01,Census Tract 52.01,Wallingford,11.2,2009,2.47,1139,-0.078358209,-0.078478964,Medium,Decline,273,,19,7536632.481,14175.92406
1532,53033005000,50,Census Tract 50,Wallingford,11.2,2009,2.14,1346,-0.077586207,-0.075549451,Medium,Decline,897,,62,8151942.295,11560.14801
1533,53033008600,86,Census Tract 86,First Hill,6.1,2009,2.33,1268,-0.079051383,-0.077818182,Medium,Decline,1003,,46,7656616.626,11640.72061
1534,53033008002,80.02,Census Tract 80.02,Belltown,13.1,2009,2.66,1900,-0.095238095,-0.094375596,High,Decline,1131,,14,2522029.808,7998.382466
1535,53033007901,79.01,Census Tract 79.01,Central Area/Squire Park,5.3,2009,2.04,1310,-0.081081081,-0.078114004,Medium,Decline,863,,46,2876299.502,7879.404339
1536,53033007202,72.02,Census Tract 72.02,Cascade/Eastlake,11.3,2009,2.62,1936,-0.087108014,-0.087223008,High,Decline,559,,10,3020075.663,7591.701883
1537,53033007301,73.01,Census Tract 73.01,Cascade/Eastlake,11.3,2009,2.36,1659,-0.081712062,-0.08037694,High,Decline,746,,9,2699344.108,7422.610693
1538,53033010302,103.02,Census Tract 103.02,Columbia City,4.2,2009,2.18,1525,-0.084033613,-0.083533654,High,Decline,259,,17,6804418.751,11267.2532
1539,53033009100,91,Census Tract 91,Pioneer Square/International District,13.3,2009,2.29,1458,-0.080321285,-0.081285444,High,Decline,920,,15,4419685.266,10608.38541
1540,53033009200,92,Census Tract 92,Pioneer Square/International District,13.3,2009,2.3,1364,-0.06122449,-0.063186813,High,Decline,321,,10,3456088.55,12687.12119
1541,53033011700,117,Census Tract 117,South Beacon Hill/NewHolly,3.4,2009,0,0,0,0,,,0,,0,37826036.26,29439.62674
1542,53033000500,5,Census Tract 5,Broadview/Bitter Lake,9.1,2009,0,0,0,0,,,0,,0,30294741.05,27094.56678
1543,53033000601,6.01,Census Tract 6.01,Haller Lake,9.5,2009,1.31,923,-0.064285714,-0.065789474,Low,Decline,610,,17,15404952.58,20078.95648
1544,53033003500,35,Census Tract 35,Greenwood/Phinney Ridge,9.3,2009,2.09,1050,-0.079295154,-0.077328647,Medium,Decline,259,,21,13828061.67,16634.34896
1545,53033001500,15,Census Tract 15,North Beach/Blue Ridge,10.1,2009,0.86,1003,-0.011494253,-0.006930693,Low,Decline,59,,4,12300447.06,13960.37955
1546,53033001400,14,Census Tract 14,North Beach/Blue Ridge,10.1,2009,1.39,1124,-0.067114094,-0.068765534,Low,Decline,433,,21,23073388.66,30536.33745
1547,53033001300,13,Census Tract 13,Licton Springs,9.2,2009,1.5,938,-0.050632911,-0.047715736,Low,Decline,870,,72,12710036.99,14881.08705
1548,53033003800,38,Census Tract 38,Ravenna/Bryant,7.3,2009,2.55,1306,-0.082733813,-0.080928923,High,Decline,159,,6,6722791.394,10392.53155
1549,53033007001,70.01,Census Tract 70.01,Queen Anne,12.3,2009,1.95,1162,-0.071428571,-0.071143086,Medium,Decline,1377,,50,3856290.05,9530.302569
1550,53033004800,48,Census Tract 48,Fremont,11.1,2009,2.11,1263,-0.07860262,-0.076079005,Medium,Decline,216,,25,13833886.82,18822.23657
1551,53033005100,51,Census Tract 51,Wallingford,11.2,2009,2.85,1245,-0.077669903,-0.077777778,High,Decline,292,,23,9490350.153,13462.59155
1552,53033008200,82,Census Tract 82,First Hill,6.1,2009,2.53,1929,-0.086642599,-0.084914611,High,Decline,1279,,13,4044773.826,9102.140341
1553,53033010101,101.01,Census Tract 101.01,Columbia City,4.2,2009,2.3,1232,-0.08,-0.081967213,Medium,Decline,177,,8,9381810.131,15311.65671
1554,53033012100,121,Census Tract 121,Arbor Heights,1.1,2009,0,0,0,0,,,0,,0,18538900.93,25983.61624
1555,53033011901,119.01,Census Tract 119.01,Rainier Beach,4.1,2009,0,0,0,0,,,0,,0,18097640.74,20485.64554
1556,53033000602,6.02,Census Tract 6.02,Haller Lake,9.5,2009,1.25,1075,-0.080882353,-0.078834619,Low,Decline,396,,9,25947507.86,23221.70475
1557,53033000201,2.01,Census Tract 2.01,Olympic Hills/Victory Heights,8.2,2009,1.21,992,-0.097014925,-0.095715588,Low,Decline,836,,12,19446176.32,18651.57808
1558,53033003302,33.02,Census Tract 33.02,Whittier Heights,10.2,2009,1.72,1131,-0.07027027,-0.064516129,Low,Decline,452,,52,6749336.486,10550.81793
1559,53033005304,53.04,Census Tract 53.04,University District,7.2,2009,0,0,0,0,,,0,,0,786047.0981,4083.126066
1560,53033004202,42.02,Census Tract 42.02,Ravenna/Bryant,7.3,2009,2.39,1652,-0.080769231,-0.080178174,High,Decline,54,,5,13141688.45,15651.66637
1561,53033007404,74.04,Census Tract 74.04,Capitol Hill,6.2,2009,2.12,1242,-0.061946903,-0.060514372,Medium,Decline,1177,,61,1654579.828,5775.699987
1562,53033006701,67.01,Census Tract 67.01,Queen Anne,12.3,2009,2.56,1905,-0.111111111,-0.108980355,High,Decline,850,,16,3639833.178,12143.77924
1563,53033007800,78,Census Tract 78,Madrona/Leschi,5.1,2009,1.72,1335,-0.085106383,-0.081843191,Medium,Decline,79,,5,22245158.16,28746.37352
1564,53033007503,75.03,Census Tract 75.03,Capitol Hill,6.2,2009,2.58,1659,-0.078571429,-0.078333333,High,Decline,357,,15,2018614.368,6484.389482
1565,53033007201,72.01,Census Tract 72.01,Cascade/Eastlake,11.3,2009,2.28,1526,-0.109375,-0.10864486,High,Decline,1926,,13,1622558.9,5873.216511
1566,53033007203,72.03,Census Tract 72.03,Cascade/Eastlake,11.3,2009,2.91,2069,-0.082018927,-0.082890071,High,Decline,424,,8,6238804.943,12493.9648
1567,53033010301,103.01,Census Tract 103.01,Columbia City,4.2,2009,1.35,1186,-0.087837838,-0.082043344,Low,Decline,52,,4,10792262.46,16924.36851
1568,53033009900,99,Census Tract 99,North Delridge,2.1,2009,1.91,1115,-0.072815534,-0.070058382,Medium,Decline,464,,16,70254374.71,64633.66158
1569,53033009500,95,Census Tract 95,Mt. Baker/North Rainier,4.4,2009,2.22,1047,-0.078838174,-0.080772608,Medium,Decline,140,,12,27424305.67,29618.2113
1570,53033009400,94,Census Tract 94,North Beacon Hill/Jefferson Park,3.6,2009,2.43,1390,-0.079545455,-0.078860172,High,Decline,515,,53,18150625.68,18874.58318
1571,53033011801,118.01,Census Tract 118.01,Rainier Beach,4.1,2009,1.3,919,-0.057971014,-0.056468172,Low,Decline,269,,13,12671173.51,15849.81354
1572,53033011602,116.02,Census Tract 116.02,Fauntleroy/Seaview,1.2,2009,1.3,907,-0.071428571,-0.073544433,Low,Decline,113,,13,16924173.23,24704.04057
1573,53033011401,114.01,Census Tract 114.01,Roxhill/Westwood,2.4,2009,1.37,1196,-0.021428571,-0.021276596,Low,Decline,565,,6,13273369.14,17478.05916
1574,53033010701,107.01,Census Tract 107.01,High Point,2.2,2009,1.06,899,-0.027522936,-0.03125,Low,Decline,214,,5,15726285.72,21302.36518
1575,53033010602,106.02,Census Tract 106.02,Fauntleroy/Seaview,1.2,2009,1.46,970,-0.039473684,-0.042448174,Low,Decline,324,,21,15462014.06,23774.94714
1576,53033000900,9,Census Tract 9,Cedar Park/Meadowbrook,8.3,2009,0,0,0,0,,,0,,0,10031158.89,20828.1662
1577,53033000402,4.02,Census Tract 4.02,Broadview/Bitter Lake,9.1,2009,1.41,947,-0.06,-0.060515873,Low,Decline,480,,27,19362220.52,21397.1753
1578,53033000300,3,Census Tract 3,Haller Lake,9.5,2009,1.16,877,-0.049180328,-0.053937433,Low,Decline,83,,7,13033864.6,17298.02954
1579,53033003202,32.02,Census Tract 32.02,Sunset Hill/Loyal Heights,10.3,2009,1.94,1318,-0.067307692,-0.066572238,Medium,Decline,345,,34,10289818.46,12945.39486
1580,53033003000,30,Census Tract 30,Whittier Heights,10.2,2009,1.95,1221,-0.075829384,-0.077097506,Medium,Decline,175,,23,16072222.01,16061.94762
1581,53033001701,17.01,Census Tract 17.01,Greenwood/Phinney Ridge,9.3,2009,2.33,1466,-0.079051383,-0.076244486,High,Decline,561,,29,9609026.085,17164.45478
1582,53033001600,16,Census Tract 16,North Beach/Blue Ridge,10.1,2009,2.47,1477,-0.078358209,-0.08089608,High,Decline,143,,11,20575392.71,23147.64598
1583,53033002100,21,Census Tract 21,Wedgwood/View Ridge,7.4,2009,2.7,1061,-0.075342466,-0.075783972,High,Decline,188,,16,14696796.74,16139.92186
1584,53033003900,39,Census Tract 39,Wedgwood/View Ridge,7.4,2009,1.45,993,-0.058441558,-0.058767773,Low,Decline,108,,8,10481334.98,13200.90921
1585,53033007102,71.02,Census Tract 71.02,Queen Anne,12.3,2009,2.38,1550,-0.167832168,-0.164420485,High,Decline,724,,21,3615500.898,11499.94075
1586,53033006702,67.02,Census Tract 67.02,Queen Anne,12.3,2009,2.6,1770,-0.078014184,-0.079563183,High,Decline,427,,32,3280147.995,8593.864905
1587,53033005401,54.01,Census Tract 54.01,Fremont,11.1,2009,2.36,1520,-0.078125,-0.079345851,High,Decline,375,,32,7892270.588,19740.10787
1588,53033008004,80.04,Census Tract 80.04,Belltown,13.1,2009,2.31,1769,-0.076,-0.07382199,High,Decline,738,,7,2908326.633,14944.97959
1589,53033008003,80.03,Census Tract 80.03,Belltown,13.1,2009,2.6,1700,-0.084507042,-0.085529855,High,Decline,402,,7,2122043.711,8720.999421
1590,53033008402,84.02,Census Tract 84.02,Capitol Hill,6.2,2009,2.27,1386,-0.073469388,-0.073529412,High,Decline,1187,,40,1565507.715,5220.868487
1591,53033007303,73.03,Census Tract 73.03,Cascade/Eastlake,11.3,2009,3.25,2646,-0.081920904,-0.080930879,High,Decline,386,,3,3374596.393,7984.863522
1592,53033010002,100.02,Census Tract 100.02,North Beacon Hill/Jefferson Park,3.6,2009,1.82,1140,-0.06185567,-0.059405941,Medium,Decline,419,,19,10204645.64,13732.76539
1593,53033011902,119.02,Census Tract 119.02,Rainier Beach,4.1,2009,0,0,0,0,,,0,,0,16290813.63,28897.59863
1594,53033011802,118.02,Census Tract 118.02,Rainier Beach,4.1,2009,1.21,740,-0.062015504,-0.064475348,Low,Decline,67,,3,12323056.74,17201.54679
1595,53033004703,47.03,Census Tract 47.03,Ballard,10.4,2009,2.16,1207,-0.044247788,-0.045849802,Medium,Decline,739,,53,13030918.14,18718.85939
1596,53033001000,10,Census Tract 10,Cedar Park/Meadowbrook,8.3,2009,1.17,889,0,-0.003363229,Low,Decline,122,,5,10270271.69,13147.0306
1597,53033000403,4.03,Census Tract 4.03,Broadview/Bitter Lake,9.1,2009,1.36,1029,-0.028571429,-0.031073446,Low,Decline,409,,11,7881185.923,14097.02669
1598,53033003201,32.01,Census Tract 32.01,Sunset Hill/Loyal Heights,10.3,2009,2.29,1469,-0.069105691,-0.070253165,High,Decline,618,,27,11927788.62,32094.50339
1599,53033004600,46,Census Tract 46,Green Lake,9.4,2009,1.74,1086,-0.011363636,-0.021621622,Low,Decline,65,,7,27829368.76,25514.224
1600,53033004702,47.02,Census Tract 47.02,Ballard,10.4,2009,2.29,1378,-0.080321285,-0.078877005,High,Decline,402,,36,2867507.734,6956.449675
1601,53033002700,27,Census Tract 27,Green Lake,9.4,2009,1.46,1065,-0.075949367,-0.076322637,Low,Decline,284,,23,17058079.28,21942.83528
1602,53033001800,18,Census Tract 18,Licton Springs,9.2,2009,1.6,1120,-0.047619048,-0.046808511,Low,Decline,608,,59,10182882.27,13946.10003
1603,53033005202,52.02,Census Tract 52.02,Wallingford,11.2,2009,2.11,1224,-0.070484581,-0.069908815,Medium,Decline,995,,45,2865193.636,7845.303217
1604,53033005303,53.03,Census Tract 53.03,University District,7.2,2009,0,0,0,0,,,0,,0,24349784.49,33904.62137
1605,53033004402,44.02,Census Tract 44.02,University District,7.2,2009,2.22,1113,-0.071129707,-0.069397993,Medium,Decline,918,,58,3175021.433,7487.979857
1606,53033004401,44.01,Census Tract 44.01,University District,7.2,2009,2.39,1095,-0.073643411,-0.075949367,Medium,Decline,324,,28,7479571.761,12948.97514
1607,53033005307,53.07,Census Tract 53.07,University District,7.2,2009,2.39,1012,-0.084291188,-0.082502267,Medium,Decline,345,,18,1399526.48,4758.85069
1608,53033004101,41.01,Census Tract 41.01,Laurelhurst/Sand Point,7.5,2009,1.47,966,0.020833333,0.018987342,Low,Stable,71,,3,16716852.66,24230.15794
1609,53033005402,54.02,Census Tract 54.02,Fremont,11.1,2009,2.32,1429,-0.079365079,-0.07865893,High,Decline,391,,39,4993141.865,10063.79785
1610,53033007700,77,Census Tract 77,Central Area/Squire Park,5.3,2009,2.54,1134,-0.048689139,-0.050251256,High,Decline,315,,20,11391208.22,15242.20976
1611,53033007502,75.02,Census Tract 75.02,Capitol Hill,6.2,2009,2.36,1405,-0.078125,-0.077478661,High,Decline,913,,57,3400503.555,7403.629293
1612,53033007600,76,Census Tract 76,Miller Park,6.4,2009,2.27,1325,-0.073469388,-0.072778167,High,Decline,682,,46,6155389.389,9906.368336
1613,53033010200,102,Census Tract 102,Seward Park,4.3,2009,1.19,830,-0.084615385,-0.081858407,Low,Decline,76,,4,30129079.21,33439.4694
1614,53033010401,104.01,Census Tract 104.01,Beacon Hill,3.5,2009,0,0,0,0,,,0,,0,17543421.03,17342.9302
1615,53033010402,104.02,Census Tract 104.02,Beacon Hill,3.5,2009,1.28,974,-0.085714286,-0.081998115,Low,Decline,71,,5,18759692.89,18925.04301
1616,53033010501,105.01,Census Tract 105.01,West Seattle Junction/Genesee Hill,1.3,2009,2.15,1503,-0.081196581,-0.081295844,High,Decline,280,,12,7986746.715,12490.0968
1617,53033010102,101.02,Census Tract 101.02,Columbia City,4.2,2009,0,0,0,0,,,0,,0,17314610.04,22274.17077
1618,53033009802,98.02,Census Tract 98.02,West Seattle Junction/Genesee Hill,1.3,2009,2.24,1326,-0.074380165,-0.077244259,Medium,Decline,200,,18,9927510.523,12982.75493
1619,53033009000,90,Census Tract 90,Judkins Park,5.2,2009,2.07,1402,-0.084070796,-0.083660131,Medium,Decline,442,,15,9212173.197,14319.10299
1620,53033026400,264,Census Tract 264,South Park,3.1,2009,0,0,0,0,,,0,,0,461382.0486,5763.407674
1621,53033001201,12.01,Census Tract 12.01,Northgate/Maple Leaf,8.1,2010,1.68,1194,0.05,0.050131926,Low,Significant Rise,1209,High,21,10851861.64,15899.77334
1622,53033000404,4.04,Census Tract 4.04,Broadview/Bitter Lake,9.1,2010,1.43,1157,0.028776978,0.030276046,Low,Significant Rise,515,High,8,6791652.724,12962.55841
1623,53033004901,49.01,Census Tract 49.01,Fremont,11.1,2010,2.02,1197,0.035897436,0.036363636,Medium,Significant Rise,991,High,108,5350888.215,9379.655767
1624,53033003601,36.01,Census Tract 36.01,Green Lake,9.4,2010,2.3,1314,0.017699115,0.017815647,Medium,Significant Rise,631,High,36,7255879.068,11894.28889
1625,53033002800,28,Census Tract 28,Greenwood/Phinney Ridge,9.3,2010,1.78,1115,0.040935673,0.0410831,Low,Significant Rise,326,High,33,10637151.82,13201.3113
1626,53033003100,31,Census Tract 31,Sunset Hill/Loyal Heights,10.3,2010,1.49,1025,0.027586207,0.029116466,Low,Significant Rise,112,High,15,23137464.05,24704.5678
1627,53033006400,64,Census Tract 64,Miller Park,6.4,2010,1.98,1672,0.042105263,0.04044804,High,Significant Rise,103,,5,9726351.904,13186.77018
1628,53033004301,43.01,Census Tract 43.01,Ravenna/Bryant,7.3,2010,2.95,1902,0.042402827,0.042191781,High,Significant Rise,69,,8,10539780.57,17192.70375
1629,53033002500,25,Census Tract 25,Ravenna/Bryant,7.3,2010,2.57,1944,0.044715447,0.041242635,High,Significant Rise,64,,3,10594634.3,16442.96859
1630,53033002200,22,Census Tract 22,Wedgwood/View Ridge,7.4,2010,2.18,1860,0.043062201,0.042600897,High,Significant Rise,73,,5,30127208.02,28505.80679
1631,53033004000,40,Census Tract 40,Laurelhurst/Sand Point,7.5,2010,1.46,990,0,0.003039514,Low,Significant Rise,54,High,2,26374983.68,27560.01384
1632,53033005804,58.04,Census Tract 58.04,Interbay,12.2,2010,2.16,1436,0.043478261,0.0413343,Medium,Significant Rise,577,High,35,25124062.74,48668.27224
1633,53033006800,68,Census Tract 68,Queen Anne,12.3,2010,2.84,1896,0.04029304,0.042330951,High,Significant Rise,298,,25,7729250.272,11275.37735
1634,53033008102,81.02,Census Tract 81.02,Downtown Commercial Core,13.2,2010,3.68,3223,0.057471264,0.056028834,High,Significant Rise,173,,5,5987812.086,14339.99503
1635,53033008101,81.01,Census Tract 81.01,Downtown Commercial Core,13.2,2010,1.74,1515,0.01754386,0.017461383,Medium,Significant Rise,885,High,5,2992165.479,11427.14676
1636,53033007902,79.02,Census Tract 79.02,Central Area/Squire Park,5.3,2010,2.11,1439,0.044554455,0.044267054,Medium,Significant Rise,514,High,15,4641637.8,9715.120877
1637,53033007302,73.02,Census Tract 73.02,Cascade/Eastlake,11.3,2010,2.97,2405,0.049469965,0.050218341,High,Significant Rise,988,,5,3368769.265,7802.426354
1638,53033007101,71.01,Census Tract 71.01,Queen Anne,12.3,2010,2.51,1671,0.041493776,0.043071161,High,Significant Rise,654,,18,5328474.607,9004.947227
1639,53033009300,93,Census Tract 93,Duwamish/SODO,3.3,2010,2.3,1648,0.050228311,0.047679593,High,Significant Rise,268,,11,102171584.8,53946.37345
1640,53033010502,105.02,Census Tract 105.02,West Seattle Junction/Genesee Hill,1.3,2010,1.93,1305,0.037634409,0.039012739,Medium,Significant Rise,746,High,23,10504351.34,14546.13624
1641,53033010001,100.01,Census Tract 100.01,North Beacon Hill/Jefferson Park,3.6,2010,2.1,1336,0.055276382,0.05362776,Medium,Significant Rise,248,High,17,25052474.61,25628.92453
1642,53033009801,98.01,Census Tract 98.01,West Seattle Junction/Genesee Hill,1.3,2010,2.29,1534,0.0456621,0.042828008,High,Significant Rise,224,,20,10814248.94,13291.54908
1643,53033008900,89,Census Tract 89,Madrona/Leschi,5.1,2010,2.44,1685,0.042735043,0.04269802,High,Significant Rise,239,,16,13690717.17,19328.7464
1644,53033026300,263,Census Tract 263,Rainier Beach,4.1,2010,0,0,0,0,,,0,,0,30724.63332,954.0480244
1645,53033012000,120,Census Tract 120,Arbor Heights,1.1,2010,0,0,0,0,,,0,,0,15560990.44,16787.97428
1646,53033011101,111.01,Census Tract 111.01,Columbia City,4.2,2010,2.07,1366,0.045454545,0.041952708,Medium,Significant Rise,170,High,13,12236718.08,15552.07435
1647,53033011001,110.01,Census Tract 110.01,South Beacon Hill/NewHolly,3.4,2010,0,0,0,0,,,0,,0,11629041.07,16287.35531
1648,53033010800,108,Census Tract 108,Riverview,2.3,2010,1.57,1096,0.046666667,0.042816365,Low,Significant Rise,59,High,3,44087445.22,39019.3475
1649,53033000800,8,Census Tract 8,Cedar Park/Meadowbrook,8.3,2010,0,0,0,0,,,0,,0,12290810.02,15312.08746
1650,53033003400,34,Census Tract 34,Greenwood/Phinney Ridge,9.3,2010,1.28,787,0.015873016,0.012870013,Low,Significant Rise,93,High,9,8472471.715,12629.32293
1651,53033005306,53.06,Census Tract 53.06,University District,7.2,2010,2.11,1170,0.044554455,0.044642857,Medium,Significant Rise,680,High,18,2157906.058,5954.872623
1652,53033004302,43.02,Census Tract 43.02,Ravenna/Bryant,7.3,2010,2.49,1516,0.059574468,0.059399022,High,Significant Rise,1023,,59,3564115.67,7987.274419
1653,53033002400,24,Census Tract 24,Wedgwood/View Ridge,7.4,2010,0,0,0,0,,,0,,0,10359919.78,13151.71252
1654,53033004102,41.02,Census Tract 41.02,Laurelhurst/Sand Point,7.5,2010,1.77,1257,0.041176471,0.043153527,Medium,Significant Rise,487,High,7,17933927.27,23350.80029
1655,53033005600,56,Census Tract 56,Magnolia,12.1,2010,0,0,0,0,,,0,,0,32045056.14,29943.50553
1656,53033006703,67.03,Census Tract 67.03,Queen Anne,12.3,2010,1.6,1248,0.066666667,0.06940874,Low,Significant Rise,608,High,35,6427171.884,10846.49304
1657,53033006100,61,Census Tract 61,Montlake/Portage Bay,7.1,2010,2.41,1403,0.043290043,0.047014925,High,Significant Rise,1127,,82,11959193.74,21477.26483
1658,53033005700,57,Census Tract 57,Magnolia,12.1,2010,1.69,1268,0.030487805,0.030894309,Low,Significant Rise,352,High,28,53305584.43,44506.56554
1659,53033005901,59.01,Census Tract 59.01,Queen Anne,12.3,2010,1.82,1173,0,0.002564103,Low,Significant Rise,389,High,29,8449086.719,19075.29242
1660,53033008401,84.01,Census Tract 84.01,Capitol Hill,6.2,2010,2.65,1696,0.043307087,0.043692308,High,Significant Rise,783,,18,2700766.609,9275.818268
1661,53033008300,83,Census Tract 83,First Hill,6.1,2010,2.17,1469,0.033333333,0.034507042,Medium,Significant Rise,867,High,12,2561276.498,8632.134894
1662,53033007501,75.01,Census Tract 75.01,Capitol Hill,6.2,2010,2.32,1335,0.045045045,0.045418951,Medium,Significant Rise,1454,High,82,3210519.937,7219.623642
1663,53033009702,97.02,Census Tract 97.02,West Seattle Junction/Genesee Hill,1.3,2010,1.92,1239,0.043478261,0.042052145,Medium,Significant Rise,105,High,7,23899907.43,28258.76257
1664,53033008800,88,Census Tract 88,Central Area/Squire Park,5.3,2010,2.35,1487,0.039823009,0.041316527,High,Significant Rise,240,,28,10210038.86,13202.52686
1665,53033008500,85,Census Tract 85,First Hill,6.1,2010,2.65,1760,0.039215686,0.042036708,High,Significant Rise,884,,18,4854121.319,9025.581615
1666,53033026500,265,Census Tract 265,Highland Park,2.5,2010,0,0,0,0,,,0,,0,4617675.483,11234.96478
1667,53033011601,116.01,Census Tract 116.01,Fauntleroy/Seaview,1.2,2010,1.22,847,0.042735043,0.037990196,Low,Significant Rise,80,High,6,16710842.89,20011.96599
1668,53033011300,113,Census Tract 113,Highland Park,2.5,2010,1.34,1084,0.015151515,0.012138189,Low,Significant Rise,328,High,16,37260682.97,27184.16139
1669,53033011500,115,Census Tract 115,Roxhill/Westwood,2.4,2010,1.45,1025,0.035714286,0.039553753,Low,Significant Rise,250,High,12,16558652.75,19887.30894
1670,53033010601,106.01,Census Tract 106.01,Fauntleroy/Seaview,1.2,2010,1.91,1169,0.032432432,0.032685512,Medium,Significant Rise,381,High,25,11724162.32,14458.83704
1671,53033001202,12.02,Census Tract 12.02,Northgate/Maple Leaf,8.1,2010,2.1,1549,0.03960396,0.043800539,Medium,Significant Rise,585,High,10,8841145.884,13324.99009
1672,53033000102,1.02,Census Tract 1.02,Cedar Park/Meadowbrook,8.3,2010,1.74,1266,0.048192771,0.047146402,Medium,Significant Rise,558,High,14,15446821.48,19552.36233
1673,53033004701,47.01,Census Tract 47.01,Ballard,10.4,2010,2.24,1558,0.037037037,0.038666667,High,Significant Rise,892,,49,6036028.326,13539.04763
1674,53033004500,45,Census Tract 45,Wallingford,11.2,2010,0,0,0,0,,,0,,0,7222109.888,11018.30209
1675,53033002900,29,Census Tract 29,Greenwood/Phinney Ridge,9.3,2010,1.76,1257,0.041420118,0.037985136,Medium,Significant Rise,248,High,24,10614791.11,13366.31967
1676,53033004201,42.01,Census Tract 42.01,Ravenna/Bryant,7.3,2010,1.48,1315,0.042253521,0.040348101,Low,Significant Rise,178,High,10,13390664.27,18286.14392
1677,53033007403,74.03,Census Tract 74.03,Capitol Hill,6.2,2010,2.26,1340,0.036697248,0.036349575,Medium,Significant Rise,1289,High,49,1276089.069,5227.495287
1678,53033007002,70.02,Census Tract 70.02,Queen Anne,12.3,2010,2.19,1419,0.037914692,0.03956044,Medium,Significant Rise,1551,High,74,4746869.846,9490.799057
1679,53033005803,58.03,Census Tract 58.03,Interbay,12.2,2010,1.53,1107,0.026845638,0.027855153,Low,Significant Rise,355,High,30,8956173.425,17129.19881
1680,53033005902,59.02,Census Tract 59.02,Queen Anne,12.3,2010,1.63,1251,0.038216561,0.033884298,Low,Significant Rise,103,High,10,11010649.89,15184.22057
1681,53033004902,49.02,Census Tract 49.02,Fremont,11.1,2010,2.28,1331,0.060465116,0.058028617,Medium,Significant Rise,847,High,62,6448262.34,10801.73149
1682,53033005801,58.01,Census Tract 58.01,Interbay,12.2,2010,1.6,1407,0.038961039,0.039911308,Medium,Significant Rise,1022,High,41,19618424.24,25500.01395
1683,53033007406,74.06,Census Tract 74.06,Capitol Hill,6.2,2010,2.23,1162,0.037209302,0.036574487,Medium,Significant Rise,1078,High,41,1623443.827,6764.477241
1684,53033007405,74.05,Census Tract 74.05,Capitol Hill,6.2,2010,2.21,1208,0.037558685,0.036020583,Medium,Significant Rise,1307,High,47,1418974.042,5012.79869
1685,53033009701,97.01,Census Tract 97.01,Alki/Admiral,1.4,2010,1.65,1377,0.037735849,0.034560481,Medium,Significant Rise,395,High,35,19291172.12,29764.00034
1686,53033009600,96,Census Tract 96,Alki/Admiral,1.4,2010,1.63,1320,0.044871795,0.043478261,Medium,Significant Rise,443,High,33,19741501.65,20745.406
1687,53033008700,87,Census Tract 87,Central Area/Squire Park,5.3,2010,2.11,1219,0.039408867,0.037446809,Medium,Significant Rise,479,High,38,7883013.17,11432.38421
1688,53033011402,114.02,Census Tract 114.02,Roxhill/Westwood,2.4,2010,1.8,1083,0.034482759,0.037356322,Low,Significant Rise,405,High,23,12779277.86,17351.05501
1689,53033011200,112,Census Tract 112,South Park,3.1,2010,1.07,648,0.038834951,0.031847134,Low,Significant Rise,175,High,15,26463890.03,27002.33758
1690,53033010900,109,Census Tract 109,Georgetown,3.2,2010,2.02,1007,0.041237113,0.042443064,Low,Significant Rise,137,High,13,51677122.71,44978.75384
1691,53033011002,110.02,Census Tract 110.02,South Beacon Hill/NewHolly,3.4,2010,0,0,0,0,,,0,,0,18508908.46,22511.12676
1692,53033011102,111.02,Census Tract 111.02,Seward Park,4.3,2010,1.18,819,0.026086957,0.031486146,Low,Significant Rise,450,High,22,13970026.69,20411.17006
1693,53033010702,107.02,Census Tract 107.02,High Point,2.2,2010,0,0,0,0,,,0,,0,8396926.793,14935.93024
1694,53033001100,11,Census Tract 11,Olympic Hills/Victory Heights,8.2,2010,1.03,781,0.04040404,0.039946738,Low,Significant Rise,188,High,11,11416399.59,14159.12735
1695,53033000700,7,Census Tract 7,Olympic Hills/Victory Heights,8.2,2010,1.51,1075,0.04137931,0.040658277,Low,Significant Rise,810,High,54,13932242.39,16134.02991
1696,53033000202,2.02,Census Tract 2.02,Olympic Hills/Victory Heights,8.2,2010,1.31,1050,0.03968254,0.041666667,Low,Significant Rise,182,High,5,15930118.49,17285.82737
1697,53033000101,1.01,Census Tract 1.01,Cedar Park/Meadowbrook,8.3,2010,1.38,985,0.029850746,0.032494759,Low,Significant Rise,1032,High,34,4465058.881,8662.074215
1698,53033003301,33.01,Census Tract 33.01,Whittier Heights,10.2,2010,2.08,1253,0.04,0.039834025,Medium,Significant Rise,525,High,58,7202858.493,11177.18133
1699,53033003602,36.02,Census Tract 36.02,Green Lake,9.4,2010,2.37,1376,0.044052863,0.040847201,High,Significant Rise,552,,41,5621886.085,11471.09438
1700,53033001900,19,Census Tract 19,Northgate/Maple Leaf,8.1,2010,1.96,1447,0.048128342,0.048550725,Medium,Significant Rise,516,High,9,17945171.52,18948.48127
1701,53033001702,17.02,Census Tract 17.02,Greenwood/Phinney Ridge,9.3,2010,0,0,0,0,,,0,,0,13779275.76,17476.40751
1702,53033006500,65,Census Tract 65,North Capitol Hill,6.3,2010,2.12,1405,0.034146341,0.037666174,Medium,Significant Rise,999,High,74,12352257.76,17921.50133
1703,53033006200,62,Census Tract 62,Montlake/Portage Bay,7.1,2010,0,0,0,0,,,0,,0,24610619.74,40010.59926
1704,53033005305,53.05,Census Tract 53.05,University District,7.2,2010,2.3,1111,0.040723982,0.040262172,Medium,Significant Rise,1174,High,46,2292236.616,6048.609222
1705,53033002600,26,Census Tract 26,Ravenna/Bryant,7.3,2010,2.32,1444,0.049773756,0.049418605,High,Significant Rise,191,,5,13398040.18,15933.9379
1706,53033002000,20,Census Tract 20,Northgate/Maple Leaf,8.1,2010,1.54,1156,0.040540541,0.041441441,Low,Significant Rise,206,High,9,12183878.82,15509.54571
1707,53033006300,63,Census Tract 63,Madison Park,6.5,2010,1.68,1276,0.043478261,0.043336059,Low,Significant Rise,578,High,20,27750333.4,36285.84892
1708,53033006600,66,Census Tract 66,Cascade/Eastlake,11.3,2010,2.04,1360,0.025125628,0.028744327,Medium,Significant Rise,1467,High,81,11110296.85,21995.1063
1709,53033006900,69,Census Tract 69,Queen Anne,12.3,2010,1.78,1178,0.040935673,0.040636042,Low,Significant Rise,468,High,34,9742176.65,15666.54395
1710,53033006000,60,Census Tract 60,Queen Anne,12.3,2010,2.16,1590,0.048543689,0.046052632,High,Significant Rise,760,,56,14158764.71,19123.03263
1711,53033005201,52.01,Census Tract 52.01,Wallingford,11.2,2010,2.57,1188,0.04048583,0.043020193,Medium,Significant Rise,273,High,19,7536632.481,14175.92406
1712,53033005000,50,Census Tract 50,Wallingford,11.2,2010,2.23,1402,0.042056075,0.041604755,Medium,Significant Rise,904,High,63,8151942.295,11560.14801
1713,53033008600,86,Census Tract 86,First Hill,6.1,2010,2.47,1341,0.060085837,0.057570978,High,Significant Rise,982,,43,7656616.626,11640.72061
1714,53033008002,80.02,Census Tract 80.02,Belltown,13.1,2010,2.82,2011,0.060150376,0.058421053,High,Significant Rise,1131,,14,2522029.808,7998.382466
1715,53033007901,79.01,Census Tract 79.01,Central Area/Squire Park,5.3,2010,2.13,1364,0.044117647,0.041221374,Medium,Significant Rise,863,High,46,2876299.502,7879.404339
1716,53033007202,72.02,Census Tract 72.02,Cascade/Eastlake,11.3,2010,2.75,2032,0.049618321,0.049586777,High,Significant Rise,559,,10,3020075.663,7591.701883
1717,53033007301,73.01,Census Tract 73.01,Cascade/Eastlake,11.3,2010,2.44,1716,0.033898305,0.034358047,High,Significant Rise,751,,10,2699344.108,7422.610693
1718,53033010302,103.02,Census Tract 103.02,Columbia City,4.2,2010,2.28,1595,0.04587156,0.045901639,High,Significant Rise,259,,17,6804418.751,11267.2532
1719,53033009100,91,Census Tract 91,Pioneer Square/International District,13.3,2010,2.4,1527,0.048034934,0.047325103,High,Significant Rise,920,,15,4419685.266,10608.38541
1720,53033009200,92,Census Tract 92,Pioneer Square/International District,13.3,2010,2.38,1413,0.034782609,0.035923754,High,Significant Rise,321,,10,3456088.55,12687.12119
1721,53033011700,117,Census Tract 117,South Beacon Hill/NewHolly,3.4,2010,0,0,0,0,,,0,,0,37826036.26,29439.62674
1722,53033000500,5,Census Tract 5,Broadview/Bitter Lake,9.1,2010,0,0,0,0,,,0,,0,30294741.05,27094.56678
1723,53033000601,6.01,Census Tract 6.01,Haller Lake,9.5,2010,1.36,959,0.038167939,0.03900325,Low,Significant Rise,610,High,17,15404952.58,20078.95648
1724,53033003500,35,Census Tract 35,Greenwood/Phinney Ridge,9.3,2010,2.18,1093,0.043062201,0.040952381,Medium,Significant Rise,259,High,21,13828061.67,16634.34896
1725,53033001500,15,Census Tract 15,North Beach/Blue Ridge,10.1,2010,0.86,998,0,-0.004985045,Low,Decline,59,,4,12300447.06,13960.37955
1726,53033001400,14,Census Tract 14,North Beach/Blue Ridge,10.1,2010,1.45,1174,0.043165468,0.044483986,Low,Significant Rise,433,High,21,23073388.66,30536.33745
1727,53033001300,13,Census Tract 13,Licton Springs,9.2,2010,1.56,974,0.04,0.038379531,Low,Significant Rise,870,High,72,12710036.99,14881.08705
1728,53033003800,38,Census Tract 38,Ravenna/Bryant,7.3,2010,2.66,1362,0.043137255,0.04287902,High,Significant Rise,159,,6,6722791.394,10392.53155
1729,53033007001,70.01,Census Tract 70.01,Queen Anne,12.3,2010,2.04,1212,0.046153846,0.04302926,Medium,Significant Rise,1377,High,50,3856290.05,9530.302569
1730,53033004800,48,Census Tract 48,Fremont,11.1,2010,2.19,1313,0.037914692,0.039588282,Medium,Significant Rise,216,High,25,13833886.82,18822.23657
1731,53033005100,51,Census Tract 51,Wallingford,11.2,2010,2.96,1293,0.038596491,0.038554217,High,Significant Rise,292,,23,9490350.153,13462.59155
1732,53033008200,82,Census Tract 82,First Hill,6.1,2010,2.65,2018,0.04743083,0.046137895,High,Significant Rise,1214,,12,4044773.826,9102.140341
1733,53033010101,101.01,Census Tract 101.01,Columbia City,4.2,2010,2.4,1285,0.043478261,0.043019481,Medium,Significant Rise,177,High,8,9381810.131,15311.65671
1734,53033012100,121,Census Tract 121,Arbor Heights,1.1,2010,0,0,0,0,,,0,,0,18538900.93,25983.61624
1735,53033011901,119.01,Census Tract 119.01,Rainier Beach,4.1,2010,0,0,0,0,,,0,,0,18097640.74,20485.64554
1736,53033000602,6.02,Census Tract 6.02,Haller Lake,9.5,2010,1.3,1116,0.04,0.038139535,Low,Significant Rise,396,High,9,25947507.86,23221.70475
1737,53033000201,2.01,Census Tract 2.01,Olympic Hills/Victory Heights,8.2,2010,1.26,1036,0.041322314,0.044354839,Low,Significant Rise,836,High,12,19446176.32,18651.57808
1738,53033003302,33.02,Census Tract 33.02,Whittier Heights,10.2,2010,1.79,1175,0.040697674,0.038903625,Low,Significant Rise,452,High,52,6749336.486,10550.81793
1739,53033005304,53.04,Census Tract 53.04,University District,7.2,2010,0,0,0,0,,,0,,0,786047.0981,4083.126066
1740,53033004202,42.02,Census Tract 42.02,Ravenna/Bryant,7.3,2010,2.49,1721,0.041841004,0.041767554,High,Significant Rise,54,,5,13141688.45,15651.66637
1741,53033007404,74.04,Census Tract 74.04,Capitol Hill,6.2,2010,2.21,1291,0.04245283,0.039452496,Medium,Significant Rise,1177,High,61,1654579.828,5775.699987
1742,53033006701,67.01,Census Tract 67.01,Queen Anne,12.3,2010,2.65,1974,0.03515625,0.036220472,High,Significant Rise,850,,16,3639833.178,12143.77924
1743,53033007800,78,Census Tract 78,Madrona/Leschi,5.1,2010,1.8,1392,0.046511628,0.042696629,Medium,Significant Rise,79,High,5,22245158.16,28746.37352
1744,53033007503,75.03,Census Tract 75.03,Capitol Hill,6.2,2010,2.68,1722,0.03875969,0.037974684,High,Significant Rise,466,,15,2018614.368,6484.389482
1745,53033007201,72.01,Census Tract 72.01,Cascade/Eastlake,11.3,2010,2.36,1579,0.035087719,0.034731324,High,Significant Rise,1926,,13,1622558.9,5873.216511
1746,53033007203,72.03,Census Tract 72.03,Cascade/Eastlake,11.3,2010,3.03,2160,0.041237113,0.0439826,High,Significant Rise,424,,8,6238804.943,12493.9648
1747,53033010301,103.01,Census Tract 103.01,Columbia City,4.2,2010,1.41,1237,0.044444444,0.043001686,Low,Significant Rise,52,High,4,10792262.46,16924.36851
1748,53033009900,99,Census Tract 99,North Delridge,2.1,2010,1.98,1156,0.036649215,0.0367713,Medium,Significant Rise,464,High,16,70254374.71,64633.66158
1749,53033009500,95,Census Tract 95,Mt. Baker/North Rainier,4.4,2010,2.31,1092,0.040540541,0.042979943,Medium,Significant Rise,140,High,12,27424305.67,29618.2113
1750,53033009400,94,Census Tract 94,North Beacon Hill/Jefferson Park,3.6,2010,2.53,1447,0.041152263,0.041007194,High,Significant Rise,501,,51,18150625.68,18874.58318
1751,53033011801,118.01,Census Tract 118.01,Rainier Beach,4.1,2010,1.35,956,0.038461538,0.040261153,Low,Significant Rise,269,High,13,12671173.51,15849.81354
1752,53033011602,116.02,Census Tract 116.02,Fauntleroy/Seaview,1.2,2010,1.36,944,0.046153846,0.040793826,Low,Significant Rise,113,High,13,16924173.23,24704.04057
1753,53033011401,114.01,Census Tract 114.01,Roxhill/Westwood,2.4,2010,1.4,1224,0.02189781,0.023411371,Low,Significant Rise,565,High,6,13273369.14,17478.05916
1754,53033010701,107.01,Census Tract 107.01,High Point,2.2,2010,1.09,932,0.028301887,0.036707453,Low,Significant Rise,214,High,5,15726285.72,21302.36518
1755,53033010602,106.02,Census Tract 106.02,Fauntleroy/Seaview,1.2,2010,1.53,1015,0.047945205,0.046391753,Low,Significant Rise,324,High,21,15462014.06,23774.94714
1756,53033000900,9,Census Tract 9,Cedar Park/Meadowbrook,8.3,2010,0,0,0,0,,,0,,0,10031158.89,20828.1662
1757,53033000402,4.02,Census Tract 4.02,Broadview/Bitter Lake,9.1,2010,1.46,984,0.035460993,0.03907075,Low,Significant Rise,480,High,27,19362220.52,21397.1753
1758,53033000300,3,Census Tract 3,Haller Lake,9.5,2010,1.2,907,0.034482759,0.034207526,Low,Significant Rise,83,High,7,13033864.6,17298.02954
1759,53033003202,32.02,Census Tract 32.02,Sunset Hill/Loyal Heights,10.3,2010,2.01,1367,0.036082474,0.037177542,Medium,Significant Rise,345,High,34,10289818.46,12945.39486
1760,53033003000,30,Census Tract 30,Whittier Heights,10.2,2010,2.03,1271,0.041025641,0.040950041,Medium,Significant Rise,175,High,23,16072222.01,16061.94762
1761,53033001701,17.01,Census Tract 17.01,Greenwood/Phinney Ridge,9.3,2010,2.43,1526,0.042918455,0.040927694,High,Significant Rise,571,,30,9609026.085,17164.45478
1762,53033001600,16,Census Tract 16,North Beach/Blue Ridge,10.1,2010,2.57,1541,0.04048583,0.043331077,High,Significant Rise,143,,11,20575392.71,23147.64598
1763,53033002100,21,Census Tract 21,Wedgwood/View Ridge,7.4,2010,2.82,1106,0.044444444,0.042412818,High,Significant Rise,188,,16,14696796.74,16139.92186
1764,53033003900,39,Census Tract 39,Wedgwood/View Ridge,7.4,2010,1.5,1023,0.034482759,0.03021148,Low,Significant Rise,108,High,8,10481334.98,13200.90921
1765,53033007102,71.02,Census Tract 71.02,Queen Anne,12.3,2010,2.52,1643,0.058823529,0.06,High,Significant Rise,724,,21,3615500.898,11499.94075
1766,53033006702,67.02,Census Tract 67.02,Queen Anne,12.3,2010,2.71,1849,0.042307692,0.044632768,High,Significant Rise,427,,32,3280147.995,8593.864905
1767,53033005401,54.01,Census Tract 54.01,Fremont,11.1,2010,2.46,1584,0.042372881,0.042105263,High,Significant Rise,375,,32,7892270.588,19740.10787
1768,53033008004,80.04,Census Tract 80.04,Belltown,13.1,2010,2.3,1764,-0.004329004,-0.002826456,High,Decline,738,,7,2908326.633,14944.97959
1769,53033008003,80.03,Census Tract 80.03,Belltown,13.1,2010,2.73,1783,0.05,0.048823529,High,Significant Rise,402,,7,2122043.711,8720.999421
1770,53033008402,84.02,Census Tract 84.02,Capitol Hill,6.2,2010,2.36,1445,0.039647577,0.042568543,High,Significant Rise,1187,,40,1565507.715,5220.868487
1771,53033007303,73.03,Census Tract 73.03,Cascade/Eastlake,11.3,2010,3.36,2734,0.033846154,0.033257748,High,Significant Rise,386,,3,3374596.393,7984.863522
1772,53033010002,100.02,Census Tract 100.02,North Beacon Hill/Jefferson Park,3.6,2010,1.88,1177,0.032967033,0.03245614,Medium,Significant Rise,419,High,19,10204645.64,13732.76539
1773,53033011902,119.02,Census Tract 119.02,Rainier Beach,4.1,2010,0,0,0,0,,,0,,0,16290813.63,28897.59863
1774,53033011802,118.02,Census Tract 118.02,Rainier Beach,4.1,2010,1.26,770,0.041322314,0.040540541,Low,Significant Rise,67,High,3,12323056.74,17201.54679
1775,53033004703,47.03,Census Tract 47.03,Ballard,10.4,2010,2.21,1237,0.023148148,0.024855012,Medium,Significant Rise,739,High,53,13030918.14,18718.85939
1776,53033001000,10,Census Tract 10,Cedar Park/Meadowbrook,8.3,2010,1.22,932,0.042735043,0.048368954,Low,Significant Rise,122,High,5,10270271.69,13147.0306
1777,53033000403,4.03,Census Tract 4.03,Broadview/Bitter Lake,9.1,2010,1.36,1026,0,-0.002915452,Low,Decline,409,,11,7881185.923,14097.02669
1778,53033003201,32.01,Census Tract 32.01,Sunset Hill/Loyal Heights,10.3,2010,2.38,1527,0.03930131,0.039482641,High,Significant Rise,618,,27,11927788.62,32094.50339
1779,53033004600,46,Census Tract 46,Green Lake,9.4,2010,1.81,1131,0.040229885,0.041436464,Low,Significant Rise,65,High,7,27829368.76,25514.224
1780,53033004702,47.02,Census Tract 47.02,Ballard,10.4,2010,2.39,1436,0.043668122,0.042089985,High,Significant Rise,402,,36,2867507.734,6956.449675
1781,53033002700,27,Census Tract 27,Green Lake,9.4,2010,1.52,1109,0.04109589,0.041314554,Low,Significant Rise,284,High,23,17058079.28,21942.83528
1782,53033001800,18,Census Tract 18,Licton Springs,9.2,2010,1.66,1163,0.0375,0.038392857,Low,Significant Rise,608,High,59,10182882.27,13946.10003
1783,53033005202,52.02,Census Tract 52.02,Wallingford,11.2,2010,2.19,1268,0.037914692,0.035947712,Medium,Significant Rise,995,High,45,2865193.636,7845.303217
1784,53033005303,53.03,Census Tract 53.03,University District,7.2,2010,0,0,0,0,,,0,,0,24349784.49,33904.62137
1785,53033004402,44.02,Census Tract 44.02,University District,7.2,2010,2.31,1160,0.040540541,0.042228212,Medium,Significant Rise,918,High,58,3175021.433,7487.979857
1786,53033004401,44.01,Census Tract 44.01,University District,7.2,2010,2.48,1140,0.037656904,0.04109589,Medium,Significant Rise,324,High,28,7479571.761,12948.97514
1787,53033005307,53.07,Census Tract 53.07,University District,7.2,2010,2.5,1055,0.046025105,0.042490119,Medium,Significant Rise,345,High,18,1399526.48,4758.85069
1788,53033004101,41.01,Census Tract 41.01,Laurelhurst/Sand Point,7.5,2010,1.5,984,0.020408163,0.01863354,Low,Significant Rise,71,High,3,16716852.66,24230.15794
1789,53033005402,54.02,Census Tract 54.02,Fremont,11.1,2010,2.42,1490,0.043103448,0.042687194,High,Significant Rise,391,,39,4993141.865,10063.79785
1790,53033007700,77,Census Tract 77,Central Area/Squire Park,5.3,2010,2.62,1173,0.031496063,0.034391534,Medium,Significant Rise,315,High,20,11391208.22,15242.20976
1791,53033007502,75.02,Census Tract 75.02,Capitol Hill,6.2,2010,2.47,1469,0.046610169,0.045551601,High,Significant Rise,982,,57,3400503.555,7403.629293
1792,53033007600,76,Census Tract 76,Miller Park,6.4,2010,2.36,1377,0.039647577,0.039245283,High,Significant Rise,682,,46,6155389.389,9906.368336
1793,53033010200,102,Census Tract 102,Seward Park,4.3,2010,1.24,866,0.042016807,0.043373494,Low,Significant Rise,76,High,4,30129079.21,33439.4694
1794,53033010401,104.01,Census Tract 104.01,Beacon Hill,3.5,2010,0,0,0,0,,,0,,0,17543421.03,17342.9302
1795,53033010402,104.02,Census Tract 104.02,Beacon Hill,3.5,2010,1.34,1016,0.046875,0.04312115,Low,Significant Rise,71,High,5,18759692.89,18925.04301
1796,53033010501,105.01,Census Tract 105.01,West Seattle Junction/Genesee Hill,1.3,2010,2.24,1569,0.041860465,0.043912176,High,Significant Rise,280,,12,7986746.715,12490.0968
1797,53033010102,101.02,Census Tract 101.02,Columbia City,4.2,2010,0,0,0,0,,,0,,0,17314610.04,22274.17077
1798,53033009802,98.02,Census Tract 98.02,West Seattle Junction/Genesee Hill,1.3,2010,2.33,1381,0.040178571,0.04147813,Medium,Significant Rise,200,High,18,9927510.523,12982.75493
1799,53033009000,90,Census Tract 90,Judkins Park,5.2,2010,2.16,1464,0.043478261,0.044222539,Medium,Significant Rise,442,High,15,9212173.197,14319.10299
1800,53033026400,264,Census Tract 264,South Park,3.1,2010,0,0,0,0,,,0,,0,461382.0486,5763.407674
1801,53033001201,12.01,Census Tract 12.01,Northgate/Maple Leaf,8.1,2011,1.73,1230,0.029761905,0.030150754,Low,Rise,1209,Medium,21,10851861.64,15899.77334
1802,53033000404,4.04,Census Tract 4.04,Broadview/Bitter Lake,9.1,2011,1.51,1221,0.055944056,0.055315471,Low,Significant Rise,515,High,8,6791652.724,12962.55841
1803,53033004901,49.01,Census Tract 49.01,Fremont,11.1,2011,2.05,1216,0.014851485,0.015873016,Medium,Stable,991,,108,5350888.215,9379.655767
1804,53033003601,36.01,Census Tract 36.01,Green Lake,9.4,2011,2.34,1335,0.017391304,0.015981735,Medium,Stable,631,,36,7255879.068,11894.28889
1805,53033002800,28,Census Tract 28,Greenwood/Phinney Ridge,9.3,2011,1.8,1129,0.011235955,0.012556054,Low,Stable,326,,33,10637151.82,13201.3113
1806,53033003100,31,Census Tract 31,Sunset Hill/Loyal Heights,10.3,2011,1.5,1034,0.006711409,0.008780488,Low,Stable,112,,15,23137464.05,24704.5678
1807,53033006400,64,Census Tract 64,Miller Park,6.4,2011,2,1687,0.01010101,0.008971292,High,Stable,103,,5,9726351.904,13186.77018
1808,53033004301,43.01,Census Tract 43.01,Ravenna/Bryant,7.3,2011,3,1936,0.016949153,0.01787592,High,Stable,69,,8,10539780.57,17192.70375
1809,53033002500,25,Census Tract 25,Ravenna/Bryant,7.3,2011,2.61,1972,0.015564202,0.014403292,High,Stable,64,,3,10594634.3,16442.96859
1810,53033002200,22,Census Tract 22,Wedgwood/View Ridge,7.4,2011,2.24,1905,0.027522936,0.024193548,High,Rise,73,,5,30127208.02,28505.80679
1811,53033004000,40,Census Tract 40,Laurelhurst/Sand Point,7.5,2011,1.47,996,0.006849315,0.006060606,Low,Stable,54,,2,26374983.68,27560.01384
1812,53033005804,58.04,Census Tract 58.04,Interbay,12.2,2011,2.2,1465,0.018518519,0.020194986,Medium,Stable,577,,35,25124062.74,48668.27224
1813,53033006800,68,Census Tract 68,Queen Anne,12.3,2011,2.9,1931,0.021126761,0.018459916,High,Stable,298,,25,7729250.272,11275.37735
1814,53033008102,81.02,Census Tract 81.02,Downtown Commercial Core,13.2,2011,3.76,3295,0.02173913,0.022339435,High,Stable,173,,5,5987812.086,14339.99503
1815,53033008101,81.01,Census Tract 81.01,Downtown Commercial Core,13.2,2011,1.89,1649,0.086206897,0.088448845,Medium,Significant Rise,885,High,5,2992165.479,11427.14676
1816,53033007902,79.02,Census Tract 79.02,Central Area/Squire Park,5.3,2011,2.14,1460,0.014218009,0.014593468,Medium,Stable,514,,15,4641637.8,9715.120877
1817,53033007302,73.02,Census Tract 73.02,Cascade/Eastlake,11.3,2011,3.06,2472,0.03030303,0.027858628,High,Rise,988,,5,3368769.265,7802.426354
1818,53033007101,71.01,Census Tract 71.01,Queen Anne,12.3,2011,2.56,1704,0.019920319,0.019748654,High,Stable,677,,19,5328474.607,9004.947227
1819,53033009300,93,Census Tract 93,Duwamish/SODO,3.3,2011,2.34,1678,0.017391304,0.018203883,High,Stable,268,,11,102171584.8,53946.37345
1820,53033010502,105.02,Census Tract 105.02,West Seattle Junction/Genesee Hill,1.3,2011,1.96,1330,0.015544041,0.019157088,Medium,Stable,746,,23,10504351.34,14546.13624
1821,53033010001,100.01,Census Tract 100.01,North Beacon Hill/Jefferson Park,3.6,2011,2.14,1361,0.019047619,0.018712575,Medium,Stable,248,,17,25052474.61,25628.92453
1822,53033009801,98.01,Census Tract 98.01,West Seattle Junction/Genesee Hill,1.3,2011,2.31,1548,0.008733624,0.009126467,High,Stable,302,,21,10814248.94,13291.54908
1823,53033008900,89,Census Tract 89,Madrona/Leschi,5.1,2011,2.48,1712,0.016393443,0.016023739,High,Stable,239,,16,13690717.17,19328.7464
1824,53033026300,263,Census Tract 263,Rainier Beach,4.1,2011,0,0,0,0,,,0,,0,30724.63332,954.0480244
1825,53033012000,120,Census Tract 120,Arbor Heights,1.1,2011,0,0,0,0,,,0,,0,15560990.44,16787.97428
1826,53033011101,111.01,Census Tract 111.01,Columbia City,4.2,2011,2.07,1367,0,0.000732064,Medium,Stable,521,,14,12236718.08,15552.07435
1827,53033011001,110.01,Census Tract 110.01,South Beacon Hill/NewHolly,3.4,2011,0,0,0,0,,,0,,0,11629041.07,16287.35531
1828,53033010800,108,Census Tract 108,Riverview,2.3,2011,1.58,1106,0.006369427,0.009124088,Low,Stable,59,,3,44087445.22,39019.3475
1829,53033000800,8,Census Tract 8,Cedar Park/Meadowbrook,8.3,2011,0,0,0,0,,,0,,0,12290810.02,15312.08746
1830,53033003400,34,Census Tract 34,Greenwood/Phinney Ridge,9.3,2011,1.29,793,0.0078125,0.007623888,Low,Stable,93,,9,8472471.715,12629.32293
1831,53033005306,53.06,Census Tract 53.06,University District,7.2,2011,2.14,1187,0.014218009,0.014529915,Medium,Stable,680,,18,2157906.058,5954.872623
1832,53033004302,43.02,Census Tract 43.02,Ravenna/Bryant,7.3,2011,2.53,1537,0.016064257,0.013852243,High,Stable,1023,,59,3564115.67,7987.274419
1833,53033002400,24,Census Tract 24,Wedgwood/View Ridge,7.4,2011,0,0,0,0,,,0,,0,10359919.78,13151.71252
1834,53033004102,41.02,Census Tract 41.02,Laurelhurst/Sand Point,7.5,2011,1.8,1275,0.016949153,0.014319809,Medium,Stable,487,,7,17933927.27,23350.80029
1835,53033005600,56,Census Tract 56,Magnolia,12.1,2011,0,0,0,0,,,0,,0,32045056.14,29943.50553
1836,53033006703,67.03,Census Tract 67.03,Queen Anne,12.3,2011,1.63,1268,0.01875,0.016025641,Low,Stable,608,,35,6427171.884,10846.49304
1837,53033006100,61,Census Tract 61,Montlake/Portage Bay,7.1,2011,2.46,1431,0.020746888,0.019957234,High,Stable,1127,,82,11959193.74,21477.26483
1838,53033005700,57,Census Tract 57,Magnolia,12.1,2011,1.71,1285,0.01183432,0.01340694,Low,Stable,352,,28,53305584.43,44506.56554
1839,53033005901,59.01,Census Tract 59.01,Queen Anne,12.3,2011,1.92,1234,0.054945055,0.05200341,Medium,Significant Rise,389,High,29,8449086.719,19075.29242
1840,53033008401,84.01,Census Tract 84.01,Capitol Hill,6.2,2011,2.7,1728,0.018867925,0.018867925,High,Stable,773,,17,2700766.609,9275.818268
1841,53033008300,83,Census Tract 83,First Hill,6.1,2011,2.22,1498,0.023041475,0.019741321,Medium,Stable,867,,12,2561276.498,8632.134894
1842,53033007501,75.01,Census Tract 75.01,Capitol Hill,6.2,2011,2.36,1356,0.017241379,0.015730337,Medium,Stable,1454,,82,3210519.937,7219.623642
1843,53033009702,97.02,Census Tract 97.02,West Seattle Junction/Genesee Hill,1.3,2011,1.92,1239,0,0,Medium,Stable,105,,7,23899907.43,28258.76257
1844,53033008800,88,Census Tract 88,Central Area/Squire Park,5.3,2011,2.39,1512,0.017021277,0.016812374,High,Stable,240,,28,10210038.86,13202.52686
1845,53033008500,85,Census Tract 85,First Hill,6.1,2011,2.7,1794,0.018867925,0.019318182,High,Stable,884,,18,4854121.319,9025.581615
1846,53033026500,265,Census Tract 265,Highland Park,2.5,2011,0,0,0,0,,,0,,0,4617675.483,11234.96478
1847,53033011601,116.01,Census Tract 116.01,Fauntleroy/Seaview,1.2,2011,1.23,855,0.008196721,0.0094451,Low,Stable,80,,6,16710842.89,20011.96599
1848,53033011300,113,Census Tract 113,Highland Park,2.5,2011,1.35,1092,0.007462687,0.007380074,Low,Stable,328,,16,37260682.97,27184.16139
1849,53033011500,115,Census Tract 115,Roxhill/Westwood,2.4,2011,1.47,1040,0.013793103,0.014634146,Low,Stable,250,,12,16558652.75,19887.30894
1850,53033010601,106.01,Census Tract 106.01,Fauntleroy/Seaview,1.2,2011,1.93,1183,0.010471204,0.011976048,Medium,Stable,381,,25,11724162.32,14458.83704
1851,53033001202,12.02,Census Tract 12.02,Northgate/Maple Leaf,8.1,2011,2.13,1568,0.014285714,0.012265978,Medium,Stable,585,,10,8841145.884,13324.99009
1852,53033000102,1.02,Census Tract 1.02,Cedar Park/Meadowbrook,8.3,2011,1.77,1289,0.017241379,0.018167457,Medium,Stable,643,,15,15446821.48,19552.36233
1853,53033004701,47.01,Census Tract 47.01,Ballard,10.4,2011,2.29,1590,0.022321429,0.020539153,High,Stable,884,,48,6036028.326,13539.04763
1854,53033004500,45,Census Tract 45,Wallingford,11.2,2011,0,0,0,0,,,0,,0,7222109.888,11018.30209
1855,53033002900,29,Census Tract 29,Greenwood/Phinney Ridge,9.3,2011,1.78,1275,0.011363636,0.014319809,Medium,Stable,248,,24,10614791.11,13366.31967
1856,53033004201,42.01,Census Tract 42.01,Ravenna/Bryant,7.3,2011,1.5,1326,0.013513514,0.008365019,Low,Stable,178,,10,13390664.27,18286.14392
1857,53033007403,74.03,Census Tract 74.03,Capitol Hill,6.2,2011,2.34,1389,0.03539823,0.036567164,Medium,Rise,1289,Medium,49,1276089.069,5227.495287
1858,53033007002,70.02,Census Tract 70.02,Queen Anne,12.3,2011,2.23,1443,0.01826484,0.016913319,Medium,Stable,1551,,74,4746869.846,9490.799057
1859,53033005803,58.03,Census Tract 58.03,Interbay,12.2,2011,1.55,1121,0.013071895,0.012646793,Low,Stable,355,,30,8956173.425,17129.19881
1860,53033005902,59.02,Census Tract 59.02,Queen Anne,12.3,2011,1.64,1263,0.006134969,0.009592326,Low,Stable,103,,10,11010649.89,15184.22057
1861,53033004902,49.02,Census Tract 49.02,Fremont,11.1,2011,2.33,1361,0.021929825,0.022539444,Medium,Stable,847,,62,6448262.34,10801.73149
1862,53033005801,58.01,Census Tract 58.01,Interbay,12.2,2011,1.62,1425,0.0125,0.012793177,Medium,Stable,1034,,42,19618424.24,25500.01395
1863,53033007406,74.06,Census Tract 74.06,Capitol Hill,6.2,2011,2.26,1180,0.013452915,0.015490534,Medium,Stable,1078,,41,1623443.827,6764.477241
1864,53033007405,74.05,Census Tract 74.05,Capitol Hill,6.2,2011,2.24,1226,0.013574661,0.014900662,Medium,Stable,1307,,47,1418974.042,5012.79869
1865,53033009701,97.01,Census Tract 97.01,Alki/Admiral,1.4,2011,1.67,1394,0.012121212,0.012345679,Medium,Stable,395,,35,19291172.12,29764.00034
1866,53033009600,96,Census Tract 96,Alki/Admiral,1.4,2011,1.65,1336,0.012269939,0.012121212,Low,Stable,443,,33,19741501.65,20745.406
1867,53033008700,87,Census Tract 87,Central Area/Squire Park,5.3,2011,2.14,1237,0.014218009,0.014766202,Medium,Stable,479,,38,7883013.17,11432.38421
1868,53033011402,114.02,Census Tract 114.02,Roxhill/Westwood,2.4,2011,1.83,1101,0.016666667,0.016620499,Low,Stable,405,,23,12779277.86,17351.05501
1869,53033011200,112,Census Tract 112,South Park,3.1,2011,1.08,654,0.009345794,0.009259259,Low,Stable,175,,15,26463890.03,27002.33758
1870,53033010900,109,Census Tract 109,Georgetown,3.2,2011,2.04,1019,0.00990099,0.011916584,Low,Stable,110,,11,51677122.71,44978.75384
1871,53033011002,110.02,Census Tract 110.02,South Beacon Hill/NewHolly,3.4,2011,0,0,0,0,,,0,,0,18508908.46,22511.12676
1872,53033011102,111.02,Census Tract 111.02,Seward Park,4.3,2011,1.19,827,0.008474576,0.00976801,Low,Stable,450,,22,13970026.69,20411.17006
1873,53033010702,107.02,Census Tract 107.02,High Point,2.2,2011,0,0,0,0,,,0,,0,8396926.793,14935.93024
1874,53033001100,11,Census Tract 11,Olympic Hills/Victory Heights,8.2,2011,1.07,809,0.038834951,0.035851472,Low,Rise,188,Medium,11,11416399.59,14159.12735
1875,53033000700,7,Census Tract 7,Olympic Hills/Victory Heights,8.2,2011,1.53,1095,0.013245033,0.018604651,Low,Stable,803,,53,13932242.39,16134.02991
1876,53033000202,2.02,Census Tract 2.02,Olympic Hills/Victory Heights,8.2,2011,1.34,1071,0.022900763,0.02,Low,Stable,182,,5,15930118.49,17285.82737
1877,53033000101,1.01,Census Tract 1.01,Cedar Park/Meadowbrook,8.3,2011,1.41,1008,0.02173913,0.023350254,Low,Stable,1032,,34,4465058.881,8662.074215
1878,53033003301,33.01,Census Tract 33.01,Whittier Heights,10.2,2011,2.11,1273,0.014423077,0.015961692,Medium,Stable,520,,57,7202858.493,11177.18133
1879,53033003602,36.02,Census Tract 36.02,Green Lake,9.4,2011,2.41,1400,0.016877637,0.01744186,High,Stable,552,,41,5621886.085,11471.09438
1880,53033001900,19,Census Tract 19,Northgate/Maple Leaf,8.1,2011,1.98,1464,0.010204082,0.011748445,Medium,Stable,516,,9,17945171.52,18948.48127
1881,53033001702,17.02,Census Tract 17.02,Greenwood/Phinney Ridge,9.3,2011,0,0,0,0,,,0,,0,13779275.76,17476.40751
1882,53033006500,65,Census Tract 65,North Capitol Hill,6.3,2011,2.15,1425,0.014150943,0.014234875,Medium,Stable,999,,74,12352257.76,17921.50133
1883,53033006200,62,Census Tract 62,Montlake/Portage Bay,7.1,2011,0,0,0,0,,,0,,0,24610619.74,40010.59926
1884,53033005305,53.05,Census Tract 53.05,University District,7.2,2011,2.36,1137,0.026086957,0.02340234,Medium,Stable,1174,,46,2292236.616,6048.609222
1885,53033002600,26,Census Tract 26,Ravenna/Bryant,7.3,2011,2.36,1466,0.017241379,0.015235457,High,Stable,191,,5,13398040.18,15933.9379
1886,53033002000,20,Census Tract 20,Northgate/Maple Leaf,8.1,2011,1.58,1181,0.025974026,0.021626298,Low,Stable,206,,9,12183878.82,15509.54571
1887,53033006300,63,Census Tract 63,Madison Park,6.5,2011,1.71,1298,0.017857143,0.017241379,Low,Stable,578,,20,27750333.4,36285.84892
1888,53033006600,66,Census Tract 66,Cascade/Eastlake,11.3,2011,2.1,1398,0.029411765,0.027941176,Medium,Rise,1467,Medium,81,11110296.85,21995.1063
1889,53033006900,69,Census Tract 69,Queen Anne,12.3,2011,1.8,1192,0.011235955,0.01188455,Low,Stable,468,,34,9742176.65,15666.54395
1890,53033006000,60,Census Tract 60,Queen Anne,12.3,2011,2.19,1614,0.013888889,0.01509434,High,Stable,760,,56,14158764.71,19123.03263
1891,53033005201,52.01,Census Tract 52.01,Wallingford,11.2,2011,2.62,1208,0.019455253,0.016835017,Medium,Stable,273,,19,7536632.481,14175.92406
1892,53033005000,50,Census Tract 50,Wallingford,11.2,2011,2.27,1427,0.01793722,0.017831669,Medium,Stable,904,,63,8151942.295,11560.14801
1893,53033008600,86,Census Tract 86,First Hill,6.1,2011,2.51,1367,0.016194332,0.019388516,High,Stable,982,,43,7656616.626,11640.72061
1894,53033008002,80.02,Census Tract 80.02,Belltown,13.1,2011,2.88,2055,0.021276596,0.021879662,High,Stable,1131,,14,2522029.808,7998.382466
1895,53033007901,79.01,Census Tract 79.01,Central Area/Squire Park,5.3,2011,2.15,1380,0.009389671,0.011730205,Medium,Stable,863,,46,2876299.502,7879.404339
1896,53033007202,72.02,Census Tract 72.02,Cascade/Eastlake,11.3,2011,2.82,2079,0.025454545,0.023129921,High,Stable,559,,10,3020075.663,7591.701883
1897,53033007301,73.01,Census Tract 73.01,Cascade/Eastlake,11.3,2011,2.47,1737,0.012295082,0.012237762,High,Stable,751,,10,2699344.108,7422.610693
1898,53033010302,103.02,Census Tract 103.02,Columbia City,4.2,2011,2.32,1625,0.01754386,0.018808777,High,Stable,259,,17,6804418.751,11267.2532
1899,53033009100,91,Census Tract 91,Pioneer Square/International District,13.3,2011,2.45,1558,0.020833333,0.020301244,High,Stable,920,,15,4419685.266,10608.38541
1900,53033009200,92,Census Tract 92,Pioneer Square/International District,13.3,2011,2.42,1438,0.016806723,0.017692852,High,Stable,321,,10,3456088.55,12687.12119
1901,53033011700,117,Census Tract 117,South Beacon Hill/NewHolly,3.4,2011,0,0,0,0,,,0,,0,37826036.26,29439.62674
1902,53033000500,5,Census Tract 5,Broadview/Bitter Lake,9.1,2011,0,0,0,0,,,0,,0,30294741.05,27094.56678
1903,53033000601,6.01,Census Tract 6.01,Haller Lake,9.5,2011,1.39,980,0.022058824,0.02189781,Low,Stable,610,,17,15404952.58,20078.95648
1904,53033003500,35,Census Tract 35,Greenwood/Phinney Ridge,9.3,2011,2.21,1109,0.013761468,0.014638609,Medium,Stable,259,,21,13828061.67,16634.34896
1905,53033001500,15,Census Tract 15,North Beach/Blue Ridge,10.1,2011,0.86,1004,0,0.006012024,Low,Stable,59,,4,12300447.06,13960.37955
1906,53033001400,14,Census Tract 14,North Beach/Blue Ridge,10.1,2011,1.47,1188,0.013793103,0.011925043,Low,Stable,433,,21,23073388.66,30536.33745
1907,53033001300,13,Census Tract 13,Licton Springs,9.2,2011,1.59,990,0.019230769,0.016427105,Low,Stable,870,,72,12710036.99,14881.08705
1908,53033003800,38,Census Tract 38,Ravenna/Bryant,7.3,2011,2.7,1381,0.015037594,0.013950073,High,Stable,159,,6,6722791.394,10392.53155
1909,53033007001,70.01,Census Tract 70.01,Queen Anne,12.3,2011,2.07,1229,0.014705882,0.014026403,Medium,Stable,1377,,50,3856290.05,9530.302569
1910,53033004800,48,Census Tract 48,Fremont,11.1,2011,2.23,1336,0.01826484,0.017517136,Medium,Stable,216,,25,13833886.82,18822.23657
1911,53033005100,51,Census Tract 51,Wallingford,11.2,2011,3,1313,0.013513514,0.015467904,High,Stable,292,,23,9490350.153,13462.59155
1912,53033008200,82,Census Tract 82,First Hill,6.1,2011,2.74,2085,0.033962264,0.033201189,High,Rise,1214,,12,4044773.826,9102.140341
1913,53033010101,101.01,Census Tract 101.01,Columbia City,4.2,2011,2.44,1307,0.016666667,0.017120623,Medium,Stable,177,,8,9381810.131,15311.65671
1914,53033012100,121,Census Tract 121,Arbor Heights,1.1,2011,0,0,0,0,,,0,,0,18538900.93,25983.61624
1915,53033011901,119.01,Census Tract 119.01,Rainier Beach,4.1,2011,0,0,0,0,,,0,,0,18097640.74,20485.64554
1916,53033000602,6.02,Census Tract 6.02,Haller Lake,9.5,2011,1.37,1172,0.053846154,0.050179211,Low,Significant Rise,396,High,9,25947507.86,23221.70475
1917,53033000201,2.01,Census Tract 2.01,Olympic Hills/Victory Heights,8.2,2011,1.3,1067,0.031746032,0.02992278,Low,Rise,836,Medium,12,19446176.32,18651.57808
1918,53033003302,33.02,Census Tract 33.02,Whittier Heights,10.2,2011,1.82,1190,0.016759777,0.012765957,Low,Stable,452,,52,6749336.486,10550.81793
1919,53033005304,53.04,Census Tract 53.04,University District,7.2,2011,0,0,0,0,,,0,,0,786047.0981,4083.126066
1920,53033004202,42.02,Census Tract 42.02,Ravenna/Bryant,7.3,2011,2.53,1749,0.016064257,0.016269611,High,Stable,54,,5,13141688.45,15651.66637
1921,53033007404,74.04,Census Tract 74.04,Capitol Hill,6.2,2011,2.24,1311,0.013574661,0.015491867,Medium,Stable,1177,,61,1654579.828,5775.699987
1922,53033006701,67.01,Census Tract 67.01,Queen Anne,12.3,2011,2.7,2008,0.018867925,0.017223911,High,Stable,850,,16,3639833.178,12143.77924
1923,53033007800,78,Census Tract 78,Madrona/Leschi,5.1,2011,1.83,1417,0.016666667,0.01795977,Medium,Stable,79,,5,22245158.16,28746.37352
1924,53033007503,75.03,Census Tract 75.03,Capitol Hill,6.2,2011,2.74,1756,0.02238806,0.019744483,High,Stable,466,,15,2018614.368,6484.389482
1925,53033007201,72.01,Census Tract 72.01,Cascade/Eastlake,11.3,2011,2.49,1666,0.055084746,0.055098163,High,Significant Rise,1926,,13,1622558.9,5873.216511
1926,53033007203,72.03,Census Tract 72.03,Cascade/Eastlake,11.3,2011,3.08,2193,0.01650165,0.015277778,High,Stable,424,,8,6238804.943,12493.9648
1927,53033010301,103.01,Census Tract 103.01,Columbia City,4.2,2011,1.43,1248,0.014184397,0.008892482,Low,Stable,52,,4,10792262.46,16924.36851
1928,53033009900,99,Census Tract 99,North Delridge,2.1,2011,2.03,1180,0.025252525,0.020761246,Medium,Stable,471,,17,70254374.71,64633.66158
1929,53033009500,95,Census Tract 95,Mt. Baker/North Rainier,4.4,2011,2.35,1111,0.017316017,0.017399267,Medium,Stable,140,,12,27424305.67,29618.2113
1930,53033009400,94,Census Tract 94,North Beacon Hill/Jefferson Park,3.6,2011,2.57,1472,0.015810277,0.017277125,High,Stable,501,,51,18150625.68,18874.58318
1931,53033011801,118.01,Census Tract 118.01,Rainier Beach,4.1,2011,1.37,965,0.014814815,0.009414226,Low,Stable,258,,12,12671173.51,15849.81354
1932,53033011602,116.02,Census Tract 116.02,Fauntleroy/Seaview,1.2,2011,1.37,953,0.007352941,0.009533898,Low,Stable,113,,13,16924173.23,24704.04057
1933,53033011401,114.01,Census Tract 114.01,Roxhill/Westwood,2.4,2011,1.45,1267,0.035714286,0.035130719,Low,Rise,565,Medium,6,13273369.14,17478.05916
1934,53033010701,107.01,Census Tract 107.01,High Point,2.2,2011,1.12,954,0.027522936,0.02360515,Low,Stable,214,,5,15726285.72,21302.36518
1935,53033010602,106.02,Census Tract 106.02,Fauntleroy/Seaview,1.2,2011,1.55,1030,0.013071895,0.014778325,Low,Stable,324,,21,15462014.06,23774.94714
1936,53033000900,9,Census Tract 9,Cedar Park/Meadowbrook,8.3,2011,0,0,0,0,,,0,,0,10031158.89,20828.1662
1937,53033000402,4.02,Census Tract 4.02,Broadview/Bitter Lake,9.1,2011,1.49,1002,0.020547945,0.018292683,Low,Stable,480,,27,19362220.52,21397.1753
1938,53033000300,3,Census Tract 3,Haller Lake,9.5,2011,1.21,916,0.008333333,0.009922822,Low,Stable,83,,7,13033864.6,17298.02954
1939,53033003202,32.02,Census Tract 32.02,Sunset Hill/Loyal Heights,10.3,2011,2.04,1387,0.014925373,0.014630578,Medium,Stable,345,,34,10289818.46,12945.39486
1940,53033003000,30,Census Tract 30,Whittier Heights,10.2,2011,2.06,1292,0.014778325,0.016522423,Medium,Stable,175,,23,16072222.01,16061.94762
1941,53033001701,17.01,Census Tract 17.01,Greenwood/Phinney Ridge,9.3,2011,2.47,1552,0.016460905,0.017038008,High,Stable,571,,30,9609026.085,17164.45478
1942,53033001600,16,Census Tract 16,North Beach/Blue Ridge,10.1,2011,2.62,1568,0.019455253,0.01752109,High,Stable,143,,11,20575392.71,23147.64598
1943,53033002100,21,Census Tract 21,Wedgwood/View Ridge,7.4,2011,2.86,1121,0.014184397,0.013562387,High,Stable,188,,16,14696796.74,16139.92186
1944,53033003900,39,Census Tract 39,Wedgwood/View Ridge,7.4,2011,1.51,1031,0.006666667,0.007820137,Low,Stable,108,,8,10481334.98,13200.90921
1945,53033007102,71.02,Census Tract 71.02,Queen Anne,12.3,2011,2.58,1681,0.023809524,0.023128424,High,Stable,724,,21,3615500.898,11499.94075
1946,53033006702,67.02,Census Tract 67.02,Queen Anne,12.3,2011,2.75,1876,0.014760148,0.014602488,High,Stable,417,,31,3280147.995,8593.864905
1947,53033005401,54.01,Census Tract 54.01,Fremont,11.1,2011,2.5,1612,0.016260163,0.017676768,High,Stable,375,,32,7892270.588,19740.10787
1948,53033008004,80.04,Census Tract 80.04,Belltown,13.1,2011,2.4,1837,0.043478261,0.04138322,High,Rise,738,,7,2908326.633,14944.97959
1949,53033008003,80.03,Census Tract 80.03,Belltown,13.1,2011,2.78,1819,0.018315018,0.02019069,High,Stable,402,,7,2122043.711,8720.999421
1950,53033008402,84.02,Census Tract 84.02,Capitol Hill,6.2,2011,2.4,1469,0.016949153,0.016608997,High,Stable,1177,,39,1565507.715,5220.868487
1951,53033007303,73.03,Census Tract 73.03,Cascade/Eastlake,11.3,2011,3.41,2771,0.014880952,0.013533285,High,Stable,386,,3,3374596.393,7984.863522
1952,53033010002,100.02,Census Tract 100.02,North Beacon Hill/Jefferson Park,3.6,2011,1.91,1194,0.015957447,0.0144435,Medium,Stable,419,,19,10204645.64,13732.76539
1953,53033011902,119.02,Census Tract 119.02,Rainier Beach,4.1,2011,0,0,0,0,,,0,,0,16290813.63,28897.59863
1954,53033011802,118.02,Census Tract 118.02,Rainier Beach,4.1,2011,1.27,777,0.007936508,0.009090909,Low,Stable,67,,3,12323056.74,17201.54679
1955,53033004703,47.03,Census Tract 47.03,Ballard,10.4,2011,2.23,1247,0.009049774,0.008084074,Medium,Stable,739,,53,13030918.14,18718.85939
1956,53033001000,10,Census Tract 10,Cedar Park/Meadowbrook,8.3,2011,1.25,950,0.024590164,0.019313305,Low,Stable,122,,5,10270271.69,13147.0306
1957,53033000403,4.03,Census Tract 4.03,Broadview/Bitter Lake,9.1,2011,1.42,1069,0.044117647,0.041910331,Low,Rise,409,Medium,11,7881185.923,14097.02669
1958,53033003201,32.01,Census Tract 32.01,Sunset Hill/Loyal Heights,10.3,2011,2.41,1552,0.012605042,0.016371971,High,Stable,612,,26,11927788.62,32094.50339
1959,53033004600,46,Census Tract 46,Green Lake,9.4,2011,1.84,1147,0.016574586,0.014146773,Low,Stable,65,,7,27829368.76,25514.224
1960,53033004702,47.02,Census Tract 47.02,Ballard,10.4,2011,2.44,1466,0.020920502,0.020891365,High,Stable,402,,36,2867507.734,6956.449675
1961,53033002700,27,Census Tract 27,Green Lake,9.4,2011,1.54,1124,0.013157895,0.013525699,Low,Stable,284,,23,17058079.28,21942.83528
1962,53033001800,18,Census Tract 18,Licton Springs,9.2,2011,1.69,1184,0.018072289,0.01805675,Low,Stable,608,,59,10182882.27,13946.10003
1963,53033005202,52.02,Census Tract 52.02,Wallingford,11.2,2011,2.24,1298,0.02283105,0.023659306,Medium,Stable,995,,45,2865193.636,7845.303217
1964,53033005303,53.03,Census Tract 53.03,University District,7.2,2011,0,0,0,0,,,0,,0,24349784.49,33904.62137
1965,53033004402,44.02,Census Tract 44.02,University District,7.2,2011,2.34,1174,0.012987013,0.012068966,Medium,Stable,918,,58,3175021.433,7487.979857
1966,53033004401,44.01,Census Tract 44.01,University District,7.2,2011,2.52,1158,0.016129032,0.015789474,Medium,Stable,324,,28,7479571.761,12948.97514
1967,53033005307,53.07,Census Tract 53.07,University District,7.2,2011,2.53,1071,0.012,0.015165877,Medium,Stable,345,,18,1399526.48,4758.85069
1968,53033004101,41.01,Census Tract 41.01,Laurelhurst/Sand Point,7.5,2011,1.51,992,0.006666667,0.008130081,Low,Stable,71,,3,16716852.66,24230.15794
1969,53033005402,54.02,Census Tract 54.02,Fremont,11.1,2011,2.46,1519,0.016528926,0.019463087,High,Stable,391,,39,4993141.865,10063.79785
1970,53033007700,77,Census Tract 77,Central Area/Squire Park,5.3,2011,2.68,1198,0.022900763,0.021312873,Medium,Stable,315,,20,11391208.22,15242.20976
1971,53033007502,75.02,Census Tract 75.02,Capitol Hill,6.2,2011,2.51,1494,0.016194332,0.01701838,High,Stable,967,,56,3400503.555,7403.629293
1972,53033007600,76,Census Tract 76,Miller Park,6.4,2011,2.42,1413,0.025423729,0.026143791,High,Rise,682,,46,6155389.389,9906.368336
1973,53033010200,102,Census Tract 102,Seward Park,4.3,2011,1.25,873,0.008064516,0.008083141,Low,Stable,76,,4,30129079.21,33439.4694
1974,53033010401,104.01,Census Tract 104.01,Beacon Hill,3.5,2011,0,0,0,0,,,0,,0,17543421.03,17342.9302
1975,53033010402,104.02,Census Tract 104.02,Beacon Hill,3.5,2011,1.36,1036,0.014925373,0.019685039,Low,Stable,71,,5,18759692.89,18925.04301
1976,53033010501,105.01,Census Tract 105.01,West Seattle Junction/Genesee Hill,1.3,2011,2.28,1594,0.017857143,0.015933716,High,Stable,475,,13,7986746.715,12490.0968
1977,53033010102,101.02,Census Tract 101.02,Columbia City,4.2,2011,0,0,0,0,,,0,,0,17314610.04,22274.17077
1978,53033009802,98.02,Census Tract 98.02,West Seattle Junction/Genesee Hill,1.3,2011,2.37,1403,0.017167382,0.015930485,Medium,Stable,200,,18,9927510.523,12982.75493
1979,53033009000,90,Census Tract 90,Judkins Park,5.2,2011,2.22,1503,0.027777778,0.026639344,Medium,Rise,478,Medium,16,9212173.197,14319.10299
1980,53033026400,264,Census Tract 264,South Park,3.1,2011,0,0,0,0,,,0,,0,461382.0486,5763.407674
1981,53033001201,12.01,Census Tract 12.01,Northgate/Maple Leaf,8.1,2012,1.77,1264,0.023121387,0.027642276,Low,Stable,1209,,21,10851861.64,15899.77334
1982,53033000404,4.04,Census Tract 4.04,Broadview/Bitter Lake,9.1,2012,1.56,1260,0.033112583,0.031941032,Low,Stable,515,,8,6791652.724,12962.55841
1983,53033004901,49.01,Census Tract 49.01,Fremont,11.1,2012,2.09,1239,0.019512195,0.018914474,Medium,Stable,991,,108,5350888.215,9379.655767
1984,53033003601,36.01,Census Tract 36.01,Green Lake,9.4,2012,2.38,1363,0.017094017,0.020973783,Medium,Stable,631,,36,7255879.068,11894.28889
1985,53033002800,28,Census Tract 28,Greenwood/Phinney Ridge,9.3,2012,1.83,1147,0.016666667,0.015943313,Low,Stable,326,,33,10637151.82,13201.3113
1986,53033003100,31,Census Tract 31,Sunset Hill/Loyal Heights,10.3,2012,1.52,1047,0.013333333,0.012572534,Low,Stable,112,,15,23137464.05,24704.5678
1987,53033006400,64,Census Tract 64,Miller Park,6.4,2012,1.91,1614,-0.045,-0.043272081,Medium,Decline,103,,5,9726351.904,13186.77018
1988,53033004301,43.01,Census Tract 43.01,Ravenna/Bryant,7.3,2012,3.05,1964,0.016666667,0.01446281,High,Stable,69,,8,10539780.57,17192.70375
1989,53033002500,25,Census Tract 25,Ravenna/Bryant,7.3,2012,2.65,2006,0.01532567,0.017241379,High,Stable,64,,3,10594634.3,16442.96859
1990,53033002200,22,Census Tract 22,Wedgwood/View Ridge,7.4,2012,2.22,1893,-0.008928571,-0.006299213,High,Decline,164,,6,30127208.02,28505.80679
1991,53033004000,40,Census Tract 40,Laurelhurst/Sand Point,7.5,2012,1.49,1008,0.013605442,0.012048193,Low,Stable,69,,3,26374983.68,27560.01384
1992,53033005804,58.04,Census Tract 58.04,Interbay,12.2,2012,2.24,1488,0.018181818,0.015699659,Medium,Stable,577,,35,25124062.74,48668.27224
1993,53033006800,68,Census Tract 68,Queen Anne,12.3,2012,2.94,1961,0.013793103,0.015535992,High,Stable,298,,25,7729250.272,11275.37735
1994,53033008102,81.02,Census Tract 81.02,Downtown Commercial Core,13.2,2012,3.84,3367,0.021276596,0.02185129,High,Stable,173,,5,5987812.086,14339.99503
1995,53033008101,81.01,Census Tract 81.01,Downtown Commercial Core,13.2,2012,2.07,1806,0.095238095,0.095209218,High,Rise,885,,5,2992165.479,11427.14676
1996,53033007902,79.02,Census Tract 79.02,Central Area/Squire Park,5.3,2012,2.2,1496,0.028037383,0.024657534,Medium,Stable,644,,16,4641637.8,9715.120877
1997,53033007302,73.02,Census Tract 73.02,Cascade/Eastlake,11.3,2012,3.13,2528,0.022875817,0.022653722,High,Stable,988,,5,3368769.265,7802.426354
1998,53033007101,71.01,Census Tract 71.01,Queen Anne,12.3,2012,2.6,1729,0.015625,0.014671362,High,Stable,993,,21,5328474.607,9004.947227
1999,53033009300,93,Census Tract 93,Duwamish/SODO,3.3,2012,2.4,1722,0.025641026,0.026221692,High,Stable,268,,11,102171584.8,53946.37345
2000,53033010502,105.02,Census Tract 105.02,West Seattle Junction/Genesee Hill,1.3,2012,2,1356,0.020408163,0.019548872,Medium,Stable,746,,23,10504351.34,14546.13624
2001,53033010001,100.01,Census Tract 100.01,North Beacon Hill/Jefferson Park,3.6,2012,2.18,1383,0.018691589,0.016164585,Medium,Stable,248,,17,25052474.61,25628.92453
2002,53033009801,98.01,Census Tract 98.01,West Seattle Junction/Genesee Hill,1.3,2012,2.36,1584,0.021645022,0.023255814,High,Stable,302,,21,10814248.94,13291.54908
2003,53033008900,89,Census Tract 89,Madrona/Leschi,5.1,2012,2.5,1722,0.008064516,0.005841121,High,Stable,239,,16,13690717.17,19328.7464
2004,53033026300,263,Census Tract 263,Rainier Beach,4.1,2012,0,0,0,0,,,0,,0,30724.63332,954.0480244
2005,53033012000,120,Census Tract 120,Arbor Heights,1.1,2012,0,0,0,0,,,0,,0,15560990.44,16787.97428
2006,53033011101,111.01,Census Tract 111.01,Columbia City,4.2,2012,2.14,1414,0.033816425,0.034381858,Medium,Stable,521,,14,12236718.08,15552.07435
2007,53033011001,110.01,Census Tract 110.01,South Beacon Hill/NewHolly,3.4,2012,0,0,0,0,,,0,,0,11629041.07,16287.35531
2008,53033010800,108,Census Tract 108,Riverview,2.3,2012,1.6,1119,0.012658228,0.011754069,Low,Stable,59,,3,44087445.22,39019.3475
2009,53033000800,8,Census Tract 8,Cedar Park/Meadowbrook,8.3,2012,0,0,0,0,,,0,,0,12290810.02,15312.08746
2010,53033003400,34,Census Tract 34,Greenwood/Phinney Ridge,9.3,2012,1.3,803,0.007751938,0.01261034,Low,Stable,93,,9,8472471.715,12629.32293
2011,53033005306,53.06,Census Tract 53.06,University District,7.2,2012,2.21,1227,0.03271028,0.033698399,Medium,Stable,680,,18,2157906.058,5954.872623
2012,53033004302,43.02,Census Tract 43.02,Ravenna/Bryant,7.3,2012,2.57,1561,0.015810277,0.015614834,High,Stable,1023,,59,3564115.67,7987.274419
2013,53033002400,24,Census Tract 24,Wedgwood/View Ridge,7.4,2012,0,0,0,0,,,0,,0,10359919.78,13151.71252
2014,53033004102,41.02,Census Tract 41.02,Laurelhurst/Sand Point,7.5,2012,1.84,1307,0.022222222,0.025098039,Medium,Stable,487,,7,17933927.27,23350.80029
2015,53033005600,56,Census Tract 56,Magnolia,12.1,2012,0,0,0,0,,,0,,0,32045056.14,29943.50553
2016,53033006703,67.03,Census Tract 67.03,Queen Anne,12.3,2012,1.73,1339,0.061349693,0.055993691,Low,Rise,608,Medium,35,6427171.884,10846.49304
2017,53033006100,61,Census Tract 61,Montlake/Portage Bay,7.1,2012,2.53,1468,0.028455285,0.025856045,High,Stable,1127,,82,11959193.74,21477.26483
2018,53033005700,57,Census Tract 57,Magnolia,12.1,2012,1.74,1307,0.01754386,0.017120623,Low,Stable,352,,28,53305584.43,44506.56554
2019,53033005901,59.01,Census Tract 59.01,Queen Anne,12.3,2012,2.02,1293,0.052083333,0.047811994,Medium,Stable,389,,29,8449086.719,19075.29242
2020,53033008401,84.01,Census Tract 84.01,Capitol Hill,6.2,2012,2.71,1736,0.003703704,0.00462963,High,Stable,1009,,18,2700766.609,9275.818268
2021,53033008300,83,Census Tract 83,First Hill,6.1,2012,2.27,1536,0.022522523,0.025367156,Medium,Stable,867,,12,2561276.498,8632.134894
2022,53033007501,75.01,Census Tract 75.01,Capitol Hill,6.2,2012,2.38,1371,0.008474576,0.011061947,Medium,Stable,1688,,83,3210519.937,7219.623642
2023,53033009702,97.02,Census Tract 97.02,West Seattle Junction/Genesee Hill,1.3,2012,1.95,1256,0.015625,0.013720743,Medium,Stable,105,,7,23899907.43,28258.76257
2024,53033008800,88,Census Tract 88,Central Area/Squire Park,5.3,2012,2.43,1536,0.016736402,0.015873016,High,Stable,240,,28,10210038.86,13202.52686
2025,53033008500,85,Census Tract 85,First Hill,6.1,2012,2.77,1837,0.025925926,0.023968785,High,Stable,884,,18,4854121.319,9025.581615
2026,53033026500,265,Census Tract 265,Highland Park,2.5,2012,0,0,0,0,,,0,,0,4617675.483,11234.96478
2027,53033011601,116.01,Census Tract 116.01,Fauntleroy/Seaview,1.2,2012,1.24,865,0.008130081,0.011695906,Low,Stable,80,,6,16710842.89,20011.96599
2028,53033011300,113,Census Tract 113,Highland Park,2.5,2012,1.36,1098,0.007407407,0.005494505,Low,Stable,328,,16,37260682.97,27184.16139
2029,53033011500,115,Census Tract 115,Roxhill/Westwood,2.4,2012,1.49,1055,0.013605442,0.014423077,Low,Stable,250,,12,16558652.75,19887.30894
2030,53033010601,106.01,Census Tract 106.01,Fauntleroy/Seaview,1.2,2012,1.96,1202,0.015544041,0.016060862,Medium,Stable,381,,25,11724162.32,14458.83704
2031,53033001202,12.02,Census Tract 12.02,Northgate/Maple Leaf,8.1,2012,2.17,1594,0.018779343,0.016581633,Medium,Stable,585,,10,8841145.884,13324.99009
2032,53033000102,1.02,Census Tract 1.02,Cedar Park/Meadowbrook,8.3,2012,1.8,1306,0.016949153,0.013188518,Medium,Stable,643,,15,15446821.48,19552.36233
2033,53033004701,47.01,Census Tract 47.01,Ballard,10.4,2012,2.33,1615,0.017467249,0.01572327,High,Stable,876,,47,6036028.326,13539.04763
2034,53033004500,45,Census Tract 45,Wallingford,11.2,2012,0,0,0,0,,,0,,0,7222109.888,11018.30209
2035,53033002900,29,Census Tract 29,Greenwood/Phinney Ridge,9.3,2012,1.81,1297,0.016853933,0.017254902,Medium,Stable,248,,24,10614791.11,13366.31967
2036,53033004201,42.01,Census Tract 42.01,Ravenna/Bryant,7.3,2012,1.52,1343,0.013333333,0.012820513,Low,Stable,178,,10,13390664.27,18286.14392
2037,53033007403,74.03,Census Tract 74.03,Capitol Hill,6.2,2012,2.4,1427,0.025641026,0.027357811,Medium,Stable,1344,,50,1276089.069,5227.495287
2038,53033007002,70.02,Census Tract 70.02,Queen Anne,12.3,2012,2.27,1470,0.01793722,0.018711019,Medium,Stable,1539,,73,4746869.846,9490.799057
2039,53033005803,58.03,Census Tract 58.03,Interbay,12.2,2012,1.58,1140,0.019354839,0.016949153,Low,Stable,372,,31,8956173.425,17129.19881
2040,53033005902,59.02,Census Tract 59.02,Queen Anne,12.3,2012,1.67,1280,0.018292683,0.013460016,Low,Stable,103,,10,11010649.89,15184.22057
2041,53033004902,49.02,Census Tract 49.02,Fremont,11.1,2012,2.41,1408,0.034334764,0.034533431,Medium,Stable,847,,62,6448262.34,10801.73149
2042,53033005801,58.01,Census Tract 58.01,Interbay,12.2,2012,1.62,1423,0,-0.001403509,Low,Decline,1034,,42,19618424.24,25500.01395
2043,53033007406,74.06,Census Tract 74.06,Capitol Hill,6.2,2012,2.31,1204,0.022123894,0.020338983,Medium,Stable,1078,,41,1623443.827,6764.477241
2044,53033007405,74.05,Census Tract 74.05,Capitol Hill,6.2,2012,2.31,1262,0.03125,0.029363785,Medium,Stable,1307,,47,1418974.042,5012.79869
2045,53033009701,97.01,Census Tract 97.01,Alki/Admiral,1.4,2012,1.69,1416,0.011976048,0.015781923,Medium,Stable,395,,35,19291172.12,29764.00034
2046,53033009600,96,Census Tract 96,Alki/Admiral,1.4,2012,1.67,1350,0.012121212,0.010479042,Low,Stable,443,,33,19741501.65,20745.406
2047,53033008700,87,Census Tract 87,Central Area/Squire Park,5.3,2012,2.18,1259,0.018691589,0.017784964,Medium,Stable,479,,38,7883013.17,11432.38421
2048,53033011402,114.02,Census Tract 114.02,Roxhill/Westwood,2.4,2012,1.86,1119,0.016393443,0.016348774,Low,Stable,405,,23,12779277.86,17351.05501
2049,53033011200,112,Census Tract 112,South Park,3.1,2012,1.09,663,0.009259259,0.013761468,Low,Stable,175,,15,26463890.03,27002.33758
2050,53033010900,109,Census Tract 109,Georgetown,3.2,2012,2.07,1035,0.014705882,0.015701668,Low,Stable,110,,11,51677122.71,44978.75384
2051,53033011002,110.02,Census Tract 110.02,South Beacon Hill/NewHolly,3.4,2012,0,0,0,0,,,0,,0,18508908.46,22511.12676
2052,53033011102,111.02,Census Tract 111.02,Seward Park,4.3,2012,1.21,838,0.016806723,0.013301088,Low,Stable,450,,22,13970026.69,20411.17006
2053,53033010702,107.02,Census Tract 107.02,High Point,2.2,2012,0,0,0,0,,,0,,0,8396926.793,14935.93024
2054,53033001100,11,Census Tract 11,Olympic Hills/Victory Heights,8.2,2012,1.13,859,0.056074766,0.061804697,Low,Rise,188,Medium,11,11416399.59,14159.12735
2055,53033000700,7,Census Tract 7,Olympic Hills/Victory Heights,8.2,2012,1.57,1118,0.026143791,0.021004566,Low,Stable,803,,53,13932242.39,16134.02991
2056,53033000202,2.02,Census Tract 2.02,Olympic Hills/Victory Heights,8.2,2012,1.34,1072,0,0.000933707,Low,Stable,182,,5,15930118.49,17285.82737
2057,53033000101,1.01,Census Tract 1.01,Cedar Park/Meadowbrook,8.3,2012,1.46,1044,0.035460993,0.035714286,Low,Stable,1032,,34,4465058.881,8662.074215
2058,53033003301,33.01,Census Tract 33.01,Whittier Heights,10.2,2012,2.16,1298,0.023696682,0.019638649,Medium,Stable,520,,57,7202858.493,11177.18133
2059,53033003602,36.02,Census Tract 36.02,Green Lake,9.4,2012,2.45,1424,0.01659751,0.017142857,High,Stable,552,,41,5621886.085,11471.09438
2060,53033001900,19,Census Tract 19,Northgate/Maple Leaf,8.1,2012,2.01,1486,0.015151515,0.015027322,Medium,Stable,516,,9,17945171.52,18948.48127
2061,53033001702,17.02,Census Tract 17.02,Greenwood/Phinney Ridge,9.3,2012,0,0,0,0,,,0,,0,13779275.76,17476.40751
2062,53033006500,65,Census Tract 65,North Capitol Hill,6.3,2012,2.18,1442,0.013953488,0.011929825,Medium,Stable,999,,74,12352257.76,17921.50133
2063,53033006200,62,Census Tract 62,Montlake/Portage Bay,7.1,2012,0,0,0,0,,,0,,0,24610619.74,40010.59926
2064,53033005305,53.05,Census Tract 53.05,University District,7.2,2012,2.4,1159,0.016949153,0.019349164,Medium,Stable,1174,,46,2292236.616,6048.609222
2065,53033002600,26,Census Tract 26,Ravenna/Bryant,7.3,2012,2.39,1487,0.012711864,0.014324693,High,Stable,191,,5,13398040.18,15933.9379
2066,53033002000,20,Census Tract 20,Northgate/Maple Leaf,8.1,2012,1.6,1200,0.012658228,0.016088061,Low,Stable,206,,9,12183878.82,15509.54571
2067,53033006300,63,Census Tract 63,Madison Park,6.5,2012,1.84,1401,0.076023392,0.079352851,Medium,Rise,578,Medium,20,27750333.4,36285.84892
2068,53033006600,66,Census Tract 66,Cascade/Eastlake,11.3,2012,2.19,1458,0.042857143,0.042918455,Medium,Stable,1467,,81,11110296.85,21995.1063
2069,53033006900,69,Census Tract 69,Queen Anne,12.3,2012,1.87,1235,0.038888889,0.036073826,Low,Stable,468,,34,9742176.65,15666.54395
2070,53033006000,60,Census Tract 60,Queen Anne,12.3,2012,2.24,1653,0.02283105,0.024163569,High,Stable,760,,56,14158764.71,19123.03263
2071,53033005201,52.01,Census Tract 52.01,Wallingford,11.2,2012,2.66,1227,0.015267176,0.015728477,Medium,Stable,320,,20,7536632.481,14175.92406
2072,53033005000,50,Census Tract 50,Wallingford,11.2,2012,2.32,1455,0.022026432,0.019621584,Medium,Stable,904,,63,8151942.295,11560.14801
2073,53033008600,86,Census Tract 86,First Hill,6.1,2012,2.56,1394,0.019920319,0.01975128,High,Stable,1195,,46,7656616.626,11640.72061
2074,53033008002,80.02,Census Tract 80.02,Belltown,13.1,2012,2.96,2111,0.027777778,0.027250608,High,Stable,1131,,14,2522029.808,7998.382466
2075,53033007901,79.01,Census Tract 79.01,Central Area/Squire Park,5.3,2012,2.23,1427,0.037209302,0.034057971,Medium,Stable,853,,45,2876299.502,7879.404339
2076,53033007202,72.02,Census Tract 72.02,Cascade/Eastlake,11.3,2012,2.88,2124,0.021276596,0.021645022,High,Stable,559,,10,3020075.663,7591.701883
2077,53033007301,73.01,Census Tract 73.01,Cascade/Eastlake,11.3,2012,2.57,1807,0.04048583,0.040299367,High,Stable,751,,10,2699344.108,7422.610693
2078,53033010302,103.02,Census Tract 103.02,Columbia City,4.2,2012,2.36,1653,0.017241379,0.017230769,High,Stable,383,,18,6804418.751,11267.2532
2079,53033009100,91,Census Tract 91,Pioneer Square/International District,13.3,2012,2.5,1592,0.020408163,0.02182285,High,Stable,912,,14,4419685.266,10608.38541
2080,53033009200,92,Census Tract 92,Pioneer Square/International District,13.3,2012,2.54,1504,0.049586777,0.045897079,High,Stable,321,,10,3456088.55,12687.12119
2081,53033011700,117,Census Tract 117,South Beacon Hill/NewHolly,3.4,2012,0,0,0,0,,,0,,0,37826036.26,29439.62674
2082,53033000500,5,Census Tract 5,Broadview/Bitter Lake,9.1,2012,0,0,0,0,,,0,,0,30294741.05,27094.56678
2083,53033000601,6.01,Census Tract 6.01,Haller Lake,9.5,2012,1.41,997,0.014388489,0.017346939,Low,Stable,610,,17,15404952.58,20078.95648
2084,53033003500,35,Census Tract 35,Greenwood/Phinney Ridge,9.3,2012,2.25,1129,0.018099548,0.018034265,Medium,Stable,259,,21,13828061.67,16634.34896
2085,53033001500,15,Census Tract 15,North Beach/Blue Ridge,10.1,2012,0.88,1016,0.023255814,0.011952191,Low,Stable,59,,4,12300447.06,13960.37955
2086,53033001400,14,Census Tract 14,North Beach/Blue Ridge,10.1,2012,1.5,1213,0.020408163,0.021043771,Low,Stable,433,,21,23073388.66,30536.33745
2087,53033001300,13,Census Tract 13,Licton Springs,9.2,2012,1.61,1006,0.012578616,0.016161616,Low,Stable,870,,72,12710036.99,14881.08705
2088,53033003800,38,Census Tract 38,Ravenna/Bryant,7.3,2012,2.74,1404,0.014814815,0.016654598,High,Stable,159,,6,6722791.394,10392.53155
2089,53033007001,70.01,Census Tract 70.01,Queen Anne,12.3,2012,2.1,1250,0.014492754,0.017087063,Medium,Stable,1377,,50,3856290.05,9530.302569
2090,53033004800,48,Census Tract 48,Fremont,11.1,2012,2.28,1362,0.022421525,0.019461078,Medium,Stable,216,,25,13833886.82,18822.23657
2091,53033005100,51,Census Tract 51,Wallingford,11.2,2012,3.07,1342,0.023333333,0.022086824,High,Stable,292,,23,9490350.153,13462.59155
2092,53033008200,82,Census Tract 82,First Hill,6.1,2012,2.85,2176,0.040145985,0.043645084,High,Stable,1214,,12,4044773.826,9102.140341
2093,53033010101,101.01,Census Tract 101.01,Columbia City,4.2,2012,2.48,1330,0.016393443,0.017597552,Medium,Stable,177,,8,9381810.131,15311.65671
2094,53033012100,121,Census Tract 121,Arbor Heights,1.1,2012,0,0,0,0,,,0,,0,18538900.93,25983.61624
2095,53033011901,119.01,Census Tract 119.01,Rainier Beach,4.1,2012,0,0,0,0,,,0,,0,18097640.74,20485.64554
2096,53033000602,6.02,Census Tract 6.02,Haller Lake,9.5,2012,1.43,1227,0.04379562,0.046928328,Low,Stable,396,,9,25947507.86,23221.70475
2097,53033000201,2.01,Census Tract 2.01,Olympic Hills/Victory Heights,8.2,2012,1.33,1091,0.023076923,0.022492971,Low,Stable,836,,12,19446176.32,18651.57808
2098,53033003302,33.02,Census Tract 33.02,Whittier Heights,10.2,2012,1.85,1215,0.016483516,0.021008403,Low,Stable,452,,52,6749336.486,10550.81793
2099,53033005304,53.04,Census Tract 53.04,University District,7.2,2012,0,0,0,0,,,0,,0,786047.0981,4083.126066
2100,53033004202,42.02,Census Tract 42.02,Ravenna/Bryant,7.3,2012,2.57,1775,0.015810277,0.014865638,High,Stable,54,,5,13141688.45,15651.66637
2101,53033007404,74.04,Census Tract 74.04,Capitol Hill,6.2,2012,2.29,1337,0.022321429,0.019832189,Medium,Stable,1177,,61,1654579.828,5775.699987
2102,53033006701,67.01,Census Tract 67.01,Queen Anne,12.3,2012,2.77,2060,0.025925926,0.025896414,High,Stable,850,,16,3639833.178,12143.77924
2103,53033007800,78,Census Tract 78,Madrona/Leschi,5.1,2012,1.87,1447,0.021857923,0.021171489,Medium,Stable,79,,5,22245158.16,28746.37352
2104,53033007503,75.03,Census Tract 75.03,Capitol Hill,6.2,2012,2.79,1791,0.018248175,0.019931663,High,Stable,561,,15,2018614.368,6484.389482
2105,53033007201,72.01,Census Tract 72.01,Cascade/Eastlake,11.3,2012,2.61,1744,0.048192771,0.046818727,High,Stable,2110,,14,1622558.9,5873.216511
2106,53033007203,72.03,Census Tract 72.03,Cascade/Eastlake,11.3,2012,3.13,2226,0.016233766,0.01504788,High,Stable,424,,8,6238804.943,12493.9648
2107,53033010301,103.01,Census Tract 103.01,Columbia City,4.2,2012,1.45,1265,0.013986014,0.013621795,Low,Stable,52,,4,10792262.46,16924.36851
2108,53033009900,99,Census Tract 99,North Delridge,2.1,2012,2.07,1206,0.019704433,0.022033898,Medium,Stable,531,,18,70254374.71,64633.66158
2109,53033009500,95,Census Tract 95,Mt. Baker/North Rainier,4.4,2012,2.4,1134,0.021276596,0.02070207,Medium,Stable,140,,12,27424305.67,29618.2113
2110,53033009400,94,Census Tract 94,North Beacon Hill/Jefferson Park,3.6,2012,2.62,1497,0.019455253,0.016983696,High,Stable,501,,51,18150625.68,18874.58318
2111,53033011801,118.01,Census Tract 118.01,Rainier Beach,4.1,2012,1.38,977,0.00729927,0.012435233,Low,Stable,258,,12,12671173.51,15849.81354
2112,53033011602,116.02,Census Tract 116.02,Fauntleroy/Seaview,1.2,2012,1.38,965,0.00729927,0.012591815,Low,Stable,113,,13,16924173.23,24704.04057
2113,53033011401,114.01,Census Tract 114.01,Roxhill/Westwood,2.4,2012,1.5,1318,0.034482759,0.040252565,Low,Stable,565,,6,13273369.14,17478.05916
2114,53033010701,107.01,Census Tract 107.01,High Point,2.2,2012,1.15,979,0.026785714,0.026205451,Low,Stable,214,,5,15726285.72,21302.36518
2115,53033010602,106.02,Census Tract 106.02,Fauntleroy/Seaview,1.2,2012,1.58,1051,0.019354839,0.02038835,Low,Stable,324,,21,15462014.06,23774.94714
2116,53033000900,9,Census Tract 9,Cedar Park/Meadowbrook,8.3,2012,0,0,0,0,,,0,,0,10031158.89,20828.1662
2117,53033000402,4.02,Census Tract 4.02,Broadview/Bitter Lake,9.1,2012,1.51,1018,0.013422819,0.015968064,Low,Stable,480,,27,19362220.52,21397.1753
2118,53033000300,3,Census Tract 3,Haller Lake,9.5,2012,1.23,930,0.016528926,0.015283843,Low,Stable,83,,7,13033864.6,17298.02954
2119,53033003202,32.02,Census Tract 32.02,Sunset Hill/Loyal Heights,10.3,2012,2.08,1413,0.019607843,0.018745494,Medium,Stable,345,,34,10289818.46,12945.39486
2120,53033003000,30,Census Tract 30,Whittier Heights,10.2,2012,2.1,1315,0.019417476,0.017801858,Medium,Stable,175,,23,16072222.01,16061.94762
2121,53033001701,17.01,Census Tract 17.01,Greenwood/Phinney Ridge,9.3,2012,2.51,1576,0.016194332,0.015463918,High,Stable,571,,30,9609026.085,17164.45478
2122,53033001600,16,Census Tract 16,North Beach/Blue Ridge,10.1,2012,2.67,1600,0.019083969,0.020408163,High,Stable,143,,11,20575392.71,23147.64598
2123,53033002100,21,Census Tract 21,Wedgwood/View Ridge,7.4,2012,2.9,1140,0.013986014,0.016949153,High,Stable,188,,16,14696796.74,16139.92186
2124,53033003900,39,Census Tract 39,Wedgwood/View Ridge,7.4,2012,1.53,1044,0.013245033,0.012609117,Low,Stable,108,,8,10481334.98,13200.90921
2125,53033007102,71.02,Census Tract 71.02,Queen Anne,12.3,2012,2.66,1727,0.031007752,0.027364664,High,Stable,927,,22,3615500.898,11499.94075
2126,53033006702,67.02,Census Tract 67.02,Queen Anne,12.3,2012,2.78,1895,0.010909091,0.010127932,High,Stable,535,,32,3280147.995,8593.864905
2127,53033005401,54.01,Census Tract 54.01,Fremont,11.1,2012,2.55,1644,0.02,0.019851117,High,Stable,375,,32,7892270.588,19740.10787
2128,53033008004,80.04,Census Tract 80.04,Belltown,13.1,2012,2.5,1910,0.041666667,0.039738704,High,Stable,738,,7,2908326.633,14944.97959
2129,53033008003,80.03,Census Tract 80.03,Belltown,13.1,2012,2.88,1884,0.035971223,0.03573392,High,Stable,402,,7,2122043.711,8720.999421
2130,53033008402,84.02,Census Tract 84.02,Capitol Hill,6.2,2012,2.45,1498,0.020833333,0.019741321,High,Stable,1269,,39,1565507.715,5220.868487
2131,53033007303,73.03,Census Tract 73.03,Cascade/Eastlake,11.3,2012,3.46,2815,0.014662757,0.015878744,High,Stable,386,,3,3374596.393,7984.863522
2132,53033010002,100.02,Census Tract 100.02,North Beacon Hill/Jefferson Park,3.6,2012,1.94,1215,0.015706806,0.01758794,Medium,Stable,419,,19,10204645.64,13732.76539
2133,53033011902,119.02,Census Tract 119.02,Rainier Beach,4.1,2012,0,0,0,0,,,0,,0,16290813.63,28897.59863
2134,53033011802,118.02,Census Tract 118.02,Rainier Beach,4.1,2012,1.29,786,0.015748031,0.011583012,Low,Stable,67,,3,12323056.74,17201.54679
2135,53033004703,47.03,Census Tract 47.03,Ballard,10.4,2012,2.35,1312,0.053811659,0.0521251,Medium,Stable,739,,53,13030918.14,18718.85939
2136,53033001000,10,Census Tract 10,Cedar Park/Meadowbrook,8.3,2012,1.27,966,0.016,0.016842105,Low,Stable,122,,5,10270271.69,13147.0306
2137,53033000403,4.03,Census Tract 4.03,Broadview/Bitter Lake,9.1,2012,1.45,1095,0.021126761,0.024321796,Low,Stable,409,,11,7881185.923,14097.02669
2138,53033003201,32.01,Census Tract 32.01,Sunset Hill/Loyal Heights,10.3,2012,2.46,1583,0.020746888,0.019974227,High,Stable,612,,26,11927788.62,32094.50339
2139,53033004600,46,Census Tract 46,Green Lake,9.4,2012,1.87,1167,0.016304348,0.017436792,Low,Stable,65,,7,27829368.76,25514.224
2140,53033004702,47.02,Census Tract 47.02,Ballard,10.4,2012,2.49,1494,0.020491803,0.019099591,High,Stable,402,,36,2867507.734,6956.449675
2141,53033002700,27,Census Tract 27,Green Lake,9.4,2012,1.57,1147,0.019480519,0.020462633,Low,Stable,284,,23,17058079.28,21942.83528
2142,53033001800,18,Census Tract 18,Licton Springs,9.2,2012,1.71,1203,0.01183432,0.016047297,Low,Stable,608,,59,10182882.27,13946.10003
2143,53033005202,52.02,Census Tract 52.02,Wallingford,11.2,2012,2.32,1346,0.035714286,0.036979969,Medium,Stable,995,,45,2865193.636,7845.303217
2144,53033005303,53.03,Census Tract 53.03,University District,7.2,2012,0,0,0,0,,,0,,0,24349784.49,33904.62137
2145,53033004402,44.02,Census Tract 44.02,University District,7.2,2012,2.38,1194,0.017094017,0.017035775,Medium,Stable,910,,57,3175021.433,7487.979857
2146,53033004401,44.01,Census Tract 44.01,University District,7.2,2012,2.56,1175,0.015873016,0.014680484,Medium,Stable,324,,28,7479571.761,12948.97514
2147,53033005307,53.07,Census Tract 53.07,University District,7.2,2012,2.57,1088,0.015810277,0.015873016,Medium,Stable,345,,18,1399526.48,4758.85069
2148,53033004101,41.01,Census Tract 41.01,Laurelhurst/Sand Point,7.5,2012,1.53,1005,0.013245033,0.013104839,Low,Stable,71,,3,16716852.66,24230.15794
2149,53033005402,54.02,Census Tract 54.02,Fremont,11.1,2012,2.51,1544,0.020325203,0.016458196,High,Stable,545,,40,4993141.865,10063.79785
2150,53033007700,77,Census Tract 77,Central Area/Squire Park,5.3,2012,2.73,1219,0.018656716,0.017529215,Medium,Stable,315,,20,11391208.22,15242.20976
2151,53033007502,75.02,Census Tract 75.02,Capitol Hill,6.2,2012,2.55,1517,0.015936255,0.015394913,High,Stable,967,,56,3400503.555,7403.629293
2152,53033007600,76,Census Tract 76,Miller Park,6.4,2012,2.47,1441,0.020661157,0.019815994,High,Stable,682,,46,6155389.389,9906.368336
2153,53033010200,102,Census Tract 102,Seward Park,4.3,2012,1.27,885,0.016,0.013745704,Low,Stable,76,,4,30129079.21,33439.4694
2154,53033010401,104.01,Census Tract 104.01,Beacon Hill,3.5,2012,0,0,0,0,,,0,,0,17543421.03,17342.9302
2155,53033010402,104.02,Census Tract 104.02,Beacon Hill,3.5,2012,1.39,1060,0.022058824,0.023166023,Low,Stable,71,,5,18759692.89,18925.04301
2156,53033010501,105.01,Census Tract 105.01,West Seattle Junction/Genesee Hill,1.3,2012,2.33,1629,0.021929825,0.02195734,High,Stable,537,,14,7986746.715,12490.0968
2157,53033010102,101.02,Census Tract 101.02,Columbia City,4.2,2012,0,0,0,0,,,0,,0,17314610.04,22274.17077
2158,53033009802,98.02,Census Tract 98.02,West Seattle Junction/Genesee Hill,1.3,2012,2.41,1425,0.016877637,0.015680684,Medium,Stable,200,,18,9927510.523,12982.75493
2159,53033009000,90,Census Tract 90,Judkins Park,5.2,2012,2.23,1507,0.004504505,0.002661344,Medium,Stable,478,,16,9212173.197,14319.10299
2160,53033026400,264,Census Tract 264,South Park,3.1,2012,0,0,0,0,,,0,,0,461382.0486,5763.407674
2161,53033001201,12.01,Census Tract 12.01,Northgate/Maple Leaf,8.1,2013,1.87,1333,0.056497175,0.054588608,Low,Stable,1209,,21,10851861.64,15899.77334
2162,53033000404,4.04,Census Tract 4.04,Broadview/Bitter Lake,9.1,2013,1.62,1310,0.038461538,0.03968254,Low,Stable,515,,8,6791652.724,12962.55841
2163,53033004901,49.01,Census Tract 49.01,Fremont,11.1,2013,2.15,1272,0.028708134,0.026634383,Medium,Stable,991,,108,5350888.215,9379.655767
2164,53033003601,36.01,Census Tract 36.01,Green Lake,9.4,2013,2.46,1409,0.033613445,0.033749083,Medium,Stable,648,,37,7255879.068,11894.28889
2165,53033002800,28,Census Tract 28,Greenwood/Phinney Ridge,9.3,2013,1.87,1174,0.021857923,0.023539669,Low,Stable,326,,33,10637151.82,13201.3113
2166,53033003100,31,Census Tract 31,Sunset Hill/Loyal Heights,10.3,2013,1.56,1073,0.026315789,0.024832856,Low,Stable,112,,15,23137464.05,24704.5678
2167,53033006400,64,Census Tract 64,Miller Park,6.4,2013,1.9,1605,-0.005235602,-0.005576208,Medium,Decline,103,,5,9726351.904,13186.77018
2168,53033004301,43.01,Census Tract 43.01,Ravenna/Bryant,7.3,2013,3.11,2007,0.019672131,0.021894094,High,Stable,69,,8,10539780.57,17192.70375
2169,53033002500,25,Census Tract 25,Ravenna/Bryant,7.3,2013,2.69,2039,0.01509434,0.016450648,High,Stable,64,,3,10594634.3,16442.96859
2170,53033002200,22,Census Tract 22,Wedgwood/View Ridge,7.4,2013,2.45,2083,0.103603604,0.100369783,High,Rise,164,,6,30127208.02,28505.80679
2171,53033004000,40,Census Tract 40,Laurelhurst/Sand Point,7.5,2013,1.52,1031,0.020134228,0.02281746,Low,Stable,69,,3,26374983.68,27560.01384
2172,53033005804,58.04,Census Tract 58.04,Interbay,12.2,2013,2.2,1462,-0.017857143,-0.017473118,Medium,Decline,819,,36,25124062.74,48668.27224
2173,53033006800,68,Census Tract 68,Queen Anne,12.3,2013,3,2001,0.020408163,0.020397756,High,Stable,298,,25,7729250.272,11275.37735
2174,53033008102,81.02,Census Tract 81.02,Downtown Commercial Core,13.2,2013,3.9,3415,0.015625,0.014256014,High,Stable,381,,6,5987812.086,14339.99503
2175,53033008101,81.01,Census Tract 81.01,Downtown Commercial Core,13.2,2013,2.36,2060,0.140096618,0.140642303,High,Significant Rise,885,,5,2992165.479,11427.14676
2176,53033007902,79.02,Census Tract 79.02,Central Area/Squire Park,5.3,2013,2.32,1583,0.054545455,0.05815508,Medium,Stable,644,,16,4641637.8,9715.120877
2177,53033007302,73.02,Census Tract 73.02,Cascade/Eastlake,11.3,2013,3.18,2571,0.015974441,0.017009494,High,Stable,988,,5,3368769.265,7802.426354
2178,53033007101,71.01,Census Tract 71.01,Queen Anne,12.3,2013,2.68,1785,0.030769231,0.032388664,High,Stable,993,,21,5328474.607,9004.947227
2179,53033009300,93,Census Tract 93,Duwamish/SODO,3.3,2013,2.34,1683,-0.025,-0.022648084,High,Decline,432,,12,102171584.8,53946.37345
2180,53033010502,105.02,Census Tract 105.02,West Seattle Junction/Genesee Hill,1.3,2013,2.03,1375,0.015,0.014011799,Medium,Stable,746,,23,10504351.34,14546.13624
2181,53033010001,100.01,Census Tract 100.01,North Beacon Hill/Jefferson Park,3.6,2013,2.18,1388,0,0.003615329,Medium,Stable,248,,17,25052474.61,25628.92453
2182,53033009801,98.01,Census Tract 98.01,West Seattle Junction/Genesee Hill,1.3,2013,2.41,1613,0.021186441,0.018308081,High,Stable,302,,21,10814248.94,13291.54908
2183,53033008900,89,Census Tract 89,Madrona/Leschi,5.1,2013,2.55,1761,0.02,0.022648084,High,Stable,239,,16,13690717.17,19328.7464
2184,53033026300,263,Census Tract 263,Rainier Beach,4.1,2013,0,0,0,0,,,0,,0,30724.63332,954.0480244
2185,53033012000,120,Census Tract 120,Arbor Heights,1.1,2013,0,0,0,0,,,0,,0,15560990.44,16787.97428
2186,53033011101,111.01,Census Tract 111.01,Columbia City,4.2,2013,2.12,1401,-0.009345794,-0.009193777,Medium,Decline,521,,14,12236718.08,15552.07435
2187,53033011001,110.01,Census Tract 110.01,South Beacon Hill/NewHolly,3.4,2013,0,0,0,0,,,0,,0,11629041.07,16287.35531
2188,53033010800,108,Census Tract 108,Riverview,2.3,2013,1.64,1147,0.025,0.025022341,Low,Stable,59,,3,44087445.22,39019.3475
2189,53033000800,8,Census Tract 8,Cedar Park/Meadowbrook,8.3,2013,0,0,0,0,,,0,,0,12290810.02,15312.08746
2190,53033003400,34,Census Tract 34,Greenwood/Phinney Ridge,9.3,2013,1.33,822,0.023076923,0.02366127,Low,Stable,93,,9,8472471.715,12629.32293
2191,53033005306,53.06,Census Tract 53.06,University District,7.2,2013,2.26,1254,0.022624434,0.02200489,Medium,Stable,680,,18,2157906.058,5954.872623
2192,53033004302,43.02,Census Tract 43.02,Ravenna/Bryant,7.3,2013,2.64,1605,0.027237354,0.02818706,High,Stable,1023,,59,3564115.67,7987.274419
2193,53033002400,24,Census Tract 24,Wedgwood/View Ridge,7.4,2013,0,0,0,0,,,0,,0,10359919.78,13151.71252
2194,53033004102,41.02,Census Tract 41.02,Laurelhurst/Sand Point,7.5,2013,2,1420,0.086956522,0.086457536,Medium,Rise,487,Medium,7,17933927.27,23350.80029
2195,53033005600,56,Census Tract 56,Magnolia,12.1,2013,0,0,0,0,,,0,,0,32045056.14,29943.50553
2196,53033006703,67.03,Census Tract 67.03,Queen Anne,12.3,2013,1.75,1357,0.011560694,0.013442868,Low,Stable,608,,35,6427171.884,10846.49304
2197,53033006100,61,Census Tract 61,Montlake/Portage Bay,7.1,2013,2.56,1488,0.011857708,0.013623978,High,Stable,1162,,83,11959193.74,21477.26483
2198,53033005700,57,Census Tract 57,Magnolia,12.1,2013,1.78,1334,0.022988506,0.020657995,Low,Stable,352,,28,53305584.43,44506.56554
2199,53033005901,59.01,Census Tract 59.01,Queen Anne,12.3,2013,2.12,1354,0.04950495,0.047177108,Medium,Stable,389,,29,8449086.719,19075.29242
2200,53033008401,84.01,Census Tract 84.01,Capitol Hill,6.2,2013,2.84,1814,0.04797048,0.044930876,High,Stable,1009,,18,2700766.609,9275.818268
2201,53033008300,83,Census Tract 83,First Hill,6.1,2013,2.33,1573,0.026431718,0.024088542,Medium,Stable,987,,13,2561276.498,8632.134894
2202,53033007501,75.01,Census Tract 75.01,Capitol Hill,6.2,2013,2.55,1464,0.071428571,0.067833698,High,Rise,1688,,83,3210519.937,7219.623642
2203,53033009702,97.02,Census Tract 97.02,West Seattle Junction/Genesee Hill,1.3,2013,2,1291,0.025641026,0.027866242,Medium,Stable,105,,7,23899907.43,28258.76257
2204,53033008800,88,Census Tract 88,Central Area/Squire Park,5.3,2013,2.48,1569,0.020576132,0.021484375,High,Stable,240,,28,10210038.86,13202.52686
2205,53033008500,85,Census Tract 85,First Hill,6.1,2013,2.84,1881,0.025270758,0.023952096,High,Stable,884,,18,4854121.319,9025.581615
2206,53033026500,265,Census Tract 265,Highland Park,2.5,2013,0,0,0,0,,,0,,0,4617675.483,11234.96478
2207,53033011601,116.01,Census Tract 116.01,Fauntleroy/Seaview,1.2,2013,1.27,887,0.024193548,0.025433526,Low,Stable,80,,6,16710842.89,20011.96599
2208,53033011300,113,Census Tract 113,Highland Park,2.5,2013,1.4,1136,0.029411765,0.034608379,Low,Stable,328,,16,37260682.97,27184.16139
2209,53033011500,115,Census Tract 115,Roxhill/Westwood,2.4,2013,1.58,1116,0.060402685,0.057819905,Low,Rise,250,Medium,12,16558652.75,19887.30894
2210,53033010601,106.01,Census Tract 106.01,Fauntleroy/Seaview,1.2,2013,2.01,1230,0.025510204,0.023294509,Low,Stable,381,,25,11724162.32,14458.83704
2211,53033001202,12.02,Census Tract 12.02,Northgate/Maple Leaf,8.1,2013,2.23,1641,0.02764977,0.029485571,Medium,Stable,585,,10,8841145.884,13324.99009
2212,53033000102,1.02,Census Tract 1.02,Cedar Park/Meadowbrook,8.3,2013,1.9,1379,0.055555556,0.055895865,Medium,Stable,643,,15,15446821.48,19552.36233
2213,53033004701,47.01,Census Tract 47.01,Ballard,10.4,2013,2.45,1702,0.051502146,0.053869969,High,Stable,894,,48,6036028.326,13539.04763
2214,53033004500,45,Census Tract 45,Wallingford,11.2,2013,1.99,1740,0.015306122,0.015761821,Medium,Stable,53,,3,7222109.888,11018.30209
2215,53033002900,29,Census Tract 29,Greenwood/Phinney Ridge,9.3,2013,1.86,1332,0.027624309,0.026985351,Low,Stable,248,,24,10614791.11,13366.31967
2216,53033004201,42.01,Census Tract 42.01,Ravenna/Bryant,7.3,2013,1.55,1374,0.019736842,0.023082651,Low,Stable,178,,10,13390664.27,18286.14392
2217,53033007403,74.03,Census Tract 74.03,Capitol Hill,6.2,2013,2.47,1466,0.029166667,0.027330063,Medium,Stable,1344,,50,1276089.069,5227.495287
2218,53033007002,70.02,Census Tract 70.02,Queen Anne,12.3,2013,2.34,1514,0.030837004,0.029931973,Medium,Stable,1539,,73,4746869.846,9490.799057
2219,53033005803,58.03,Census Tract 58.03,Interbay,12.2,2013,1.62,1169,0.025316456,0.025438596,Low,Stable,372,,31,8956173.425,17129.19881
2220,53033005902,59.02,Census Tract 59.02,Queen Anne,12.3,2013,1.73,1333,0.035928144,0.04140625,Low,Stable,103,,10,11010649.89,15184.22057
2221,53033004902,49.02,Census Tract 49.02,Fremont,11.1,2013,2.48,1446,0.029045643,0.026988636,Medium,Stable,847,,62,6448262.34,10801.73149
2222,53033005801,58.01,Census Tract 58.01,Interbay,12.2,2013,1.7,1492,0.049382716,0.048489108,Medium,Stable,1034,,42,19618424.24,25500.01395
2223,53033007406,74.06,Census Tract 74.06,Capitol Hill,6.2,2013,2.39,1247,0.034632035,0.035714286,Medium,Stable,1078,,41,1623443.827,6764.477241
2224,53033007405,74.05,Census Tract 74.05,Capitol Hill,6.2,2013,2.39,1306,0.034632035,0.034865293,Medium,Stable,1307,,47,1418974.042,5012.79869
2225,53033009701,97.01,Census Tract 97.01,Alki/Admiral,1.4,2013,1.75,1463,0.035502959,0.03319209,Medium,Stable,395,,35,19291172.12,29764.00034
2226,53033009600,96,Census Tract 96,Alki/Admiral,1.4,2013,1.75,1415,0.047904192,0.048148148,Low,Stable,443,,33,19741501.65,20745.406
2227,53033008700,87,Census Tract 87,Central Area/Squire Park,5.3,2013,2.24,1295,0.027522936,0.028594122,Medium,Stable,479,,38,7883013.17,11432.38421
2228,53033011402,114.02,Census Tract 114.02,Roxhill/Westwood,2.4,2013,1.91,1146,0.02688172,0.024128686,Low,Stable,405,,23,12779277.86,17351.05501
2229,53033011200,112,Census Tract 112,South Park,3.1,2013,1.12,679,0.027522936,0.02413273,Low,Stable,175,,15,26463890.03,27002.33758
2230,53033010900,109,Census Tract 109,Georgetown,3.2,2013,2.13,1066,0.028985507,0.029951691,Low,Stable,110,,11,51677122.71,44978.75384
2231,53033011002,110.02,Census Tract 110.02,South Beacon Hill/NewHolly,3.4,2013,0,0,0,0,,,0,,0,18508908.46,22511.12676
2232,53033011102,111.02,Census Tract 111.02,Seward Park,4.3,2013,1.29,891,0.066115702,0.063245823,Low,Rise,450,Medium,22,13970026.69,20411.17006
2233,53033010702,107.02,Census Tract 107.02,High Point,2.2,2013,0,0,0,0,,,0,,0,8396926.793,14935.93024
2234,53033001100,11,Census Tract 11,Olympic Hills/Victory Heights,8.2,2013,1.23,932,0.088495575,0.084982538,Low,Rise,188,Medium,11,11416399.59,14159.12735
2235,53033000700,7,Census Tract 7,Olympic Hills/Victory Heights,8.2,2013,1.61,1147,0.025477707,0.025939177,Low,Stable,803,,53,13932242.39,16134.02991
2236,53033000202,2.02,Census Tract 2.02,Olympic Hills/Victory Heights,8.2,2013,1.44,1151,0.074626866,0.07369403,Low,Rise,182,Medium,5,15930118.49,17285.82737
2237,53033000101,1.01,Census Tract 1.01,Cedar Park/Meadowbrook,8.3,2013,1.53,1091,0.047945205,0.045019157,Low,Stable,1032,,34,4465058.881,8662.074215
2238,53033003301,33.01,Census Tract 33.01,Whittier Heights,10.2,2013,2.15,1295,-0.00462963,-0.002311248,Medium,Decline,624,,58,7202858.493,11177.18133
2239,53033003602,36.02,Census Tract 36.02,Green Lake,9.4,2013,2.5,1452,0.020408163,0.019662921,Medium,Stable,643,,43,5621886.085,11471.09438
2240,53033001900,19,Census Tract 19,Northgate/Maple Leaf,8.1,2013,2.34,1720,0.164179104,0.157469717,High,Significant Rise,516,,9,17945171.52,18948.48127
2241,53033001702,17.02,Census Tract 17.02,Greenwood/Phinney Ridge,9.3,2013,0,0,0,0,,,0,,0,13779275.76,17476.40751
2242,53033006500,65,Census Tract 65,North Capitol Hill,6.3,2013,2.27,1500,0.041284404,0.040221914,Medium,Stable,999,,74,12352257.76,17921.50133
2243,53033006200,62,Census Tract 62,Montlake/Portage Bay,7.1,2013,0,0,0,0,,,0,,0,24610619.74,40010.59926
2244,53033005305,53.05,Census Tract 53.05,University District,7.2,2013,2.46,1185,0.025,0.022433132,Medium,Stable,1166,,45,2292236.616,6048.609222
2245,53033002600,26,Census Tract 26,Ravenna/Bryant,7.3,2013,2.45,1522,0.025104603,0.023537323,High,Stable,191,,5,13398040.18,15933.9379
2246,53033002000,20,Census Tract 20,Northgate/Maple Leaf,8.1,2013,1.7,1275,0.0625,0.0625,Low,Rise,206,Medium,9,12183878.82,15509.54571
2247,53033006300,63,Census Tract 63,Madison Park,6.5,2013,1.9,1446,0.032608696,0.032119914,Medium,Stable,578,,20,27750333.4,36285.84892
2248,53033006600,66,Census Tract 66,Cascade/Eastlake,11.3,2013,2.3,1530,0.050228311,0.049382716,Medium,Stable,1467,,81,11110296.85,21995.1063
2249,53033006900,69,Census Tract 69,Queen Anne,12.3,2013,2.07,1362,0.106951872,0.102834008,Medium,Rise,468,Medium,34,9742176.65,15666.54395
2250,53033006000,60,Census Tract 60,Queen Anne,12.3,2013,2.29,1688,0.022321429,0.021173624,High,Stable,765,,57,14158764.71,19123.03263
2251,53033005201,52.01,Census Tract 52.01,Wallingford,11.2,2013,2.73,1258,0.026315789,0.025264874,Medium,Stable,320,,20,7536632.481,14175.92406
2252,53033005000,50,Census Tract 50,Wallingford,11.2,2013,2.36,1484,0.017241379,0.019931271,Medium,Stable,1026,,65,8151942.295,11560.14801
2253,53033008600,86,Census Tract 86,First Hill,6.1,2013,2.64,1438,0.03125,0.031563845,High,Stable,1300,,47,7656616.626,11640.72061
2254,53033008002,80.02,Census Tract 80.02,Belltown,13.1,2013,3.01,2145,0.016891892,0.016106111,High,Stable,1131,,14,2522029.808,7998.382466
2255,53033007901,79.01,Census Tract 79.01,Central Area/Squire Park,5.3,2013,2.29,1466,0.02690583,0.027330063,Medium,Stable,913,,46,2876299.502,7879.404339
2256,53033007202,72.02,Census Tract 72.02,Cascade/Eastlake,11.3,2013,2.97,2193,0.03125,0.032485876,High,Stable,1401,,12,3020075.663,7591.701883
2257,53033007301,73.01,Census Tract 73.01,Cascade/Eastlake,11.3,2013,2.63,1849,0.023346304,0.023242944,High,Stable,1029,,11,2699344.108,7422.610693
2258,53033010302,103.02,Census Tract 103.02,Columbia City,4.2,2013,2.42,1696,0.025423729,0.026013309,High,Stable,383,,18,6804418.751,11267.2532
2259,53033009100,91,Census Tract 91,Pioneer Square/International District,13.3,2013,2.57,1634,0.028,0.02638191,High,Stable,912,,14,4419685.266,10608.38541
2260,53033009200,92,Census Tract 92,Pioneer Square/International District,13.3,2013,2.59,1537,0.019685039,0.021941489,High,Stable,321,,10,3456088.55,12687.12119
2261,53033011700,117,Census Tract 117,South Beacon Hill/NewHolly,3.4,2013,0,0,0,0,,,0,,0,37826036.26,29439.62674
2262,53033000500,5,Census Tract 5,Broadview/Bitter Lake,9.1,2013,0,0,0,0,,,0,,0,30294741.05,27094.56678
2263,53033000601,6.01,Census Tract 6.01,Haller Lake,9.5,2013,1.48,1045,0.04964539,0.048144433,Low,Stable,610,,17,15404952.58,20078.95648
2264,53033003500,35,Census Tract 35,Greenwood/Phinney Ridge,9.3,2013,2.3,1156,0.022222222,0.023914969,Medium,Stable,259,,21,13828061.67,16634.34896
2265,53033001500,15,Census Tract 15,North Beach/Blue Ridge,10.1,2013,0.9,1041,0.022727273,0.024606299,Low,Stable,59,,4,12300447.06,13960.37955
2266,53033001400,14,Census Tract 14,North Beach/Blue Ridge,10.1,2013,1.59,1279,0.06,0.054410552,Low,Stable,433,,21,23073388.66,30536.33745
2267,53033001300,13,Census Tract 13,Licton Springs,9.2,2013,1.67,1041,0.037267081,0.034791252,Low,Stable,897,,73,12710036.99,14881.08705
2268,53033003800,38,Census Tract 38,Ravenna/Bryant,7.3,2013,2.81,1438,0.025547445,0.024216524,High,Stable,159,,6,6722791.394,10392.53155
2269,53033007001,70.01,Census Tract 70.01,Queen Anne,12.3,2013,2.16,1285,0.028571429,0.028,Medium,Stable,1377,,50,3856290.05,9530.302569
2270,53033004800,48,Census Tract 48,Fremont,11.1,2013,2.31,1384,0.013157895,0.016152717,Medium,Stable,265,,26,13833886.82,18822.23657
2271,53033005100,51,Census Tract 51,Wallingford,11.2,2013,3.1,1355,0.009771987,0.009687034,High,Stable,350,,24,9490350.153,13462.59155
2272,53033008200,82,Census Tract 82,First Hill,6.1,2013,2.92,2227,0.024561404,0.0234375,High,Stable,1214,,12,4044773.826,9102.140341
2273,53033010101,101.01,Census Tract 101.01,Columbia City,4.2,2013,2.52,1350,0.016129032,0.015037594,Medium,Stable,177,,8,9381810.131,15311.65671
2274,53033012100,121,Census Tract 121,Arbor Heights,1.1,2013,0,0,0,0,,,0,,0,18538900.93,25983.61624
2275,53033011901,119.01,Census Tract 119.01,Rainier Beach,4.1,2013,0,0,0,0,,,0,,0,18097640.74,20485.64554
2276,53033000602,6.02,Census Tract 6.02,Haller Lake,9.5,2013,1.49,1281,0.041958042,0.04400978,Low,Stable,396,,9,25947507.86,23221.70475
2277,53033000201,2.01,Census Tract 2.01,Olympic Hills/Victory Heights,8.2,2013,1.44,1181,0.082706767,0.082493126,Low,Rise,836,Medium,12,19446176.32,18651.57808
2278,53033003302,33.02,Census Tract 33.02,Whittier Heights,10.2,2013,1.89,1237,0.021621622,0.018106996,Low,Stable,458,,53,6749336.486,10550.81793
2279,53033005304,53.04,Census Tract 53.04,University District,7.2,2013,0,0,0,0,,,0,,0,786047.0981,4083.126066
2280,53033004202,42.02,Census Tract 42.02,Ravenna/Bryant,7.3,2013,2.62,1811,0.019455253,0.02028169,High,Stable,54,,5,13141688.45,15651.66637
2281,53033007404,74.04,Census Tract 74.04,Capitol Hill,6.2,2013,2.35,1377,0.026200873,0.029917726,Medium,Stable,1225,,62,1654579.828,5775.699987
2282,53033006701,67.01,Census Tract 67.01,Queen Anne,12.3,2013,2.81,2090,0.014440433,0.014563107,High,Stable,1134,,17,3639833.178,12143.77924
2283,53033007800,78,Census Tract 78,Madrona/Leschi,5.1,2013,1.93,1495,0.032085561,0.03317208,Medium,Stable,79,,5,22245158.16,28746.37352
2284,53033007503,75.03,Census Tract 75.03,Capitol Hill,6.2,2013,2.85,1832,0.021505376,0.022892239,High,Stable,619,,16,2018614.368,6484.389482
2285,53033007201,72.01,Census Tract 72.01,Cascade/Eastlake,11.3,2013,2.68,1792,0.026819923,0.027522936,High,Stable,2110,,14,1622558.9,5873.216511
2286,53033007203,72.03,Census Tract 72.03,Cascade/Eastlake,11.3,2013,3.13,2226,0,0,High,Stable,424,,8,6238804.943,12493.9648
2287,53033010301,103.01,Census Tract 103.01,Columbia City,4.2,2013,1.49,1303,0.027586207,0.030039526,Low,Stable,52,,4,10792262.46,16924.36851
2288,53033009900,99,Census Tract 99,North Delridge,2.1,2013,2.16,1258,0.043478261,0.043117745,Medium,Stable,743,,20,70254374.71,64633.66158
2289,53033009500,95,Census Tract 95,Mt. Baker/North Rainier,4.4,2013,2.46,1163,0.025,0.025573192,Medium,Stable,140,,12,27424305.67,29618.2113
2290,53033009400,94,Census Tract 94,North Beacon Hill/Jefferson Park,3.6,2013,2.67,1524,0.019083969,0.018036072,High,Stable,501,,51,18150625.68,18874.58318
2291,53033011801,118.01,Census Tract 118.01,Rainier Beach,4.1,2013,1.43,1006,0.036231884,0.029682702,Low,Stable,258,,12,12671173.51,15849.81354
2292,53033011602,116.02,Census Tract 116.02,Fauntleroy/Seaview,1.2,2013,1.44,1003,0.043478261,0.039378238,Low,Stable,113,,13,16924173.23,24704.04057
2293,53033011401,114.01,Census Tract 114.01,Roxhill/Westwood,2.4,2013,1.52,1333,0.013333333,0.01138088,Low,Stable,565,,6,13273369.14,17478.05916
2294,53033010701,107.01,Census Tract 107.01,High Point,2.2,2013,1.22,1038,0.060869565,0.060265577,Low,Rise,214,Medium,5,15726285.72,21302.36518
2295,53033010602,106.02,Census Tract 106.02,Fauntleroy/Seaview,1.2,2013,1.64,1092,0.037974684,0.039010466,Low,Stable,324,,21,15462014.06,23774.94714
2296,53033000900,9,Census Tract 9,Cedar Park/Meadowbrook,8.3,2013,0,0,0,0,,,0,,0,10031158.89,20828.1662
2297,53033000402,4.02,Census Tract 4.02,Broadview/Bitter Lake,9.1,2013,1.56,1050,0.033112583,0.031434185,Low,Stable,480,,27,19362220.52,21397.1753
2298,53033000300,3,Census Tract 3,Haller Lake,9.5,2013,1.27,959,0.032520325,0.031182796,Low,Stable,83,,7,13033864.6,17298.02954
2299,53033003202,32.02,Census Tract 32.02,Sunset Hill/Loyal Heights,10.3,2013,2.13,1447,0.024038462,0.024062279,Medium,Stable,345,,34,10289818.46,12945.39486
2300,53033003000,30,Census Tract 30,Whittier Heights,10.2,2013,2.13,1332,0.014285714,0.012927757,Medium,Stable,226,,24,16072222.01,16061.94762
2301,53033001701,17.01,Census Tract 17.01,Greenwood/Phinney Ridge,9.3,2013,2.58,1623,0.027888446,0.029822335,High,Stable,598,,33,9609026.085,17164.45478
2302,53033001600,16,Census Tract 16,North Beach/Blue Ridge,10.1,2013,2.74,1638,0.026217228,0.02375,High,Stable,143,,11,20575392.71,23147.64598
2303,53033002100,21,Census Tract 21,Wedgwood/View Ridge,7.4,2013,2.95,1159,0.017241379,0.016666667,Medium,Stable,188,,16,14696796.74,16139.92186
2304,53033003900,39,Census Tract 39,Wedgwood/View Ridge,7.4,2013,1.54,1054,0.006535948,0.009578544,Low,Stable,108,,8,10481334.98,13200.90921
2305,53033007102,71.02,Census Tract 71.02,Queen Anne,12.3,2013,2.73,1777,0.026315789,0.02895194,High,Stable,972,,23,3615500.898,11499.94075
2306,53033006702,67.02,Census Tract 67.02,Queen Anne,12.3,2013,2.81,1913,0.010791367,0.009498681,High,Stable,535,,32,3280147.995,8593.864905
2307,53033005401,54.01,Census Tract 54.01,Fremont,11.1,2013,2.6,1676,0.019607843,0.01946472,High,Stable,427,,33,7892270.588,19740.10787
2308,53033008004,80.04,Census Tract 80.04,Belltown,13.1,2013,2.55,1949,0.02,0.020418848,High,Stable,869,,8,2908326.633,14944.97959
2309,53033008003,80.03,Census Tract 80.03,Belltown,13.1,2013,2.96,1935,0.027777778,0.027070064,High,Stable,525,,8,2122043.711,8720.999421
2310,53033008402,84.02,Census Tract 84.02,Capitol Hill,6.2,2013,2.51,1533,0.024489796,0.023364486,High,Stable,1403,,40,1565507.715,5220.868487
2311,53033007303,73.03,Census Tract 73.03,Cascade/Eastlake,11.3,2013,3.51,2855,0.014450867,0.014209591,High,Stable,531,,4,3374596.393,7984.863522
2312,53033010002,100.02,Census Tract 100.02,North Beacon Hill/Jefferson Park,3.6,2013,2,1247,0.030927835,0.026337449,Medium,Stable,419,,19,10204645.64,13732.76539
2313,53033011902,119.02,Census Tract 119.02,Rainier Beach,4.1,2013,0,0,0,0,,,0,,0,16290813.63,28897.59863
2314,53033011802,118.02,Census Tract 118.02,Rainier Beach,4.1,2013,1.32,810,0.023255814,0.030534351,Low,Stable,67,,3,12323056.74,17201.54679
2315,53033004703,47.03,Census Tract 47.03,Ballard,10.4,2013,2.43,1359,0.034042553,0.035823171,Medium,Stable,905,,54,13030918.14,18718.85939
2316,53033001000,10,Census Tract 10,Cedar Park/Meadowbrook,8.3,2013,1.36,1038,0.070866142,0.074534161,Low,Rise,122,Medium,5,10270271.69,13147.0306
2317,53033000403,4.03,Census Tract 4.03,Broadview/Bitter Lake,9.1,2013,1.53,1155,0.055172414,0.054794521,Low,Stable,409,,11,7881185.923,14097.02669
2318,53033003201,32.01,Census Tract 32.01,Sunset Hill/Loyal Heights,10.3,2013,2.51,1612,0.020325203,0.018319646,High,Stable,612,,26,11927788.62,32094.50339
2319,53033004600,46,Census Tract 46,Green Lake,9.4,2013,1.91,1195,0.021390374,0.023993145,Low,Stable,65,,7,27829368.76,25514.224
2320,53033004702,47.02,Census Tract 47.02,Ballard,10.4,2013,2.53,1522,0.016064257,0.018741633,High,Stable,667,,37,2867507.734,6956.449675
2321,53033002700,27,Census Tract 27,Green Lake,9.4,2013,1.62,1179,0.031847134,0.027898867,Low,Stable,284,,23,17058079.28,21942.83528
2322,53033001800,18,Census Tract 18,Licton Springs,9.2,2013,1.77,1243,0.035087719,0.033250208,Low,Stable,608,,59,10182882.27,13946.10003
2323,53033005202,52.02,Census Tract 52.02,Wallingford,11.2,2013,2.4,1388,0.034482759,0.031203566,Medium,Stable,995,,45,2865193.636,7845.303217
2324,53033005303,53.03,Census Tract 53.03,University District,7.2,2013,0,0,0,0,,,0,,0,24349784.49,33904.62137
2325,53033004402,44.02,Census Tract 44.02,University District,7.2,2013,2.42,1215,0.016806723,0.01758794,Medium,Stable,1008,,58,3175021.433,7487.979857
2326,53033004401,44.01,Census Tract 44.01,University District,7.2,2013,2.62,1204,0.0234375,0.024680851,Medium,Stable,318,,27,7479571.761,12948.97514
2327,53033005307,53.07,Census Tract 53.07,University District,7.2,2013,2.61,1105,0.015564202,0.015625,Medium,Stable,345,,18,1399526.48,4758.85069
2328,53033004101,41.01,Census Tract 41.01,Laurelhurst/Sand Point,7.5,2013,1.56,1027,0.019607843,0.021890547,Low,Stable,71,,3,16716852.66,24230.15794
2329,53033005402,54.02,Census Tract 54.02,Fremont,11.1,2013,2.6,1599,0.035856574,0.035621762,High,Stable,545,,40,4993141.865,10063.79785
2330,53033007700,77,Census Tract 77,Central Area/Squire Park,5.3,2013,2.81,1254,0.029304029,0.028712059,Medium,Stable,315,,20,11391208.22,15242.20976
2331,53033007502,75.02,Census Tract 75.02,Capitol Hill,6.2,2013,2.61,1550,0.023529412,0.021753461,High,Stable,1100,,58,3400503.555,7403.629293
2332,53033007600,76,Census Tract 76,Miller Park,6.4,2013,2.55,1487,0.032388664,0.031922276,High,Stable,744,,48,6155389.389,9906.368336
2333,53033010200,102,Census Tract 102,Seward Park,4.3,2013,1.31,911,0.031496063,0.029378531,Low,Stable,76,,4,30129079.21,33439.4694
2334,53033010401,104.01,Census Tract 104.01,Beacon Hill,3.5,2013,0,0,0,0,,,0,,0,17543421.03,17342.9302
2335,53033010402,104.02,Census Tract 104.02,Beacon Hill,3.5,2013,1.43,1088,0.028776978,0.026415094,Low,Stable,71,,5,18759692.89,18925.04301
2336,53033010501,105.01,Census Tract 105.01,West Seattle Junction/Genesee Hill,1.3,2013,2.37,1658,0.017167382,0.017802333,High,Stable,537,,14,7986746.715,12490.0968
2337,53033010102,101.02,Census Tract 101.02,Columbia City,4.2,2013,0,0,0,0,,,0,,0,17314610.04,22274.17077
2338,53033009802,98.02,Census Tract 98.02,West Seattle Junction/Genesee Hill,1.3,2013,2.5,1473,0.037344398,0.033684211,Medium,Stable,200,,18,9927510.523,12982.75493
2339,53033009000,90,Census Tract 90,Judkins Park,5.2,2013,2.3,1558,0.031390135,0.03384207,Medium,Stable,478,,16,9212173.197,14319.10299
2340,53033026400,264,Census Tract 264,South Park,3.1,2013,0,0,0,0,,,0,,0,461382.0486,5763.407674
2341,53033001201,12.01,Census Tract 12.01,Northgate/Maple Leaf,8.1,2014,1.93,1376,0.032085561,0.032258065,Low,Stable,1217,,22,10851861.64,15899.77334
2342,53033000404,4.04,Census Tract 4.04,Broadview/Bitter Lake,9.1,2014,1.69,1370,0.043209877,0.045801527,Low,Stable,515,,8,6791652.724,12962.55841
2343,53033004901,49.01,Census Tract 49.01,Fremont,11.1,2014,2.21,1308,0.027906977,0.028301887,Medium,Stable,991,,108,5350888.215,9379.655767
2344,53033003601,36.01,Census Tract 36.01,Green Lake,9.4,2014,2.51,1434,0.020325203,0.01774308,Medium,Stable,648,,37,7255879.068,11894.28889
2345,53033002800,28,Census Tract 28,Greenwood/Phinney Ridge,9.3,2014,1.91,1200,0.021390374,0.022146508,Low,Stable,326,,33,10637151.82,13201.3113
2346,53033003100,31,Census Tract 31,Sunset Hill/Loyal Heights,10.3,2014,1.59,1093,0.019230769,0.018639329,Low,Stable,112,,15,23137464.05,24704.5678
2347,53033006400,64,Census Tract 64,Miller Park,6.4,2014,1.89,1600,-0.005263158,-0.003115265,Medium,Decline,103,,5,9726351.904,13186.77018
2348,53033004301,43.01,Census Tract 43.01,Ravenna/Bryant,7.3,2014,3.18,2047,0.022508039,0.019930244,High,Stable,69,,8,10539780.57,17192.70375
2349,53033002500,25,Census Tract 25,Ravenna/Bryant,7.3,2014,2.72,2058,0.011152416,0.009318293,High,Stable,64,,3,10594634.3,16442.96859
2350,53033002200,22,Census Tract 22,Wedgwood/View Ridge,7.4,2014,2.55,2171,0.040816327,0.042246759,High,Stable,164,,6,30127208.02,28505.80679
2351,53033004000,40,Census Tract 40,Laurelhurst/Sand Point,7.5,2014,1.55,1051,0.019736842,0.019398642,Low,Stable,69,,3,26374983.68,27560.01384
2352,53033005804,58.04,Census Tract 58.04,Interbay,12.2,2014,2.23,1489,0.013636364,0.018467852,Medium,Stable,912,,36,25124062.74,48668.27224
2353,53033006800,68,Census Tract 68,Queen Anne,12.3,2014,2.97,1979,-0.01,-0.010994503,High,Decline,543,,26,7729250.272,11275.37735
2354,53033008102,81.02,Census Tract 81.02,Downtown Commercial Core,13.2,2014,3.96,3473,0.015384615,0.016983895,High,Stable,381,,6,5987812.086,14339.99503
2355,53033008101,81.01,Census Tract 81.01,Downtown Commercial Core,13.2,2014,2.46,2141,0.042372881,0.039320388,High,Stable,885,,5,2992165.479,11427.14676
2356,53033007902,79.02,Census Tract 79.02,Central Area/Squire Park,5.3,2014,2.32,1582,0,-0.000631712,Medium,Decline,644,,16,4641637.8,9715.120877
2357,53033007302,73.02,Census Tract 73.02,Cascade/Eastlake,11.3,2014,3.26,2640,0.025157233,0.026837806,High,Stable,988,,5,3368769.265,7802.426354
2358,53033007101,71.01,Census Tract 71.01,Queen Anne,12.3,2014,2.73,1816,0.018656716,0.017366947,High,Stable,1046,,22,5328474.607,9004.947227
2359,53033009300,93,Census Tract 93,Duwamish/SODO,3.3,2014,2.4,1726,0.025641026,0.025549614,High,Stable,765,,13,102171584.8,53946.37345
2360,53033010502,105.02,Census Tract 105.02,West Seattle Junction/Genesee Hill,1.3,2014,2.11,1431,0.039408867,0.040727273,Medium,Stable,974,,24,10504351.34,14546.13624
2361,53033010001,100.01,Census Tract 100.01,North Beacon Hill/Jefferson Park,3.6,2014,2.19,1396,0.004587156,0.005763689,Medium,Stable,248,,17,25052474.61,25628.92453
2362,53033009801,98.01,Census Tract 98.01,West Seattle Junction/Genesee Hill,1.3,2014,2.45,1640,0.01659751,0.016738996,High,Stable,302,,21,10814248.94,13291.54908
2363,53033008900,89,Census Tract 89,Madrona/Leschi,5.1,2014,2.61,1802,0.023529412,0.023282226,High,Stable,239,,16,13690717.17,19328.7464
2364,53033026300,263,Census Tract 263,Rainier Beach,4.1,2014,0,0,0,0,,,0,,0,30724.63332,954.0480244
2365,53033012000,120,Census Tract 120,Arbor Heights,1.1,2014,0,0,0,0,,,0,,0,15560990.44,16787.97428
2366,53033011101,111.01,Census Tract 111.01,Columbia City,4.2,2014,2.08,1377,-0.018867925,-0.017130621,Medium,Decline,521,,14,12236718.08,15552.07435
2367,53033011001,110.01,Census Tract 110.01,South Beacon Hill/NewHolly,3.4,2014,0,0,0,0,,,0,,0,11629041.07,16287.35531
2368,53033010800,108,Census Tract 108,Riverview,2.3,2014,1.68,1173,0.024390244,0.022667829,Low,Stable,59,,3,44087445.22,39019.3475
2369,53033000800,8,Census Tract 8,Cedar Park/Meadowbrook,8.3,2014,0,0,0,0,,,0,,0,12290810.02,15312.08746
2370,53033003400,34,Census Tract 34,Greenwood/Phinney Ridge,9.3,2014,1.36,838,0.022556391,0.01946472,Low,Stable,93,,9,8472471.715,12629.32293
2371,53033005306,53.06,Census Tract 53.06,University District,7.2,2014,2.35,1300,0.039823009,0.036682616,Medium,Stable,680,,18,2157906.058,5954.872623
2372,53033004302,43.02,Census Tract 43.02,Ravenna/Bryant,7.3,2014,2.68,1633,0.015151515,0.017445483,High,Stable,1023,,59,3564115.67,7987.274419
2373,53033002400,24,Census Tract 24,Wedgwood/View Ridge,7.4,2014,0,0,0,0,,,0,,0,10359919.78,13151.71252
2374,53033004102,41.02,Census Tract 41.02,Laurelhurst/Sand Point,7.5,2014,2.04,1449,0.02,0.020422535,Medium,Stable,487,,7,17933927.27,23350.80029
2375,53033005600,56,Census Tract 56,Magnolia,12.1,2014,0,0,0,0,,,0,,0,32045056.14,29943.50553
2376,53033006703,67.03,Census Tract 67.03,Queen Anne,12.3,2014,1.9,1469,0.085714286,0.082535004,Medium,Rise,608,Medium,35,6427171.884,10846.49304
2377,53033006100,61,Census Tract 61,Montlake/Portage Bay,7.1,2014,2.59,1505,0.01171875,0.011424731,High,Stable,1162,,83,11959193.74,21477.26483
2378,53033005700,57,Census Tract 57,Magnolia,12.1,2014,1.81,1355,0.016853933,0.015742129,Low,Stable,352,,28,53305584.43,44506.56554
2379,53033005901,59.01,Census Tract 59.01,Queen Anne,12.3,2014,2.16,1380,0.018867925,0.019202363,Medium,Stable,389,,29,8449086.719,19075.29242
2380,53033008401,84.01,Census Tract 84.01,Capitol Hill,6.2,2014,2.83,1808,-0.003521127,-0.003307607,High,Decline,1009,,18,2700766.609,9275.818268
2381,53033008300,83,Census Tract 83,First Hill,6.1,2014,2.5,1687,0.072961373,0.072472982,High,Stable,987,,13,2561276.498,8632.134894
2382,53033007501,75.01,Census Tract 75.01,Capitol Hill,6.2,2014,2.6,1492,0.019607843,0.019125683,Medium,Stable,1863,,87,3210519.937,7219.623642
2383,53033009702,97.02,Census Tract 97.02,West Seattle Junction/Genesee Hill,1.3,2014,2.04,1318,0.02,0.02091402,Medium,Stable,105,,7,23899907.43,28258.76257
2384,53033008800,88,Census Tract 88,Central Area/Squire Park,5.3,2014,2.5,1583,0.008064516,0.008922881,High,Stable,240,,28,10210038.86,13202.52686
2385,53033008500,85,Census Tract 85,First Hill,6.1,2014,2.88,1913,0.014084507,0.017012228,High,Stable,884,,18,4854121.319,9025.581615
2386,53033026500,265,Census Tract 265,Highland Park,2.5,2014,0,0,0,0,,,0,,0,4617675.483,11234.96478
2387,53033011601,116.01,Census Tract 116.01,Fauntleroy/Seaview,1.2,2014,1.3,907,0.023622047,0.022547914,Low,Stable,80,,6,16710842.89,20011.96599
2388,53033011300,113,Census Tract 113,Highland Park,2.5,2014,1.51,1221,0.078571429,0.074823944,Low,Stable,328,,16,37260682.97,27184.16139
2389,53033011500,115,Census Tract 115,Roxhill/Westwood,2.4,2014,1.61,1140,0.018987342,0.021505376,Low,Stable,250,,12,16558652.75,19887.30894
2390,53033010601,106.01,Census Tract 106.01,Fauntleroy/Seaview,1.2,2014,2.05,1256,0.019900498,0.021138211,Low,Stable,381,,25,11724162.32,14458.83704
2391,53033001202,12.02,Census Tract 12.02,Northgate/Maple Leaf,8.1,2014,2.25,1657,0.00896861,0.009750152,Medium,Stable,850,,11,8841145.884,13324.99009
2392,53033000102,1.02,Census Tract 1.02,Cedar Park/Meadowbrook,8.3,2014,1.94,1410,0.021052632,0.022480058,Medium,Stable,643,,15,15446821.48,19552.36233
2393,53033004701,47.01,Census Tract 47.01,Ballard,10.4,2014,2.56,1777,0.044897959,0.044065805,High,Stable,894,,48,6036028.326,13539.04763
2394,53033004500,45,Census Tract 45,Wallingford,11.2,2014,2.01,1755,0.010050251,0.00862069,Medium,Stable,53,,3,7222109.888,11018.30209
2395,53033002900,29,Census Tract 29,Greenwood/Phinney Ridge,9.3,2014,1.89,1351,0.016129032,0.014264264,Low,Stable,286,,25,10614791.11,13366.31967
2396,53033004201,42.01,Census Tract 42.01,Ravenna/Bryant,7.3,2014,1.58,1400,0.019354839,0.018922853,Low,Stable,178,,10,13390664.27,18286.14392
2397,53033007403,74.03,Census Tract 74.03,Capitol Hill,6.2,2014,2.58,1532,0.044534413,0.045020464,High,Stable,1414,,51,1276089.069,5227.495287
2398,53033007002,70.02,Census Tract 70.02,Queen Anne,12.3,2014,2.38,1539,0.017094017,0.01651255,Medium,Stable,1539,,73,4746869.846,9490.799057
2399,53033005803,58.03,Census Tract 58.03,Interbay,12.2,2014,1.69,1217,0.043209877,0.041060736,Low,Stable,382,,32,8956173.425,17129.19881
2400,53033005902,59.02,Census Tract 59.02,Queen Anne,12.3,2014,1.79,1378,0.034682081,0.03375844,Low,Stable,103,,10,11010649.89,15184.22057
2401,53033004902,49.02,Census Tract 49.02,Fremont,11.1,2014,2.5,1459,0.008064516,0.008990318,Medium,Stable,847,,62,6448262.34,10801.73149
2402,53033005801,58.01,Census Tract 58.01,Interbay,12.2,2014,1.72,1512,0.011764706,0.013404826,Low,Stable,1034,,42,19618424.24,25500.01395
2403,53033007406,74.06,Census Tract 74.06,Capitol Hill,6.2,2014,2.43,1268,0.016736402,0.016840417,Medium,Stable,1154,,42,1623443.827,6764.477241
2404,53033007405,74.05,Census Tract 74.05,Capitol Hill,6.2,2014,2.42,1322,0.012552301,0.012251149,Medium,Stable,1345,,48,1418974.042,5012.79869
2405,53033009701,97.01,Census Tract 97.01,Alki/Admiral,1.4,2014,1.79,1496,0.022857143,0.022556391,Medium,Stable,395,,35,19291172.12,29764.00034
2406,53033009600,96,Census Tract 96,Alki/Admiral,1.4,2014,1.82,1462,0.04,0.033215548,Medium,Stable,443,,33,19741501.65,20745.406
2407,53033008700,87,Census Tract 87,Central Area/Squire Park,5.3,2014,2.32,1340,0.035714286,0.034749035,Medium,Stable,479,,38,7883013.17,11432.38421
2408,53033011402,114.02,Census Tract 114.02,Roxhill/Westwood,2.4,2014,1.93,1162,0.010471204,0.013961606,Low,Stable,405,,23,12779277.86,17351.05501
2409,53033011200,112,Census Tract 112,South Park,3.1,2014,1.14,695,0.017857143,0.023564065,Low,Stable,175,,15,26463890.03,27002.33758
2410,53033010900,109,Census Tract 109,Georgetown,3.2,2014,2.18,1089,0.023474178,0.021575985,Low,Stable,110,,11,51677122.71,44978.75384
2411,53033011002,110.02,Census Tract 110.02,South Beacon Hill/NewHolly,3.4,2014,0,0,0,0,,,0,,0,18508908.46,22511.12676
2412,53033011102,111.02,Census Tract 111.02,Seward Park,4.3,2014,1.38,947,0.069767442,0.06285073,Low,Stable,450,,22,13970026.69,20411.17006
2413,53033010702,107.02,Census Tract 107.02,High Point,2.2,2014,0,0,0,0,,,0,,0,8396926.793,14935.93024
2414,53033001100,11,Census Tract 11,Olympic Hills/Victory Heights,8.2,2014,1.51,1130,0.227642276,0.212446352,Low,Significant Rise,188,High,11,11416399.59,14159.12735
2415,53033000700,7,Census Tract 7,Olympic Hills/Victory Heights,8.2,2014,1.66,1183,0.031055901,0.031386225,Low,Stable,803,,53,13932242.39,16134.02991
2416,53033000202,2.02,Census Tract 2.02,Olympic Hills/Victory Heights,8.2,2014,1.47,1176,0.020833333,0.021720243,Low,Stable,182,,5,15930118.49,17285.82737
2417,53033000101,1.01,Census Tract 1.01,Cedar Park/Meadowbrook,8.3,2014,1.59,1136,0.039215686,0.041246563,Low,Stable,1361,,35,4465058.881,8662.074215
2418,53033003301,33.01,Census Tract 33.01,Whittier Heights,10.2,2014,2.24,1351,0.041860465,0.043243243,Medium,Stable,624,,58,7202858.493,11177.18133
2419,53033003602,36.02,Census Tract 36.02,Green Lake,9.4,2014,2.54,1475,0.016,0.01584022,Medium,Stable,940,,44,5621886.085,11471.09438
2420,53033001900,19,Census Tract 19,Northgate/Maple Leaf,8.1,2014,2.34,1724,0,0.002325581,High,Stable,516,,9,17945171.52,18948.48127
2421,53033001702,17.02,Census Tract 17.02,Greenwood/Phinney Ridge,9.3,2014,0,0,0,0,,,0,,0,13779275.76,17476.40751
2422,53033006500,65,Census Tract 65,North Capitol Hill,6.3,2014,2.27,1502,0,0.001333333,Medium,Stable,1108,,76,12352257.76,17921.50133
2423,53033006200,62,Census Tract 62,Montlake/Portage Bay,7.1,2014,0,0,0,0,,,0,,0,24610619.74,40010.59926
2424,53033005305,53.05,Census Tract 53.05,University District,7.2,2014,2.53,1220,0.028455285,0.029535865,Medium,Stable,1166,,45,2292236.616,6048.609222
2425,53033002600,26,Census Tract 26,Ravenna/Bryant,7.3,2014,2.51,1559,0.024489796,0.024310118,Medium,Stable,191,,5,13398040.18,15933.9379
2426,53033002000,20,Census Tract 20,Northgate/Maple Leaf,8.1,2014,1.79,1340,0.052941176,0.050980392,Low,Stable,206,,9,12183878.82,15509.54571
2427,53033006300,63,Census Tract 63,Madison Park,6.5,2014,2,1523,0.052631579,0.053250346,Medium,Stable,578,,20,27750333.4,36285.84892
2428,53033006600,66,Census Tract 66,Cascade/Eastlake,11.3,2014,2.35,1564,0.02173913,0.022222222,Medium,Stable,1467,,81,11110296.85,21995.1063
2429,53033006900,69,Census Tract 69,Queen Anne,12.3,2014,2.13,1397,0.028985507,0.025697504,Medium,Stable,468,,34,9742176.65,15666.54395
2430,53033006000,60,Census Tract 60,Queen Anne,12.3,2014,2.33,1716,0.017467249,0.016587678,High,Stable,765,,57,14158764.71,19123.03263
2431,53033005201,52.01,Census Tract 52.01,Wallingford,11.2,2014,2.75,1270,0.007326007,0.009538951,Medium,Stable,482,,21,7536632.481,14175.92406
2432,53033005000,50,Census Tract 50,Wallingford,11.2,2014,2.44,1530,0.033898305,0.030997305,Medium,Stable,1026,,65,8151942.295,11560.14801
2433,53033008600,86,Census Tract 86,First Hill,6.1,2014,2.69,1465,0.018939394,0.018776078,High,Stable,1300,,47,7656616.626,11640.72061
2434,53033008002,80.02,Census Tract 80.02,Belltown,13.1,2014,3.03,2163,0.006644518,0.008391608,High,Stable,1519,,16,2522029.808,7998.382466
2435,53033007901,79.01,Census Tract 79.01,Central Area/Squire Park,5.3,2014,2.3,1477,0.004366812,0.007503411,Medium,Stable,913,,46,2876299.502,7879.404339
2436,53033007202,72.02,Census Tract 72.02,Cascade/Eastlake,11.3,2014,3.05,2252,0.026936027,0.026903785,High,Stable,1401,,12,3020075.663,7591.701883
2437,53033007301,73.01,Census Tract 73.01,Cascade/Eastlake,11.3,2014,2.66,1869,0.011406844,0.010816658,High,Stable,1453,,13,2699344.108,7422.610693
2438,53033010302,103.02,Census Tract 103.02,Columbia City,4.2,2014,2.46,1719,0.016528926,0.013561321,High,Stable,383,,18,6804418.751,11267.2532
2439,53033009100,91,Census Tract 91,Pioneer Square/International District,13.3,2014,2.61,1658,0.015564202,0.014687882,High,Stable,912,,14,4419685.266,10608.38541
2440,53033009200,92,Census Tract 92,Pioneer Square/International District,13.3,2014,2.63,1559,0.015444015,0.014313598,High,Stable,321,,10,3456088.55,12687.12119
2441,53033011700,117,Census Tract 117,South Beacon Hill/NewHolly,3.4,2014,0,0,0,0,,,0,,0,37826036.26,29439.62674
2442,53033000500,5,Census Tract 5,Broadview/Bitter Lake,9.1,2014,0,0,0,0,,,0,,0,30294741.05,27094.56678
2443,53033000601,6.01,Census Tract 6.01,Haller Lake,9.5,2014,1.53,1082,0.033783784,0.035406699,Low,Stable,610,,17,15404952.58,20078.95648
2444,53033003500,35,Census Tract 35,Greenwood/Phinney Ridge,9.3,2014,2.35,1181,0.02173913,0.021626298,Medium,Stable,259,,21,13828061.67,16634.34896
2445,53033001500,15,Census Tract 15,North Beach/Blue Ridge,10.1,2014,0.91,1061,0.011111111,0.019212296,Low,Stable,59,,4,12300447.06,13960.37955
2446,53033001400,14,Census Tract 14,North Beach/Blue Ridge,10.1,2014,1.63,1312,0.025157233,0.025801407,Low,Stable,433,,21,23073388.66,30536.33745
2447,53033001300,13,Census Tract 13,Licton Springs,9.2,2014,1.7,1060,0.017964072,0.018251681,Low,Stable,897,,73,12710036.99,14881.08705
2448,53033003800,38,Census Tract 38,Ravenna/Bryant,7.3,2014,2.88,1476,0.024911032,0.026425591,High,Stable,159,,6,6722791.394,10392.53155
2449,53033007001,70.01,Census Tract 70.01,Queen Anne,12.3,2014,2.24,1333,0.037037037,0.037354086,Medium,Stable,1377,,50,3856290.05,9530.302569
2450,53033004800,48,Census Tract 48,Fremont,11.1,2014,2.41,1442,0.043290043,0.041907514,Medium,Stable,265,,26,13833886.82,18822.23657
2451,53033005100,51,Census Tract 51,Wallingford,11.2,2014,3.21,1404,0.035483871,0.036162362,High,Stable,350,,24,9490350.153,13462.59155
2452,53033008200,82,Census Tract 82,First Hill,6.1,2014,2.97,2261,0.017123288,0.015267176,High,Stable,1600,,13,4044773.826,9102.140341
2453,53033010101,101.01,Census Tract 101.01,Columbia City,4.2,2014,2.55,1366,0.011904762,0.011851852,Medium,Stable,177,,8,9381810.131,15311.65671
2454,53033012100,121,Census Tract 121,Arbor Heights,1.1,2014,0,0,0,0,,,0,,0,18538900.93,25983.61624
2455,53033011901,119.01,Census Tract 119.01,Rainier Beach,4.1,2014,0,0,0,0,,,0,,0,18097640.74,20485.64554
2456,53033000602,6.02,Census Tract 6.02,Haller Lake,9.5,2014,1.49,1278,0,-0.00234192,Low,Decline,396,,9,25947507.86,23221.70475
2457,53033000201,2.01,Census Tract 2.01,Olympic Hills/Victory Heights,8.2,2014,1.42,1164,-0.013888889,-0.014394581,Low,Decline,836,,12,19446176.32,18651.57808
2458,53033003302,33.02,Census Tract 33.02,Whittier Heights,10.2,2014,1.96,1281,0.037037037,0.035569927,Low,Stable,458,,53,6749336.486,10550.81793
2459,53033005304,53.04,Census Tract 53.04,University District,7.2,2014,0,0,0,0,,,0,,0,786047.0981,4083.126066
2460,53033004202,42.02,Census Tract 42.02,Ravenna/Bryant,7.3,2014,2.65,1835,0.011450382,0.013252347,High,Stable,54,,5,13141688.45,15651.66637
2461,53033007404,74.04,Census Tract 74.04,Capitol Hill,6.2,2014,2.4,1404,0.021276596,0.019607843,Medium,Stable,1225,,62,1654579.828,5775.699987
2462,53033006701,67.01,Census Tract 67.01,Queen Anne,12.3,2014,2.82,2098,0.003558719,0.003827751,High,Stable,1134,,17,3639833.178,12143.77924
2463,53033007800,78,Census Tract 78,Madrona/Leschi,5.1,2014,1.96,1515,0.015544041,0.013377926,Medium,Stable,79,,5,22245158.16,28746.37352
2464,53033007503,75.03,Census Tract 75.03,Capitol Hill,6.2,2014,2.86,1838,0.003508772,0.003275109,High,Stable,994,,19,2018614.368,6484.389482
2465,53033007201,72.01,Census Tract 72.01,Cascade/Eastlake,11.3,2014,2.66,1780,-0.007462687,-0.006696429,High,Decline,2271,,15,1622558.9,5873.216511
2466,53033007203,72.03,Census Tract 72.03,Cascade/Eastlake,11.3,2014,3.12,2222,-0.003194888,-0.001796945,High,Decline,788,,10,6238804.943,12493.9648
2467,53033010301,103.01,Census Tract 103.01,Columbia City,4.2,2014,1.52,1329,0.020134228,0.019953952,Low,Stable,52,,4,10792262.46,16924.36851
2468,53033009900,99,Census Tract 99,North Delridge,2.1,2014,2.3,1344,0.064814815,0.06836248,Medium,Stable,923,,22,70254374.71,64633.66158
2469,53033009500,95,Census Tract 95,Mt. Baker/North Rainier,4.4,2014,2.5,1182,0.016260163,0.016337059,Medium,Stable,140,,12,27424305.67,29618.2113
2470,53033009400,94,Census Tract 94,North Beacon Hill/Jefferson Park,3.6,2014,2.7,1542,0.011235955,0.011811024,High,Stable,600,,52,18150625.68,18874.58318
2471,53033011801,118.01,Census Tract 118.01,Rainier Beach,4.1,2014,1.46,1031,0.020979021,0.024850895,Low,Stable,258,,12,12671173.51,15849.81354
2472,53033011602,116.02,Census Tract 116.02,Fauntleroy/Seaview,1.2,2014,1.52,1060,0.055555556,0.056829511,Low,Stable,113,,13,16924173.23,24704.04057
2473,53033011401,114.01,Census Tract 114.01,Roxhill/Westwood,2.4,2014,1.63,1430,0.072368421,0.072768192,Low,Stable,565,,6,13273369.14,17478.05916
2474,53033010701,107.01,Census Tract 107.01,High Point,2.2,2014,1.32,1121,0.081967213,0.079961464,Low,Stable,214,,5,15726285.72,21302.36518
2475,53033010602,106.02,Census Tract 106.02,Fauntleroy/Seaview,1.2,2014,1.78,1179,0.085365854,0.07967033,Low,Stable,324,,21,15462014.06,23774.94714
2476,53033000900,9,Census Tract 9,Cedar Park/Meadowbrook,8.3,2014,0,0,0,0,,,0,,0,10031158.89,20828.1662
2477,53033000402,4.02,Census Tract 4.02,Broadview/Bitter Lake,9.1,2014,1.59,1068,0.019230769,0.017142857,Low,Stable,480,,27,19362220.52,21397.1753
2478,53033000300,3,Census Tract 3,Haller Lake,9.5,2014,1.29,975,0.015748031,0.016684046,Low,Stable,83,,7,13033864.6,17298.02954
2479,53033003202,32.02,Census Tract 32.02,Sunset Hill/Loyal Heights,10.3,2014,2.18,1481,0.023474178,0.02349689,Medium,Stable,345,,34,10289818.46,12945.39486
2480,53033003000,30,Census Tract 30,Whittier Heights,10.2,2014,2.13,1337,0,0.003753754,Medium,Stable,251,,25,16072222.01,16061.94762
2481,53033001701,17.01,Census Tract 17.01,Greenwood/Phinney Ridge,9.3,2014,2.58,1623,0,0,High,Stable,709,,35,9609026.085,17164.45478
2482,53033001600,16,Census Tract 16,North Beach/Blue Ridge,10.1,2014,2.8,1674,0.02189781,0.021978022,High,Stable,143,,11,20575392.71,23147.64598
2483,53033002100,21,Census Tract 21,Wedgwood/View Ridge,7.4,2014,3,1178,0.016949153,0.016393443,Medium,Stable,188,,16,14696796.74,16139.92186
2484,53033003900,39,Census Tract 39,Wedgwood/View Ridge,7.4,2014,1.55,1062,0.006493506,0.007590133,Low,Stable,108,,8,10481334.98,13200.90921
2485,53033007102,71.02,Census Tract 71.02,Queen Anne,12.3,2014,2.78,1807,0.018315018,0.016882386,High,Stable,1214,,26,3615500.898,11499.94075
2486,53033006702,67.02,Census Tract 67.02,Queen Anne,12.3,2014,2.77,1892,-0.014234875,-0.010977522,High,Decline,821,,33,3280147.995,8593.864905
2487,53033005401,54.01,Census Tract 54.01,Fremont,11.1,2014,2.61,1684,0.003846154,0.00477327,High,Stable,801,,35,7892270.588,19740.10787
2488,53033008004,80.04,Census Tract 80.04,Belltown,13.1,2014,2.66,2036,0.043137255,0.044638276,High,Stable,869,,8,2908326.633,14944.97959
2489,53033008003,80.03,Census Tract 80.03,Belltown,13.1,2014,2.94,1919,-0.006756757,-0.008268734,High,Decline,872,,10,2122043.711,8720.999421
2490,53033008402,84.02,Census Tract 84.02,Capitol Hill,6.2,2014,2.58,1575,0.027888446,0.02739726,High,Stable,1403,,40,1565507.715,5220.868487
2491,53033007303,73.03,Census Tract 73.03,Cascade/Eastlake,11.3,2014,3.54,2877,0.008547009,0.007705779,High,Stable,531,,4,3374596.393,7984.863522
2492,53033010002,100.02,Census Tract 100.02,North Beacon Hill/Jefferson Park,3.6,2014,2.06,1285,0.03,0.030473136,Low,Stable,465,,20,10204645.64,13732.76539
2493,53033011902,119.02,Census Tract 119.02,Rainier Beach,4.1,2014,0,0,0,0,,,0,,0,16290813.63,28897.59863
2494,53033011802,118.02,Census Tract 118.02,Rainier Beach,4.1,2014,1.35,826,0.022727273,0.019753086,Low,Stable,67,,3,12323056.74,17201.54679
2495,53033004703,47.03,Census Tract 47.03,Ballard,10.4,2014,2.49,1391,0.024691358,0.023546726,Medium,Stable,905,,54,13030918.14,18718.85939
2496,53033001000,10,Census Tract 10,Cedar Park/Meadowbrook,8.3,2014,1.58,1209,0.161764706,0.164739884,Low,Rise,122,Medium,5,10270271.69,13147.0306
2497,53033000403,4.03,Census Tract 4.03,Broadview/Bitter Lake,9.1,2014,1.64,1233,0.071895425,0.067532468,Low,Stable,409,,11,7881185.923,14097.02669
2498,53033003201,32.01,Census Tract 32.01,Sunset Hill/Loyal Heights,10.3,2014,2.48,1595,-0.011952191,-0.010545906,High,Decline,1027,,28,11927788.62,32094.50339
2499,53033004600,46,Census Tract 46,Green Lake,9.4,2014,1.96,1221,0.02617801,0.021757322,Low,Stable,65,,7,27829368.76,25514.224
2500,53033004702,47.02,Census Tract 47.02,Ballard,10.4,2014,2.6,1567,0.027667984,0.02956636,High,Stable,956,,38,2867507.734,6956.449675
2501,53033002700,27,Census Tract 27,Green Lake,9.4,2014,1.65,1203,0.018518519,0.020356234,Low,Stable,284,,23,17058079.28,21942.83528
2502,53033001800,18,Census Tract 18,Licton Springs,9.2,2014,1.79,1258,0.011299435,0.012067578,Low,Stable,616,,60,10182882.27,13946.10003
2503,53033005202,52.02,Census Tract 52.02,Wallingford,11.2,2014,2.45,1417,0.020833333,0.020893372,Medium,Stable,1130,,47,2865193.636,7845.303217
2504,53033005303,53.03,Census Tract 53.03,University District,7.2,2014,0,0,0,0,,,0,,0,24349784.49,33904.62137
2505,53033004402,44.02,Census Tract 44.02,University District,7.2,2014,2.48,1241,0.024793388,0.021399177,Medium,Stable,1058,,59,3175021.433,7487.979857
2506,53033004401,44.01,Census Tract 44.01,University District,7.2,2014,2.63,1205,0.003816794,0.000830565,Medium,Stable,430,,28,7479571.761,12948.97514
2507,53033005307,53.07,Census Tract 53.07,University District,7.2,2014,2.66,1124,0.019157088,0.01719457,Medium,Stable,345,,18,1399526.48,4758.85069
2508,53033004101,41.01,Census Tract 41.01,Laurelhurst/Sand Point,7.5,2014,1.59,1046,0.019230769,0.018500487,Low,Stable,71,,3,16716852.66,24230.15794
2509,53033005402,54.02,Census Tract 54.02,Fremont,11.1,2014,2.69,1650,0.034615385,0.031894934,High,Stable,545,,40,4993141.865,10063.79785
2510,53033007700,77,Census Tract 77,Central Area/Squire Park,5.3,2014,2.87,1284,0.021352313,0.023923445,Medium,Stable,383,,22,11391208.22,15242.20976
2511,53033007502,75.02,Census Tract 75.02,Capitol Hill,6.2,2014,2.66,1578,0.019157088,0.018064516,High,Stable,1238,,61,3400503.555,7403.629293
2512,53033007600,76,Census Tract 76,Miller Park,6.4,2014,2.63,1530,0.031372549,0.028917283,High,Stable,744,,48,6155389.389,9906.368336
2513,53033010200,102,Census Tract 102,Seward Park,4.3,2014,1.33,930,0.015267176,0.020856202,Low,Stable,76,,4,30129079.21,33439.4694
2514,53033010401,104.01,Census Tract 104.01,Beacon Hill,3.5,2014,0,0,0,0,,,0,,0,17543421.03,17342.9302
2515,53033010402,104.02,Census Tract 104.02,Beacon Hill,3.5,2014,1.48,1128,0.034965035,0.036764706,Low,Stable,71,,5,18759692.89,18925.04301
2516,53033010501,105.01,Census Tract 105.01,West Seattle Junction/Genesee Hill,1.3,2014,2.42,1695,0.021097046,0.022316043,High,Stable,537,,14,7986746.715,12490.0968
2517,53033010102,101.02,Census Tract 101.02,Columbia City,4.2,2014,0,0,0,0,,,0,,0,17314610.04,22274.17077
2518,53033009802,98.02,Census Tract 98.02,West Seattle Junction/Genesee Hill,1.3,2014,2.56,1507,0.024,0.023082145,Medium,Stable,200,,18,9927510.523,12982.75493
2519,53033009000,90,Census Tract 90,Judkins Park,5.2,2014,2.34,1581,0.017391304,0.014762516,Medium,Stable,478,,16,9212173.197,14319.10299
2520,53033026400,264,Census Tract 264,South Park,3.1,2014,0,0,0,0,,,0,,0,461382.0486,5763.407674
2521,53033001201,12.01,Census Tract 12.01,Northgate/Maple Leaf,8.1,2015,2.01,1435,0.041450777,0.042877907,Low,Stable,1217,,22,10851861.64,15899.77334
2522,53033000404,4.04,Census Tract 4.04,Broadview/Bitter Lake,9.1,2015,1.84,1490,0.088757396,0.087591241,Low,Stable,515,,8,6791652.724,12962.55841
2523,53033004901,49.01,Census Tract 49.01,Fremont,11.1,2015,2.28,1353,0.031674208,0.03440367,Medium,Stable,991,,108,5350888.215,9379.655767
2524,53033003601,36.01,Census Tract 36.01,Green Lake,9.4,2015,2.62,1499,0.043824701,0.045327755,Medium,Stable,648,,37,7255879.068,11894.28889
2525,53033002800,28,Census Tract 28,Greenwood/Phinney Ridge,9.3,2015,1.97,1240,0.031413613,0.033333333,Low,Stable,326,,33,10637151.82,13201.3113
2526,53033003100,31,Census Tract 31,Sunset Hill/Loyal Heights,10.3,2015,1.64,1130,0.031446541,0.033851784,Low,Stable,112,,15,23137464.05,24704.5678
2527,53033006400,64,Census Tract 64,Miller Park,6.4,2015,1.99,1680,0.052910053,0.05,Medium,Stable,103,,5,9726351.904,13186.77018
2528,53033004301,43.01,Census Tract 43.01,Ravenna/Bryant,7.3,2015,3.3,2125,0.037735849,0.038104543,High,Stable,69,,8,10539780.57,17192.70375
2529,53033002500,25,Census Tract 25,Ravenna/Bryant,7.3,2015,2.62,1918,-0.036764706,-0.068027211,High,Decline,64,,3,10594634.3,16442.96859
2530,53033002200,22,Census Tract 22,Wedgwood/View Ridge,7.4,2015,2.58,2197,0.011764706,0.011976048,High,Stable,164,,6,30127208.02,28505.80679
2531,53033004000,40,Census Tract 40,Laurelhurst/Sand Point,7.5,2015,1.61,1088,0.038709677,0.035204567,Low,Stable,69,,3,26374983.68,27560.01384
2532,53033005804,58.04,Census Tract 58.04,Interbay,12.2,2015,2.4,1596,0.076233184,0.071860309,Medium,Stable,912,,36,25124062.74,48668.27224
2533,53033006800,68,Census Tract 68,Queen Anne,12.3,2015,3.22,2147,0.084175084,0.084891359,High,Stable,543,,26,7729250.272,11275.37735
2534,53033008102,81.02,Census Tract 81.02,Downtown Commercial Core,13.2,2015,4.13,3622,0.042929293,0.04290239,High,Stable,381,,6,5987812.086,14339.99503
2535,53033008101,81.01,Census Tract 81.01,Downtown Commercial Core,13.2,2015,2.68,2334,0.089430894,0.090144792,High,Stable,885,,5,2992165.479,11427.14676
2536,53033007902,79.02,Census Tract 79.02,Central Area/Squire Park,5.3,2015,2.4,1638,0.034482759,0.03539823,Medium,Stable,680,,17,4641637.8,9715.120877
2537,53033007302,73.02,Census Tract 73.02,Cascade/Eastlake,11.3,2015,3.4,2753,0.042944785,0.04280303,High,Stable,1245,,4,3368769.265,7802.426354
2538,53033007101,71.01,Census Tract 71.01,Queen Anne,12.3,2015,2.84,1891,0.04029304,0.041299559,High,Stable,1257,,23,5328474.607,9004.947227
2539,53033009300,93,Census Tract 93,Duwamish/SODO,3.3,2015,2.56,1836,0.066666667,0.06373117,High,Stable,765,,13,102171584.8,53946.37345
2540,53033010502,105.02,Census Tract 105.02,West Seattle Junction/Genesee Hill,1.3,2015,2.25,1524,0.066350711,0.064989518,Medium,Stable,1268,,26,10504351.34,14546.13624
2541,53033010001,100.01,Census Tract 100.01,North Beacon Hill/Jefferson Park,3.6,2015,2.29,1457,0.0456621,0.043696275,Medium,Stable,248,,17,25052474.61,25628.92453
2542,53033009801,98.01,Census Tract 98.01,West Seattle Junction/Genesee Hill,1.3,2015,2.55,1713,0.040816327,0.044512195,High,Stable,302,,21,10814248.94,13291.54908
2543,53033008900,89,Census Tract 89,Madrona/Leschi,5.1,2015,2.69,1856,0.030651341,0.029966704,High,Stable,239,,16,13690717.17,19328.7464
2544,53033026300,263,Census Tract 263,Rainier Beach,4.1,2015,0,0,0,0,,,0,,0,30724.63332,954.0480244
2545,53033012000,120,Census Tract 120,Arbor Heights,1.1,2015,0,0,0,0,,,0,,0,15560990.44,16787.97428
2546,53033011101,111.01,Census Tract 111.01,Columbia City,4.2,2015,2.34,1548,0.125,0.124183007,Medium,Rise,510,Medium,13,12236718.08,15552.07435
2547,53033011001,110.01,Census Tract 110.01,South Beacon Hill/NewHolly,3.4,2015,0,0,0,0,,,0,,0,11629041.07,16287.35531
2548,53033010800,108,Census Tract 108,Riverview,2.3,2015,1.73,1214,0.029761905,0.034953112,Low,Stable,59,,3,44087445.22,39019.3475
2549,53033000800,8,Census Tract 8,Cedar Park/Meadowbrook,8.3,2015,0,0,0,0,,,0,,0,12290810.02,15312.08746
2550,53033003400,34,Census Tract 34,Greenwood/Phinney Ridge,9.3,2015,1.4,862,0.029411765,0.028639618,Low,Stable,93,,9,8472471.715,12629.32293
2551,53033005306,53.06,Census Tract 53.06,University District,7.2,2015,2.54,1406,0.080851064,0.081538462,Medium,Stable,720,,19,2157906.058,5954.872623
2552,53033004302,43.02,Census Tract 43.02,Ravenna/Bryant,7.3,2015,2.79,1696,0.041044776,0.038579302,High,Stable,1044,,60,3564115.67,7987.274419
2553,53033002400,24,Census Tract 24,Wedgwood/View Ridge,7.4,2015,0,0,0,0,,,0,,0,10359919.78,13151.71252
2554,53033004102,41.02,Census Tract 41.02,Laurelhurst/Sand Point,7.5,2015,2.22,1571,0.088235294,0.084195997,Medium,Stable,487,,7,17933927.27,23350.80029
2555,53033005600,56,Census Tract 56,Magnolia,12.1,2015,0,0,0,0,,,0,,0,32045056.14,29943.50553
2556,53033006703,67.03,Census Tract 67.03,Queen Anne,12.3,2015,2.03,1563,0.068421053,0.063989108,Medium,Stable,608,,35,6427171.884,10846.49304
2557,53033006100,61,Census Tract 61,Montlake/Portage Bay,7.1,2015,2.71,1572,0.046332046,0.044518272,High,Stable,1274,,84,11959193.74,21477.26483
2558,53033005700,57,Census Tract 57,Magnolia,12.1,2015,1.85,1392,0.022099448,0.027306273,Low,Stable,352,,28,53305584.43,44506.56554
2559,53033005901,59.01,Census Tract 59.01,Queen Anne,12.3,2015,2.23,1425,0.032407407,0.032608696,Medium,Stable,389,,29,8449086.719,19075.29242
2560,53033008401,84.01,Census Tract 84.01,Capitol Hill,6.2,2015,2.92,1869,0.03180212,0.033738938,High,Stable,1342,,20,2700766.609,9275.818268
2561,53033008300,83,Census Tract 83,First Hill,6.1,2015,2.75,1861,0.1,0.103141672,High,Rise,987,,13,2561276.498,8632.134894
2562,53033007501,75.01,Census Tract 75.01,Capitol Hill,6.2,2015,2.73,1569,0.05,0.051608579,High,Stable,1863,,87,3210519.937,7219.623642
2563,53033009702,97.02,Census Tract 97.02,West Seattle Junction/Genesee Hill,1.3,2015,2.11,1363,0.034313725,0.03414264,Low,Stable,105,,7,23899907.43,28258.76257
2564,53033008800,88,Census Tract 88,Central Area/Squire Park,5.3,2015,2.58,1632,0.032,0.030953885,Medium,Stable,240,,28,10210038.86,13202.52686
2565,53033008500,85,Census Tract 85,First Hill,6.1,2015,2.99,1980,0.038194444,0.035023523,High,Stable,884,,18,4854121.319,9025.581615
2566,53033026500,265,Census Tract 265,Highland Park,2.5,2015,0,0,0,0,,,0,,0,4617675.483,11234.96478
2567,53033011601,116.01,Census Tract 116.01,Fauntleroy/Seaview,1.2,2015,1.35,938,0.038461538,0.034178611,Low,Stable,80,,6,16710842.89,20011.96599
2568,53033011300,113,Census Tract 113,Highland Park,2.5,2015,1.59,1285,0.052980132,0.052416052,Low,Stable,328,,16,37260682.97,27184.16139
2569,53033011500,115,Census Tract 115,Roxhill/Westwood,2.4,2015,1.69,1200,0.049689441,0.052631579,Low,Stable,250,,12,16558652.75,19887.30894
2570,53033010601,106.01,Census Tract 106.01,Fauntleroy/Seaview,1.2,2015,2.18,1334,0.063414634,0.062101911,Low,Stable,381,,25,11724162.32,14458.83704
2571,53033001202,12.02,Census Tract 12.02,Northgate/Maple Leaf,8.1,2015,2.39,1760,0.062222222,0.062160531,Medium,Stable,850,,11,8841145.884,13324.99009
2572,53033000102,1.02,Census Tract 1.02,Cedar Park/Meadowbrook,8.3,2015,2.02,1461,0.041237113,0.036170213,Medium,Stable,643,,15,15446821.48,19552.36233
2573,53033004701,47.01,Census Tract 47.01,Ballard,10.4,2015,2.67,1854,0.04296875,0.043331458,High,Stable,1250,,51,6036028.326,13539.04763
2574,53033004500,45,Census Tract 45,Wallingford,11.2,2015,2.04,1785,0.014925373,0.017094017,Medium,Stable,53,,3,7222109.888,11018.30209
2575,53033002900,29,Census Tract 29,Greenwood/Phinney Ridge,9.3,2015,1.98,1418,0.047619048,0.049592894,Low,Stable,286,,25,10614791.11,13366.31967
2576,53033004201,42.01,Census Tract 42.01,Ravenna/Bryant,7.3,2015,1.69,1489,0.069620253,0.063571429,Low,Stable,178,,10,13390664.27,18286.14392
2577,53033007403,74.03,Census Tract 74.03,Capitol Hill,6.2,2015,2.56,1522,-0.007751938,-0.006527415,Medium,Decline,1507,,52,1276089.069,5227.495287
2578,53033007002,70.02,Census Tract 70.02,Queen Anne,12.3,2015,2.48,1600,0.042016807,0.039636127,Medium,Stable,1555,,74,4746869.846,9490.799057
2579,53033005803,58.03,Census Tract 58.03,Interbay,12.2,2015,1.77,1275,0.047337278,0.047658176,Low,Stable,382,,32,8956173.425,17129.19881
2580,53033005902,59.02,Census Tract 59.02,Queen Anne,12.3,2015,1.87,1439,0.044692737,0.044267054,Low,Stable,103,,10,11010649.89,15184.22057
2581,53033004902,49.02,Census Tract 49.02,Fremont,11.1,2015,2.63,1536,0.052,0.052775874,Medium,Stable,828,,61,6448262.34,10801.73149
2582,53033005801,58.01,Census Tract 58.01,Interbay,12.2,2015,1.87,1636,0.087209302,0.082010582,Medium,Stable,1034,,42,19618424.24,25500.01395
2583,53033007406,74.06,Census Tract 74.06,Capitol Hill,6.2,2015,2.59,1355,0.065843621,0.068611987,Medium,Stable,1192,,42,1623443.827,6764.477241
2584,53033007405,74.05,Census Tract 74.05,Capitol Hill,6.2,2015,2.5,1370,0.033057851,0.036308623,Medium,Stable,1369,,49,1418974.042,5012.79869
2585,53033009701,97.01,Census Tract 97.01,Alki/Admiral,1.4,2015,1.84,1541,0.027932961,0.030080214,Low,Stable,395,,35,19291172.12,29764.00034
2586,53033009600,96,Census Tract 96,Alki/Admiral,1.4,2015,1.86,1501,0.021978022,0.026675787,Low,Stable,443,,33,19741501.65,20745.406
2587,53033008700,87,Census Tract 87,Central Area/Squire Park,5.3,2015,2.41,1390,0.038793103,0.037313433,Medium,Stable,499,,39,7883013.17,11432.38421
2588,53033011402,114.02,Census Tract 114.02,Roxhill/Westwood,2.4,2015,2.01,1210,0.041450777,0.04130809,Low,Stable,405,,23,12779277.86,17351.05501
2589,53033011200,112,Census Tract 112,South Park,3.1,2015,1.18,718,0.035087719,0.033093525,Low,Stable,175,,15,26463890.03,27002.33758
2590,53033010900,109,Census Tract 109,Georgetown,3.2,2015,2.24,1121,0.027522936,0.029384757,Low,Stable,110,,11,51677122.71,44978.75384
2591,53033011002,110.02,Census Tract 110.02,South Beacon Hill/NewHolly,3.4,2015,0,0,0,0,,,0,,0,18508908.46,22511.12676
2592,53033011102,111.02,Census Tract 111.02,Seward Park,4.3,2015,1.52,1035,0.101449275,0.092925026,Low,Rise,450,Medium,22,13970026.69,20411.17006
2593,53033010702,107.02,Census Tract 107.02,High Point,2.2,2015,0,0,0,0,,,0,,0,8396926.793,14935.93024
2594,53033001100,11,Census Tract 11,Olympic Hills/Victory Heights,8.2,2015,1.68,1253,0.112582781,0.108849558,Low,Rise,188,Medium,11,11416399.59,14159.12735
2595,53033000700,7,Census Tract 7,Olympic Hills/Victory Heights,8.2,2015,1.77,1260,0.06626506,0.065088757,Low,Stable,827,,54,13932242.39,16134.02991
2596,53033000202,2.02,Census Tract 2.02,Olympic Hills/Victory Heights,8.2,2015,1.56,1247,0.06122449,0.06037415,Low,Stable,182,,5,15930118.49,17285.82737
2597,53033000101,1.01,Census Tract 1.01,Cedar Park/Meadowbrook,8.3,2015,1.67,1194,0.050314465,0.051056338,Low,Stable,1361,,35,4465058.881,8662.074215
2598,53033003301,33.01,Census Tract 33.01,Whittier Heights,10.2,2015,2.3,1386,0.026785714,0.025906736,Medium,Stable,624,,58,7202858.493,11177.18133
2599,53033003602,36.02,Census Tract 36.02,Green Lake,9.4,2015,2.62,1519,0.031496063,0.029830508,Medium,Stable,1136,,45,5621886.085,11471.09438
2600,53033001900,19,Census Tract 19,Northgate/Maple Leaf,8.1,2015,2.54,1868,0.085470085,0.083526682,High,Stable,516,,9,17945171.52,18948.48127
2601,53033001702,17.02,Census Tract 17.02,Greenwood/Phinney Ridge,9.3,2015,0,0,0,0,,,0,,0,13779275.76,17476.40751
2602,53033006500,65,Census Tract 65,North Capitol Hill,6.3,2015,2.39,1583,0.052863436,0.053928096,Medium,Stable,1139,,77,12352257.76,17921.50133
2603,53033006200,62,Census Tract 62,Montlake/Portage Bay,7.1,2015,0,0,0,0,,,0,,0,24610619.74,40010.59926
2604,53033005305,53.05,Census Tract 53.05,University District,7.2,2015,2.64,1273,0.043478261,0.043442623,Medium,Stable,1166,,45,2292236.616,6048.609222
2605,53033002600,26,Census Tract 26,Ravenna/Bryant,7.3,2015,2.6,1615,0.035856574,0.035920462,Medium,Stable,191,,5,13398040.18,15933.9379
2606,53033002000,20,Census Tract 20,Northgate/Maple Leaf,8.1,2015,1.87,1401,0.044692737,0.045522388,Low,Stable,206,,9,12183878.82,15509.54571
2607,53033006300,63,Census Tract 63,Madison Park,6.5,2015,2.16,1639,0.08,0.076165463,Medium,Stable,578,,20,27750333.4,36285.84892
2608,53033006600,66,Census Tract 66,Cascade/Eastlake,11.3,2015,2.45,1633,0.042553191,0.044117647,Medium,Stable,1467,,81,11110296.85,21995.1063
2609,53033006900,69,Census Tract 69,Queen Anne,12.3,2015,2.23,1462,0.046948357,0.046528275,Medium,Stable,468,,34,9742176.65,15666.54395
2610,53033006000,60,Census Tract 60,Queen Anne,12.3,2015,2.4,1772,0.030042918,0.032634033,High,Stable,765,,57,14158764.71,19123.03263
2611,53033005201,52.01,Census Tract 52.01,Wallingford,11.2,2015,2.89,1335,0.050909091,0.051181102,Medium,Stable,506,,22,7536632.481,14175.92406
2612,53033005000,50,Census Tract 50,Wallingford,11.2,2015,2.56,1608,0.049180328,0.050980392,Medium,Stable,1176,,66,8151942.295,11560.14801
2613,53033008600,86,Census Tract 86,First Hill,6.1,2015,2.8,1520,0.040892193,0.037542662,High,Stable,1415,,47,7656616.626,11640.72061
2614,53033008002,80.02,Census Tract 80.02,Belltown,13.1,2015,3.2,2280,0.056105611,0.05409154,High,Stable,1450,,15,2522029.808,7998.382466
2615,53033007901,79.01,Census Tract 79.01,Central Area/Squire Park,5.3,2015,2.37,1520,0.030434783,0.029113067,Medium,Stable,913,,46,2876299.502,7879.404339
2616,53033007202,72.02,Census Tract 72.02,Cascade/Eastlake,11.3,2015,3.26,2406,0.068852459,0.068383659,High,Stable,1401,,12,3020075.663,7591.701883
2617,53033007301,73.01,Census Tract 73.01,Cascade/Eastlake,11.3,2015,2.78,1957,0.045112782,0.047084002,High,Stable,1453,,13,2699344.108,7422.610693
2618,53033010302,103.02,Census Tract 103.02,Columbia City,4.2,2015,2.48,1736,0.008130081,0.009889471,High,Stable,576,,19,6804418.751,11267.2532
2619,53033009100,91,Census Tract 91,Pioneer Square/International District,13.3,2015,2.69,1708,0.030651341,0.030156815,High,Stable,912,,14,4419685.266,10608.38541
2620,53033009200,92,Census Tract 92,Pioneer Square/International District,13.3,2015,2.73,1622,0.038022814,0.04041052,High,Stable,321,,10,3456088.55,12687.12119
2621,53033011700,117,Census Tract 117,South Beacon Hill/NewHolly,3.4,2015,0,0,0,0,,,0,,0,37826036.26,29439.62674
2622,53033000500,5,Census Tract 5,Broadview/Bitter Lake,9.1,2015,0,0,0,0,,,0,,0,30294741.05,27094.56678
2623,53033000601,6.01,Census Tract 6.01,Haller Lake,9.5,2015,1.6,1127,0.045751634,0.041589649,Low,Stable,610,,17,15404952.58,20078.95648
2624,53033003500,35,Census Tract 35,Greenwood/Phinney Ridge,9.3,2015,2.43,1217,0.034042553,0.030482642,Medium,Stable,259,,21,13828061.67,16634.34896
2625,53033001500,15,Census Tract 15,North Beach/Blue Ridge,10.1,2015,0.94,1092,0.032967033,0.029217719,Low,Stable,59,,4,12300447.06,13960.37955
2626,53033001400,14,Census Tract 14,North Beach/Blue Ridge,10.1,2015,1.71,1365,0.049079755,0.040396341,Low,Stable,433,,21,23073388.66,30536.33745
2627,53033001300,13,Census Tract 13,Licton Springs,9.2,2015,1.75,1088,0.029411765,0.026415094,Low,Stable,897,,73,12710036.99,14881.08705
2628,53033003800,38,Census Tract 38,Ravenna/Bryant,7.3,2015,2.99,1528,0.038194444,0.035230352,High,Stable,159,,6,6722791.394,10392.53155
2629,53033007001,70.01,Census Tract 70.01,Queen Anne,12.3,2015,2.34,1393,0.044642857,0.045011253,Medium,Stable,1377,,50,3856290.05,9530.302569
2630,53033004800,48,Census Tract 48,Fremont,11.1,2015,2.52,1505,0.045643154,0.04368932,Medium,Stable,329,,27,13833886.82,18822.23657
2631,53033005100,51,Census Tract 51,Wallingford,11.2,2015,3.24,1415,0.009345794,0.007834758,High,Stable,350,,24,9490350.153,13462.59155
2632,53033008200,82,Census Tract 82,First Hill,6.1,2015,3.14,2391,0.057239057,0.057496683,High,Stable,2009,,15,4044773.826,9102.140341
2633,53033010101,101.01,Census Tract 101.01,Columbia City,4.2,2015,2.64,1409,0.035294118,0.03147877,Medium,Stable,177,,8,9381810.131,15311.65671
2634,53033012100,121,Census Tract 121,Arbor Heights,1.1,2015,0,0,0,0,,,0,,0,18538900.93,25983.61624
2635,53033011901,119.01,Census Tract 119.01,Rainier Beach,4.1,2015,0,0,0,0,,,0,,0,18097640.74,20485.64554
2636,53033000602,6.02,Census Tract 6.02,Haller Lake,9.5,2015,1.64,1403,0.100671141,0.097809077,Low,Rise,396,Medium,9,25947507.86,23221.70475
2637,53033000201,2.01,Census Tract 2.01,Olympic Hills/Victory Heights,8.2,2015,1.59,1304,0.11971831,0.120274914,Low,Rise,836,Medium,12,19446176.32,18651.57808
2638,53033003302,33.02,Census Tract 33.02,Whittier Heights,10.2,2015,2.05,1344,0.045918367,0.049180328,Low,Stable,458,,53,6749336.486,10550.81793
2639,53033005304,53.04,Census Tract 53.04,University District,7.2,2015,0,0,0,0,,,0,,0,786047.0981,4083.126066
2640,53033004202,42.02,Census Tract 42.02,Ravenna/Bryant,7.3,2015,2.75,1906,0.037735849,0.038692098,High,Stable,54,,5,13141688.45,15651.66637
2641,53033007404,74.04,Census Tract 74.04,Capitol Hill,6.2,2015,2.49,1455,0.0375,0.036324786,Medium,Stable,1273,,63,1654579.828,5775.699987
2642,53033006701,67.01,Census Tract 67.01,Queen Anne,12.3,2015,2.96,2204,0.04964539,0.050524309,High,Stable,1134,,17,3639833.178,12143.77924
2643,53033007800,78,Census Tract 78,Madrona/Leschi,5.1,2015,2.02,1567,0.030612245,0.034323432,Medium,Stable,79,,5,22245158.16,28746.37352
2644,53033007503,75.03,Census Tract 75.03,Capitol Hill,6.2,2015,2.91,1868,0.017482517,0.016322089,High,Stable,1330,,21,2018614.368,6484.389482
2645,53033007201,72.01,Census Tract 72.01,Cascade/Eastlake,11.3,2015,2.79,1861,0.04887218,0.045505618,High,Stable,2271,,15,1622558.9,5873.216511
2646,53033007203,72.03,Census Tract 72.03,Cascade/Eastlake,11.3,2015,3.28,2333,0.051282051,0.049954995,High,Stable,788,,10,6238804.943,12493.9648
2647,53033010301,103.01,Census Tract 103.01,Columbia City,4.2,2015,1.56,1368,0.026315789,0.029345372,Low,Stable,52,,4,10792262.46,16924.36851
2648,53033009900,99,Census Tract 99,North Delridge,2.1,2015,2.43,1418,0.056521739,0.055059524,Medium,Stable,923,,22,70254374.71,64633.66158
2649,53033009500,95,Census Tract 95,Mt. Baker/North Rainier,4.4,2015,2.59,1224,0.036,0.035532995,Medium,Stable,158,,13,27424305.67,29618.2113
2650,53033009400,94,Census Tract 94,North Beacon Hill/Jefferson Park,3.6,2015,2.79,1594,0.033333333,0.033722438,High,Stable,643,,52,18150625.68,18874.58318
2651,53033011801,118.01,Census Tract 118.01,Rainier Beach,4.1,2015,1.54,1090,0.054794521,0.057225994,Low,Stable,258,,12,12671173.51,15849.81354
2652,53033011602,116.02,Census Tract 116.02,Fauntleroy/Seaview,1.2,2015,1.62,1126,0.065789474,0.062264151,Low,Stable,113,,13,16924173.23,24704.04057
2653,53033011401,114.01,Census Tract 114.01,Roxhill/Westwood,2.4,2015,1.89,1651,0.159509202,0.154545455,Medium,Rise,565,Medium,6,13273369.14,17478.05916
2654,53033010701,107.01,Census Tract 107.01,High Point,2.2,2015,1.41,1197,0.068181818,0.06779661,Low,Stable,214,,5,15726285.72,21302.36518
2655,53033010602,106.02,Census Tract 106.02,Fauntleroy/Seaview,1.2,2015,1.88,1248,0.056179775,0.058524173,Low,Stable,374,,23,15462014.06,23774.94714
2656,53033000900,9,Census Tract 9,Cedar Park/Meadowbrook,8.3,2015,0,0,0,0,,,0,,0,10031158.89,20828.1662
2657,53033000402,4.02,Census Tract 4.02,Broadview/Bitter Lake,9.1,2015,1.69,1133,0.062893082,0.060861423,Low,Stable,480,,27,19362220.52,21397.1753
2658,53033000300,3,Census Tract 3,Haller Lake,9.5,2015,1.34,1014,0.03875969,0.04,Low,Stable,83,,7,13033864.6,17298.02954
2659,53033003202,32.02,Census Tract 32.02,Sunset Hill/Loyal Heights,10.3,2015,2.24,1517,0.027522936,0.0243079,Medium,Stable,387,,35,10289818.46,12945.39486
2660,53033003000,30,Census Tract 30,Whittier Heights,10.2,2015,2.22,1393,0.042253521,0.041884817,Medium,Stable,251,,25,16072222.01,16061.94762
2661,53033001701,17.01,Census Tract 17.01,Greenwood/Phinney Ridge,9.3,2015,2.65,1664,0.027131783,0.025261861,High,Stable,709,,35,9609026.085,17164.45478
2662,53033001600,16,Census Tract 16,North Beach/Blue Ridge,10.1,2015,2.89,1728,0.032142857,0.032258065,High,Stable,143,,11,20575392.71,23147.64598
2663,53033002100,21,Census Tract 21,Wedgwood/View Ridge,7.4,2015,3,1180,0,0.001697793,Medium,Stable,483,,17,14696796.74,16139.92186
2664,53033003900,39,Census Tract 39,Wedgwood/View Ridge,7.4,2015,1.61,1102,0.038709677,0.037664783,Low,Stable,108,,8,10481334.98,13200.90921
2665,53033007102,71.02,Census Tract 71.02,Queen Anne,12.3,2015,2.91,1892,0.04676259,0.047039292,High,Stable,1247,,27,3615500.898,11499.94075
2666,53033006702,67.02,Census Tract 67.02,Queen Anne,12.3,2015,2.94,2004,0.061371841,0.059196617,High,Stable,821,,33,3280147.995,8593.864905
2667,53033005401,54.01,Census Tract 54.01,Fremont,11.1,2015,2.78,1794,0.0651341,0.065320665,High,Stable,801,,35,7892270.588,19740.10787
2668,53033008004,80.04,Census Tract 80.04,Belltown,13.1,2015,2.73,2087,0.026315789,0.025049116,High,Stable,1005,,9,2908326.633,14944.97959
2669,53033008003,80.03,Census Tract 80.03,Belltown,13.1,2015,3.04,1984,0.034013605,0.033871808,High,Stable,872,,10,2122043.711,8720.999421
2670,53033008402,84.02,Census Tract 84.02,Capitol Hill,6.2,2015,2.65,1619,0.027131783,0.027936508,High,Stable,1629,,39,1565507.715,5220.868487
2671,53033007303,73.03,Census Tract 73.03,Cascade/Eastlake,11.3,2015,3.62,2939,0.02259887,0.021550226,High,Stable,797,,4,3374596.393,7984.863522
2672,53033010002,100.02,Census Tract 100.02,North Beacon Hill/Jefferson Park,3.6,2015,2.19,1366,0.063106796,0.063035019,Medium,Stable,465,,20,10204645.64,13732.76539
2673,53033011902,119.02,Census Tract 119.02,Rainier Beach,4.1,2015,0,0,0,0,,,0,,0,16290813.63,28897.59863
2674,53033011802,118.02,Census Tract 118.02,Rainier Beach,4.1,2015,1.39,850,0.02962963,0.02905569,Low,Stable,67,,3,12323056.74,17201.54679
2675,53033004703,47.03,Census Tract 47.03,Ballard,10.4,2015,2.58,1445,0.036144578,0.038820992,Medium,Stable,962,,55,13030918.14,18718.85939
2676,53033001000,10,Census Tract 10,Cedar Park/Meadowbrook,8.3,2015,1.69,1293,0.069620253,0.069478908,Low,Stable,122,,5,10270271.69,13147.0306
2677,53033000403,4.03,Census Tract 4.03,Broadview/Bitter Lake,9.1,2015,1.64,1239,0,0.00486618,Low,Stable,454,,12,7881185.923,14097.02669
2678,53033003201,32.01,Census Tract 32.01,Sunset Hill/Loyal Heights,10.3,2015,2.69,1728,0.084677419,0.08338558,High,Stable,1069,,29,11927788.62,32094.50339
2679,53033004600,46,Census Tract 46,Green Lake,9.4,2015,2,1251,0.020408163,0.024570025,Low,Stable,65,,7,27829368.76,25514.224
2680,53033004702,47.02,Census Tract 47.02,Ballard,10.4,2015,2.68,1611,0.030769231,0.028079132,High,Stable,1024,,40,2867507.734,6956.449675
2681,53033002700,27,Census Tract 27,Green Lake,9.4,2015,1.99,1452,0.206060606,0.206982544,Low,Significant Rise,284,High,23,17058079.28,21942.83528
2682,53033001800,18,Census Tract 18,Licton Springs,9.2,2015,1.85,1298,0.033519553,0.031796502,Low,Stable,624,,61,10182882.27,13946.10003
2683,53033005202,52.02,Census Tract 52.02,Wallingford,11.2,2015,2.58,1494,0.053061224,0.054340155,Medium,Stable,1306,,50,2865193.636,7845.303217
2684,53033005303,53.03,Census Tract 53.03,University District,7.2,2015,0,0,0,0,,,0,,0,24349784.49,33904.62137
2685,53033004402,44.02,Census Tract 44.02,University District,7.2,2015,2.55,1279,0.028225806,0.030620467,Medium,Stable,1070,,60,3175021.433,7487.979857
2686,53033004401,44.01,Census Tract 44.01,University District,7.2,2015,2.77,1271,0.053231939,0.054771784,Medium,Stable,481,,29,7479571.761,12948.97514
2687,53033005307,53.07,Census Tract 53.07,University District,7.2,2015,2.81,1185,0.056390977,0.054270463,Medium,Stable,345,,18,1399526.48,4758.85069
2688,53033004101,41.01,Census Tract 41.01,Laurelhurst/Sand Point,7.5,2015,1.65,1084,0.037735849,0.036328872,Low,Stable,71,,3,16716852.66,24230.15794
2689,53033005402,54.02,Census Tract 54.02,Fremont,11.1,2015,2.74,1682,0.018587361,0.019393939,High,Stable,823,,41,4993141.865,10063.79785
2690,53033007700,77,Census Tract 77,Central Area/Squire Park,5.3,2015,3.04,1360,0.059233449,0.059190031,High,Stable,383,,22,11391208.22,15242.20976
2691,53033007502,75.02,Census Tract 75.02,Capitol Hill,6.2,2015,2.76,1639,0.037593985,0.038656527,High,Stable,1286,,62,3400503.555,7403.629293
2692,53033007600,76,Census Tract 76,Miller Park,6.4,2015,2.71,1579,0.030418251,0.032026144,High,Stable,783,,49,6155389.389,9906.368336
2693,53033010200,102,Census Tract 102,Seward Park,4.3,2015,1.37,958,0.030075188,0.030107527,Low,Stable,76,,4,30129079.21,33439.4694
2694,53033010401,104.01,Census Tract 104.01,Beacon Hill,3.5,2015,0,0,0,0,,,0,,0,17543421.03,17342.9302
2695,53033010402,104.02,Census Tract 104.02,Beacon Hill,3.5,2015,1.58,1204,0.067567568,0.067375887,Low,Stable,71,,5,18759692.89,18925.04301
2696,53033010501,105.01,Census Tract 105.01,West Seattle Junction/Genesee Hill,1.3,2015,2.49,1744,0.02892562,0.028908555,High,Stable,904,,16,7986746.715,12490.0968
2697,53033010102,101.02,Census Tract 101.02,Columbia City,4.2,2015,0,0,0,0,,,0,,0,17314610.04,22274.17077
2698,53033009802,98.02,Census Tract 98.02,West Seattle Junction/Genesee Hill,1.3,2015,2.66,1569,0.0390625,0.04114134,Medium,Stable,200,,18,9927510.523,12982.75493
2699,53033009000,90,Census Tract 90,Judkins Park,5.2,2015,2.46,1661,0.051282051,0.050600886,Medium,Stable,478,,16,9212173.197,14319.10299
2700,53033026400,264,Census Tract 264,South Park,3.1,2015,0,0,0,0,,,0,,0,461382.0486,5763.407674
2701,53033001201,12.01,Census Tract 12.01,Northgate/Maple Leaf,8.1,2016,2.11,1500,0.049751244,0.045296167,Medium,Stable,1217,,22,10851861.64,15899.77334
2702,53033000404,4.04,Census Tract 4.04,Broadview/Bitter Lake,9.1,2016,1.91,1544,0.038043478,0.036241611,Low,Stable,509,,7,6791652.724,12962.55841
2703,53033004901,49.01,Census Tract 49.01,Fremont,11.1,2016,2.34,1384,0.026315789,0.022912047,Medium,Stable,991,,108,5350888.215,9379.655767
2704,53033003601,36.01,Census Tract 36.01,Green Lake,9.4,2016,2.76,1579,0.053435115,0.053368913,Medium,Stable,648,,37,7255879.068,11894.28889
2705,53033002800,28,Census Tract 28,Greenwood/Phinney Ridge,9.3,2016,2.03,1276,0.030456853,0.029032258,Low,Stable,326,,33,10637151.82,13201.3113
2706,53033003100,31,Census Tract 31,Sunset Hill/Loyal Heights,10.3,2016,1.67,1150,0.018292683,0.017699115,Low,Stable,112,,15,23137464.05,24704.5678
2707,53033006400,64,Census Tract 64,Miller Park,6.4,2016,2,1694,0.005025126,0.008333333,Medium,Stable,103,,5,9726351.904,13186.77018
2708,53033004301,43.01,Census Tract 43.01,Ravenna/Bryant,7.3,2016,3.37,2172,0.021212121,0.022117647,High,Stable,69,,8,10539780.57,17192.70375
2709,53033002500,25,Census Tract 25,Ravenna/Bryant,7.3,2016,2.55,1822,-0.026717557,-0.050052138,High,Decline,64,,3,10594634.3,16442.96859
2710,53033002200,22,Census Tract 22,Wedgwood/View Ridge,7.4,2016,2.69,2289,0.042635659,0.041875284,High,Stable,164,,6,30127208.02,28505.80679
2711,53033004000,40,Census Tract 40,Laurelhurst/Sand Point,7.5,2016,1.65,1118,0.02484472,0.027573529,Low,Stable,69,,3,26374983.68,27560.01384
2712,53033005804,58.04,Census Tract 58.04,Interbay,12.2,2016,2.5,1666,0.041666667,0.043859649,Medium,Stable,912,,36,25124062.74,48668.27224
2713,53033006800,68,Census Tract 68,Queen Anne,12.3,2016,3.3,2199,0.02484472,0.024219842,High,Stable,543,,26,7729250.272,11275.37735
2714,53033008102,81.02,Census Tract 81.02,Downtown Commercial Core,13.2,2016,4.19,3674,0.014527845,0.014356709,High,Stable,381,,6,5987812.086,14339.99503
2715,53033008101,81.01,Census Tract 81.01,Downtown Commercial Core,13.2,2016,2.85,2489,0.063432836,0.066409597,High,Stable,885,,5,2992165.479,11427.14676
2716,53033007902,79.02,Census Tract 79.02,Central Area/Squire Park,5.3,2016,2.42,1655,0.008333333,0.01037851,Medium,Stable,911,,20,4641637.8,9715.120877
2717,53033007302,73.02,Census Tract 73.02,Cascade/Eastlake,11.3,2016,3.5,2830,0.029411765,0.027969488,High,Stable,1245,,4,3368769.265,7802.426354
2718,53033007101,71.01,Census Tract 71.01,Queen Anne,12.3,2016,2.93,1953,0.031690141,0.032786885,High,Stable,1310,,25,5328474.607,9004.947227
2719,53033009300,93,Census Tract 93,Duwamish/SODO,3.3,2016,2.56,1841,0,0.002723312,High,Stable,765,,13,102171584.8,53946.37345
2720,53033010502,105.02,Census Tract 105.02,West Seattle Junction/Genesee Hill,1.3,2016,2.34,1582,0.04,0.038057743,Medium,Stable,1306,,27,10504351.34,14546.13624
2721,53033010001,100.01,Census Tract 100.01,North Beacon Hill/Jefferson Park,3.6,2016,2.34,1489,0.021834061,0.021962938,Medium,Stable,248,,17,25052474.61,25628.92453
2722,53033009801,98.01,Census Tract 98.01,West Seattle Junction/Genesee Hill,1.3,2016,2.55,1713,0,0,Medium,Stable,438,,22,10814248.94,13291.54908
2723,53033008900,89,Census Tract 89,Madrona/Leschi,5.1,2016,2.68,1847,-0.003717472,-0.004849138,High,Decline,239,,16,13690717.17,19328.7464
2724,53033026300,263,Census Tract 263,Rainier Beach,4.1,2016,0,0,0,0,,,0,,0,30724.63332,954.0480244
2725,53033012000,120,Census Tract 120,Arbor Heights,1.1,2016,0,0,0,0,,,0,,0,15560990.44,16787.97428
2726,53033011101,111.01,Census Tract 111.01,Columbia City,4.2,2016,2.51,1659,0.072649573,0.071705426,Medium,Stable,510,,13,12236718.08,15552.07435
2727,53033011001,110.01,Census Tract 110.01,South Beacon Hill/NewHolly,3.4,2016,0,0,0,0,,,0,,0,11629041.07,16287.35531
2728,53033010800,108,Census Tract 108,Riverview,2.3,2016,1.8,1258,0.040462428,0.036243822,Low,Stable,59,,3,44087445.22,39019.3475
2729,53033000800,8,Census Tract 8,Cedar Park/Meadowbrook,8.3,2016,0,0,0,0,,,0,,0,12290810.02,15312.08746
2730,53033003400,34,Census Tract 34,Greenwood/Phinney Ridge,9.3,2016,1.44,889,0.028571429,0.031322506,Low,Stable,93,,9,8472471.715,12629.32293
2731,53033005306,53.06,Census Tract 53.06,University District,7.2,2016,2.67,1480,0.051181102,0.052631579,Medium,Stable,720,,19,2157906.058,5954.872623
2732,53033004302,43.02,Census Tract 43.02,Ravenna/Bryant,7.3,2016,2.87,1743,0.028673835,0.027712264,High,Stable,1064,,61,3564115.67,7987.274419
2733,53033002400,24,Census Tract 24,Wedgwood/View Ridge,7.4,2016,0,0,0,0,,,0,,0,10359919.78,13151.71252
2734,53033004102,41.02,Census Tract 41.02,Laurelhurst/Sand Point,7.5,2016,2.41,1706,0.085585586,0.085932527,Medium,Stable,487,,7,17933927.27,23350.80029
2735,53033005600,56,Census Tract 56,Magnolia,12.1,2016,0,0,0,0,,,0,,0,32045056.14,29943.50553
2736,53033006703,67.03,Census Tract 67.03,Queen Anne,12.3,2016,2.11,1626,0.039408867,0.040307102,Medium,Stable,608,,35,6427171.884,10846.49304
2737,53033006100,61,Census Tract 61,Montlake/Portage Bay,7.1,2016,2.75,1600,0.014760148,0.017811705,Medium,Stable,1385,,86,11959193.74,21477.26483
2738,53033005700,57,Census Tract 57,Magnolia,12.1,2016,1.9,1430,0.027027027,0.027298851,Low,Stable,352,,28,53305584.43,44506.56554
2739,53033005901,59.01,Census Tract 59.01,Queen Anne,12.3,2016,2.28,1457,0.022421525,0.02245614,Medium,Stable,389,,29,8449086.719,19075.29242
2740,53033008401,84.01,Census Tract 84.01,Capitol Hill,6.2,2016,3.05,1951,0.044520548,0.043873729,High,Stable,1330,,19,2700766.609,9275.818268
2741,53033008300,83,Census Tract 83,First Hill,6.1,2016,2.88,1947,0.047272727,0.046211714,High,Stable,987,,13,2561276.498,8632.134894
2742,53033007501,75.01,Census Tract 75.01,Capitol Hill,6.2,2016,2.83,1623,0.036630037,0.034416826,High,Stable,1863,,87,3210519.937,7219.623642
2743,53033009702,97.02,Census Tract 97.02,West Seattle Junction/Genesee Hill,1.3,2016,2.19,1415,0.037914692,0.038151137,Low,Stable,105,,7,23899907.43,28258.76257
2744,53033008800,88,Census Tract 88,Central Area/Squire Park,5.3,2016,2.63,1666,0.019379845,0.020833333,Medium,Stable,279,,29,10210038.86,13202.52686
2745,53033008500,85,Census Tract 85,First Hill,6.1,2016,3.08,2044,0.030100334,0.032323232,High,Stable,842,,17,4854121.319,9025.581615
2746,53033026500,265,Census Tract 265,Highland Park,2.5,2016,0,0,0,0,,,0,,0,4617675.483,11234.96478
2747,53033011601,116.01,Census Tract 116.01,Fauntleroy/Seaview,1.2,2016,1.4,972,0.037037037,0.036247335,Low,Stable,80,,6,16710842.89,20011.96599
2748,53033011300,113,Census Tract 113,Highland Park,2.5,2016,1.67,1353,0.050314465,0.052918288,Low,Stable,328,,16,37260682.97,27184.16139
2749,53033011500,115,Census Tract 115,Roxhill/Westwood,2.4,2016,1.87,1332,0.106508876,0.11,Low,Rise,250,Medium,12,16558652.75,19887.30894
2750,53033010601,106.01,Census Tract 106.01,Fauntleroy/Seaview,1.2,2016,2.28,1398,0.04587156,0.047976012,Medium,Stable,381,,25,11724162.32,14458.83704
2751,53033001202,12.02,Census Tract 12.02,Northgate/Maple Leaf,8.1,2016,2.47,1818,0.033472803,0.032954545,High,Stable,850,,11,8841145.884,13324.99009
2752,53033000102,1.02,Census Tract 1.02,Cedar Park/Meadowbrook,8.3,2016,2.04,1480,0.00990099,0.013004791,Low,Stable,643,,15,15446821.48,19552.36233
2753,53033004701,47.01,Census Tract 47.01,Ballard,10.4,2016,2.74,1903,0.026217228,0.026429342,High,Stable,1334,,52,6036028.326,13539.04763
2754,53033004500,45,Census Tract 45,Wallingford,11.2,2016,2.12,1854,0.039215686,0.038655462,Medium,Stable,53,,3,7222109.888,11018.30209
2755,53033002900,29,Census Tract 29,Greenwood/Phinney Ridge,9.3,2016,2.02,1446,0.02020202,0.019746121,Low,Stable,286,,25,10614791.11,13366.31967
2756,53033004201,42.01,Census Tract 42.01,Ravenna/Bryant,7.3,2016,1.74,1532,0.029585799,0.028878442,Low,Stable,178,,10,13390664.27,18286.14392
2757,53033007403,74.03,Census Tract 74.03,Capitol Hill,6.2,2016,2.83,1675,0.10546875,0.100525624,High,Rise,1496,,51,1276089.069,5227.495287
2758,53033007002,70.02,Census Tract 70.02,Queen Anne,12.3,2016,2.56,1648,0.032258065,0.03,Medium,Stable,1555,,74,4746869.846,9490.799057
2759,53033005803,58.03,Census Tract 58.03,Interbay,12.2,2016,1.83,1318,0.033898305,0.03372549,Low,Stable,382,,32,8956173.425,17129.19881
2760,53033005902,59.02,Census Tract 59.02,Queen Anne,12.3,2016,1.93,1480,0.032085561,0.028492008,Low,Stable,103,,10,11010649.89,15184.22057
2761,53033004902,49.02,Census Tract 49.02,Fremont,11.1,2016,2.77,1617,0.053231939,0.052734375,High,Stable,863,,62,6448262.34,10801.73149
2762,53033005801,58.01,Census Tract 58.01,Interbay,12.2,2016,1.93,1696,0.032085561,0.036674817,Medium,Stable,1034,,42,19618424.24,25500.01395
2763,53033007406,74.06,Census Tract 74.06,Capitol Hill,6.2,2016,2.67,1391,0.030888031,0.026568266,Medium,Stable,1274,,44,1623443.827,6764.477241
2764,53033007405,74.05,Census Tract 74.05,Capitol Hill,6.2,2016,2.62,1434,0.048,0.046715328,Medium,Stable,1389,,50,1418974.042,5012.79869
2765,53033009701,97.01,Census Tract 97.01,Alki/Admiral,1.4,2016,1.9,1587,0.032608696,0.029850746,Low,Stable,395,,35,19291172.12,29764.00034
2766,53033009600,96,Census Tract 96,Alki/Admiral,1.4,2016,1.93,1555,0.037634409,0.035976016,Low,Stable,443,,33,19741501.65,20745.406
2767,53033008700,87,Census Tract 87,Central Area/Squire Park,5.3,2016,2.47,1427,0.024896266,0.026618705,Medium,Stable,506,,40,7883013.17,11432.38421
2768,53033011402,114.02,Census Tract 114.02,Roxhill/Westwood,2.4,2016,2.09,1254,0.039800995,0.036363636,Low,Stable,405,,23,12779277.86,17351.05501
2769,53033011200,112,Census Tract 112,South Park,3.1,2016,1.22,745,0.033898305,0.037604457,Low,Stable,175,,15,26463890.03,27002.33758
2770,53033010900,109,Census Tract 109,Georgetown,3.2,2016,2.32,1160,0.035714286,0.034790366,Low,Stable,110,,11,51677122.71,44978.75384
2771,53033011002,110.02,Census Tract 110.02,South Beacon Hill/NewHolly,3.4,2016,0,0,0,0,,,0,,0,18508908.46,22511.12676
2772,53033011102,111.02,Census Tract 111.02,Seward Park,4.3,2016,1.63,1100,0.072368421,0.062801932,Low,Stable,450,,22,13970026.69,20411.17006
2773,53033010702,107.02,Census Tract 107.02,High Point,2.2,2016,0,0,0,0,,,0,,0,8396926.793,14935.93024
2774,53033001100,11,Census Tract 11,Olympic Hills/Victory Heights,8.2,2016,1.72,1288,0.023809524,0.027932961,Low,Stable,188,,11,11416399.59,14159.12735
2775,53033000700,7,Census Tract 7,Olympic Hills/Victory Heights,8.2,2016,1.86,1320,0.050847458,0.047619048,Low,Stable,827,,54,13932242.39,16134.02991
2776,53033000202,2.02,Census Tract 2.02,Olympic Hills/Victory Heights,8.2,2016,1.74,1392,0.115384615,0.11627907,Low,Rise,182,Medium,5,15930118.49,17285.82737
2777,53033000101,1.01,Census Tract 1.01,Cedar Park/Meadowbrook,8.3,2016,1.78,1271,0.065868263,0.064489112,Low,Stable,1361,,35,4465058.881,8662.074215
2778,53033003301,33.01,Census Tract 33.01,Whittier Heights,10.2,2016,2.36,1422,0.026086957,0.025974026,Medium,Stable,723,,59,7202858.493,11177.18133
2779,53033003602,36.02,Census Tract 36.02,Green Lake,9.4,2016,2.71,1575,0.034351145,0.036866359,Medium,Stable,1458,,47,5621886.085,11471.09438
2780,53033001900,19,Census Tract 19,Northgate/Maple Leaf,8.1,2016,2.5,1839,-0.015748031,-0.015524625,High,Decline,516,,9,17945171.52,18948.48127
2781,53033001702,17.02,Census Tract 17.02,Greenwood/Phinney Ridge,9.3,2016,0,0,0,0,,,0,,0,13779275.76,17476.40751
2782,53033006500,65,Census Tract 65,North Capitol Hill,6.3,2016,2.46,1627,0.029288703,0.027795325,Medium,Stable,1139,,77,12352257.76,17921.50133
2783,53033006200,62,Census Tract 62,Montlake/Portage Bay,7.1,2016,0,0,0,0,,,0,,0,24610619.74,40010.59926
2784,53033005305,53.05,Census Tract 53.05,University District,7.2,2016,2.71,1308,0.026515152,0.027494108,Medium,Stable,1264,,46,2292236.616,6048.609222
2785,53033002600,26,Census Tract 26,Ravenna/Bryant,7.3,2016,2.66,1656,0.023076923,0.025386997,Medium,Stable,191,,5,13398040.18,15933.9379
2786,53033002000,20,Census Tract 20,Northgate/Maple Leaf,8.1,2016,1.98,1486,0.058823529,0.060670949,Low,Stable,206,,9,12183878.82,15509.54571
2787,53033006300,63,Census Tract 63,Madison Park,6.5,2016,2.16,1645,0,0.003660769,Medium,Stable,578,,20,27750333.4,36285.84892
2788,53033006600,66,Census Tract 66,Cascade/Eastlake,11.3,2016,2.54,1691,0.036734694,0.035517453,Medium,Stable,1467,,81,11110296.85,21995.1063
2789,53033006900,69,Census Tract 69,Queen Anne,12.3,2016,2.28,1496,0.022421525,0.023255814,Medium,Stable,468,,34,9742176.65,15666.54395
2790,53033006000,60,Census Tract 60,Queen Anne,12.3,2016,2.46,1817,0.025,0.025395034,Medium,Stable,765,,57,14158764.71,19123.03263
2791,53033005201,52.01,Census Tract 52.01,Wallingford,11.2,2016,2.97,1372,0.027681661,0.027715356,Medium,Stable,580,,24,7536632.481,14175.92406
2792,53033005000,50,Census Tract 50,Wallingford,11.2,2016,2.69,1688,0.05078125,0.049751244,High,Stable,1176,,66,8151942.295,11560.14801
2793,53033008600,86,Census Tract 86,First Hill,6.1,2016,2.92,1589,0.042857143,0.045394737,High,Stable,1706,,52,7656616.626,11640.72061
2794,53033008002,80.02,Census Tract 80.02,Belltown,13.1,2016,3.3,2354,0.03125,0.03245614,High,Stable,1543,,16,2522029.808,7998.382466
2795,53033007901,79.01,Census Tract 79.01,Central Area/Squire Park,5.3,2016,2.46,1574,0.037974684,0.035526316,Medium,Stable,1004,,48,2876299.502,7879.404339
2796,53033007202,72.02,Census Tract 72.02,Cascade/Eastlake,11.3,2016,3.4,2507,0.042944785,0.041978387,High,Stable,1401,,12,3020075.663,7591.701883
2797,53033007301,73.01,Census Tract 73.01,Cascade/Eastlake,11.3,2016,2.88,2027,0.035971223,0.035769034,High,Stable,1453,,13,2699344.108,7422.610693
2798,53033010302,103.02,Census Tract 103.02,Columbia City,4.2,2016,2.56,1794,0.032258065,0.033410138,High,Stable,976,,20,6804418.751,11267.2532
2799,53033009100,91,Census Tract 91,Pioneer Square/International District,13.3,2016,2.74,1742,0.018587361,0.019906323,High,Stable,912,,14,4419685.266,10608.38541
2800,53033009200,92,Census Tract 92,Pioneer Square/International District,13.3,2016,2.78,1647,0.018315018,0.01541307,High,Stable,486,,12,3456088.55,12687.12119
2801,53033011700,117,Census Tract 117,South Beacon Hill/NewHolly,3.4,2016,0,0,0,0,,,0,,0,37826036.26,29439.62674
2802,53033000500,5,Census Tract 5,Broadview/Bitter Lake,9.1,2016,0,0,0,0,,,0,,0,30294741.05,27094.56678
2803,53033000601,6.01,Census Tract 6.01,Haller Lake,9.5,2016,1.73,1224,0.08125,0.08606921,Low,Stable,610,,17,15404952.58,20078.95648
2804,53033003500,35,Census Tract 35,Greenwood/Phinney Ridge,9.3,2016,2.45,1209,0.008230453,-0.006573541,Low,Stable,259,,21,13828061.67,16634.34896
2805,53033001500,15,Census Tract 15,North Beach/Blue Ridge,10.1,2016,0.97,1126,0.031914894,0.031135531,Low,Stable,64,,5,12300447.06,13960.37955
2806,53033001400,14,Census Tract 14,North Beach/Blue Ridge,10.1,2016,1.82,1449,0.064327485,0.061538462,Low,Stable,433,,21,23073388.66,30536.33745
2807,53033001300,13,Census Tract 13,Licton Springs,9.2,2016,1.86,1155,0.062857143,0.061580882,Low,Stable,897,,73,12710036.99,14881.08705
2808,53033003800,38,Census Tract 38,Ravenna/Bryant,7.3,2016,2.65,1359,-0.113712375,-0.110602094,Medium,Decline,159,,6,6722791.394,10392.53155
2809,53033007001,70.01,Census Tract 70.01,Queen Anne,12.3,2016,2.43,1441,0.038461538,0.034458004,Medium,Stable,1377,,50,3856290.05,9530.302569
2810,53033004800,48,Census Tract 48,Fremont,11.1,2016,2.67,1594,0.05952381,0.059136213,Medium,Stable,329,,27,13833886.82,18822.23657
2811,53033005100,51,Census Tract 51,Wallingford,11.2,2016,3.18,1390,-0.018518519,-0.017667845,High,Decline,350,,24,9490350.153,13462.59155
2812,53033008200,82,Census Tract 82,First Hill,6.1,2016,3.18,2422,0.012738854,0.012965286,High,Stable,2009,,15,4044773.826,9102.140341
2813,53033010101,101.01,Census Tract 101.01,Columbia City,4.2,2016,2.7,1441,0.022727273,0.022711143,Medium,Stable,177,,8,9381810.131,15311.65671
2814,53033012100,121,Census Tract 121,Arbor Heights,1.1,2016,0,0,0,0,,,0,,0,18538900.93,25983.61624
2815,53033011901,119.01,Census Tract 119.01,Rainier Beach,4.1,2016,0,0,0,0,,,0,,0,18097640.74,20485.64554
2816,53033000602,6.02,Census Tract 6.02,Haller Lake,9.5,2016,1.74,1491,0.06097561,0.062722737,Low,Stable,396,,9,25947507.86,23221.70475
2817,53033000201,2.01,Census Tract 2.01,Olympic Hills/Victory Heights,8.2,2016,1.7,1391,0.06918239,0.066717791,Low,Stable,836,,12,19446176.32,18651.57808
2818,53033003302,33.02,Census Tract 33.02,Whittier Heights,10.2,2016,2.15,1410,0.048780488,0.049107143,Low,Stable,458,,53,6749336.486,10550.81793
2819,53033005304,53.04,Census Tract 53.04,University District,7.2,2016,0,0,0,0,,,0,,0,786047.0981,4083.126066
2820,53033004202,42.02,Census Tract 42.02,Ravenna/Bryant,7.3,2016,2.81,1945,0.021818182,0.0204617,High,Stable,54,,5,13141688.45,15651.66637
2821,53033007404,74.04,Census Tract 74.04,Capitol Hill,6.2,2016,2.57,1504,0.032128514,0.033676976,Medium,Stable,1273,,63,1654579.828,5775.699987
2822,53033006701,67.01,Census Tract 67.01,Queen Anne,12.3,2016,3.02,2249,0.02027027,0.020417423,High,Stable,1495,,19,3639833.178,12143.77924
2823,53033007800,78,Census Tract 78,Madrona/Leschi,5.1,2016,2.08,1611,0.02970297,0.028079132,Medium,Stable,79,,5,22245158.16,28746.37352
2824,53033007503,75.03,Census Tract 75.03,Capitol Hill,6.2,2016,3,1926,0.030927835,0.031049251,High,Stable,1465,,22,2018614.368,6484.389482
2825,53033007201,72.01,Census Tract 72.01,Cascade/Eastlake,11.3,2016,2.95,1970,0.05734767,0.058570661,High,Stable,2271,,15,1622558.9,5873.216511
2826,53033007203,72.03,Census Tract 72.03,Cascade/Eastlake,11.3,2016,3.28,2332,0,-0.000428633,High,Decline,1467,,13,6238804.943,12493.9648
2827,53033010301,103.01,Census Tract 103.01,Columbia City,4.2,2016,1.62,1417,0.038461538,0.035818713,Low,Stable,52,,4,10792262.46,16924.36851
2828,53033009900,99,Census Tract 99,North Delridge,2.1,2016,2.51,1458,0.032921811,0.028208745,Medium,Stable,979,,23,70254374.71,64633.66158
2829,53033009500,95,Census Tract 95,Mt. Baker/North Rainier,4.4,2016,2.68,1267,0.034749035,0.035130719,Medium,Stable,158,,13,27424305.67,29618.2113
2830,53033009400,94,Census Tract 94,North Beacon Hill/Jefferson Park,3.6,2016,2.84,1626,0.017921147,0.020075282,High,Stable,643,,52,18150625.68,18874.58318
2831,53033011801,118.01,Census Tract 118.01,Rainier Beach,4.1,2016,1.63,1153,0.058441558,0.057798165,Low,Stable,258,,12,12671173.51,15849.81354
2832,53033011602,116.02,Census Tract 116.02,Fauntleroy/Seaview,1.2,2016,1.72,1192,0.061728395,0.058614565,Low,Stable,113,,13,16924173.23,24704.04057
2833,53033011401,114.01,Census Tract 114.01,Roxhill/Westwood,2.4,2016,1.92,1684,0.015873016,0.019987886,Medium,Stable,565,,6,13273369.14,17478.05916
2834,53033010701,107.01,Census Tract 107.01,High Point,2.2,2016,1.65,1405,0.170212766,0.173767753,Low,Rise,214,Medium,5,15726285.72,21302.36518
2835,53033010602,106.02,Census Tract 106.02,Fauntleroy/Seaview,1.2,2016,2,1327,0.063829787,0.063301282,Low,Stable,374,,23,15462014.06,23774.94714
2836,53033000900,9,Census Tract 9,Cedar Park/Meadowbrook,8.3,2016,0,0,0,0,,,0,,0,10031158.89,20828.1662
2837,53033000402,4.02,Census Tract 4.02,Broadview/Bitter Lake,9.1,2016,1.75,1173,0.035502959,0.035304501,Low,Stable,480,,27,19362220.52,21397.1753
2838,53033000300,3,Census Tract 3,Haller Lake,9.5,2016,1.37,1041,0.02238806,0.026627219,Low,Stable,83,,7,13033864.6,17298.02954
2839,53033003202,32.02,Census Tract 32.02,Sunset Hill/Loyal Heights,10.3,2016,2.32,1574,0.035714286,0.03757416,Medium,Stable,387,,35,10289818.46,12945.39486
2840,53033003000,30,Census Tract 30,Whittier Heights,10.2,2016,2.36,1477,0.063063063,0.060301508,Medium,Stable,251,,25,16072222.01,16061.94762
2841,53033001701,17.01,Census Tract 17.01,Greenwood/Phinney Ridge,9.3,2016,2.75,1725,0.037735849,0.036658654,High,Stable,709,,35,9609026.085,17164.45478
2842,53033001600,16,Census Tract 16,North Beach/Blue Ridge,10.1,2016,2.95,1764,0.020761246,0.020833333,High,Stable,143,,11,20575392.71,23147.64598
2843,53033002100,21,Census Tract 21,Wedgwood/View Ridge,7.4,2016,3.27,1283,0.09,0.087288136,High,Stable,483,,17,14696796.74,16139.92186
2844,53033003900,39,Census Tract 39,Wedgwood/View Ridge,7.4,2016,1.66,1137,0.031055901,0.031760436,Low,Stable,108,,8,10481334.98,13200.90921
2845,53033007102,71.02,Census Tract 71.02,Queen Anne,12.3,2016,3,1951,0.030927835,0.031183932,High,Stable,1247,,27,3615500.898,11499.94075
2846,53033006702,67.02,Census Tract 67.02,Queen Anne,12.3,2016,3.09,2107,0.051020408,0.051397206,High,Stable,1182,,34,3280147.995,8593.864905
2847,53033005401,54.01,Census Tract 54.01,Fremont,11.1,2016,2.86,1845,0.028776978,0.028428094,High,Stable,1032,,36,7892270.588,19740.10787
2848,53033008004,80.04,Census Tract 80.04,Belltown,13.1,2016,2.88,2206,0.054945055,0.057019645,High,Stable,1005,,9,2908326.633,14944.97959
2849,53033008003,80.03,Census Tract 80.03,Belltown,13.1,2016,3.18,2081,0.046052632,0.048891129,High,Stable,955,,11,2122043.711,8720.999421
2850,53033008402,84.02,Census Tract 84.02,Capitol Hill,6.2,2016,2.75,1680,0.037735849,0.037677579,High,Stable,1717,,40,1565507.715,5220.868487
2851,53033007303,73.03,Census Tract 73.03,Cascade/Eastlake,11.3,2016,3.7,3008,0.022099448,0.023477373,High,Stable,797,,4,3374596.393,7984.863522
2852,53033010002,100.02,Census Tract 100.02,North Beacon Hill/Jefferson Park,3.6,2016,2.28,1421,0.04109589,0.040263543,Medium,Stable,465,,20,10204645.64,13732.76539
2853,53033011902,119.02,Census Tract 119.02,Rainier Beach,4.1,2016,0,0,0,0,,,0,,0,16290813.63,28897.59863
2854,53033011802,118.02,Census Tract 118.02,Rainier Beach,4.1,2016,1.44,880,0.035971223,0.035294118,Low,Stable,67,,3,12323056.74,17201.54679
2855,53033004703,47.03,Census Tract 47.03,Ballard,10.4,2016,2.67,1491,0.034883721,0.03183391,Medium,Stable,1053,,56,13030918.14,18718.85939
2856,53033001000,10,Census Tract 10,Cedar Park/Meadowbrook,8.3,2016,1.77,1348,0.047337278,0.042536736,Low,Stable,122,,5,10270271.69,13147.0306
2857,53033000403,4.03,Census Tract 4.03,Broadview/Bitter Lake,9.1,2016,1.77,1331,0.079268293,0.07425343,Low,Stable,454,,12,7881185.923,14097.02669
2858,53033003201,32.01,Census Tract 32.01,Sunset Hill/Loyal Heights,10.3,2016,2.74,1759,0.018587361,0.017939815,High,Stable,1069,,29,11927788.62,32094.50339
2859,53033004600,46,Census Tract 46,Green Lake,9.4,2016,2.06,1287,0.03,0.028776978,Low,Stable,65,,7,27829368.76,25514.224
2860,53033004702,47.02,Census Tract 47.02,Ballard,10.4,2016,2.79,1679,0.041044776,0.042209808,High,Stable,1024,,40,2867507.734,6956.449675
2861,53033002700,27,Census Tract 27,Green Lake,9.4,2016,2.05,1492,0.030150754,0.027548209,Low,Stable,284,,23,17058079.28,21942.83528
2862,53033001800,18,Census Tract 18,Licton Springs,9.2,2016,1.95,1369,0.054054054,0.054699538,Low,Stable,624,,61,10182882.27,13946.10003
2863,53033005202,52.02,Census Tract 52.02,Wallingford,11.2,2016,2.65,1532,0.027131783,0.025435074,Medium,Stable,1306,,50,2865193.636,7845.303217
2864,53033005303,53.03,Census Tract 53.03,University District,7.2,2016,0,0,0,0,,,0,,0,24349784.49,33904.62137
2865,53033004402,44.02,Census Tract 44.02,University District,7.2,2016,2.7,1351,0.058823529,0.05629398,Medium,Stable,1107,,61,3175021.433,7487.979857
2866,53033004401,44.01,Census Tract 44.01,University District,7.2,2016,2.86,1311,0.032490975,0.031471282,Medium,Stable,481,,29,7479571.761,12948.97514
2867,53033005307,53.07,Census Tract 53.07,University District,7.2,2016,2.89,1218,0.028469751,0.027848101,Medium,Stable,385,,19,1399526.48,4758.85069
2868,53033004101,41.01,Census Tract 41.01,Laurelhurst/Sand Point,7.5,2016,1.69,1113,0.024242424,0.026752768,Low,Stable,71,,3,16716852.66,24230.15794
2869,53033005402,54.02,Census Tract 54.02,Fremont,11.1,2016,2.94,1802,0.072992701,0.071343639,High,Stable,823,,41,4993141.865,10063.79785
2870,53033007700,77,Census Tract 77,Central Area/Squire Park,5.3,2016,3.05,1363,0.003289474,0.002205882,Medium,Stable,383,,22,11391208.22,15242.20976
2871,53033007502,75.02,Census Tract 75.02,Capitol Hill,6.2,2016,2.85,1697,0.032608696,0.035387431,High,Stable,1286,,62,3400503.555,7403.629293
2872,53033007600,76,Census Tract 76,Miller Park,6.4,2016,2.8,1632,0.033210332,0.033565548,High,Stable,847,,50,6155389.389,9906.368336
2873,53033010200,102,Census Tract 102,Seward Park,4.3,2016,1.71,1194,0.248175182,0.246346555,Low,Significant Rise,76,High,4,30129079.21,33439.4694
2874,53033010401,104.01,Census Tract 104.01,Beacon Hill,3.5,2016,0,0,0,0,,,0,,0,17543421.03,17342.9302
2875,53033010402,104.02,Census Tract 104.02,Beacon Hill,3.5,2016,1.69,1281,0.069620253,0.063953488,Low,Stable,71,,5,18759692.89,18925.04301
2876,53033010501,105.01,Census Tract 105.01,West Seattle Junction/Genesee Hill,1.3,2016,2.46,1722,-0.012048193,-0.012614679,Medium,Decline,1452,,18,7986746.715,12490.0968
2877,53033010102,101.02,Census Tract 101.02,Columbia City,4.2,2016,0,0,0,0,,,0,,0,17314610.04,22274.17077
2878,53033009802,98.02,Census Tract 98.02,West Seattle Junction/Genesee Hill,1.3,2016,2.79,1627,0.04887218,0.036966221,High,Stable,342,,19,9927510.523,12982.75493
2879,53033009000,90,Census Tract 90,Judkins Park,5.2,2016,2.5,1694,0.016260163,0.01986755,Medium,Stable,478,,16,9212173.197,14319.10299
2880,53033026400,264,Census Tract 264,South Park,3.1,2016,0,0,0,0,,,0,,0,461382.0486,5763.407674
2881,53033001201,12.01,Census Tract 12.01,Northgate/Maple Leaf,8.1,2017,2.13,1517,0.009478673,0.011333333,Low,Stable,1172,,21,10851861.64,15899.77334
2882,53033000404,4.04,Census Tract 4.04,Broadview/Bitter Lake,9.1,2017,1.99,1607,0.041884817,0.040803109,Low,Stable,509,,7,6791652.724,12962.55841
2883,53033004901,49.01,Census Tract 49.01,Fremont,11.1,2017,2.39,1416,0.021367521,0.023121387,Medium,Stable,991,,108,5350888.215,9379.655767
2884,53033003601,36.01,Census Tract 36.01,Green Lake,9.4,2017,2.77,1583,0.003623188,0.002533249,Medium,Stable,753,,38,7255879.068,11894.28889
2885,53033002800,28,Census Tract 28,Greenwood/Phinney Ridge,9.3,2017,2.08,1306,0.024630542,0.023510972,Low,Stable,326,,33,10637151.82,13201.3113
2886,53033003100,31,Census Tract 31,Sunset Hill/Loyal Heights,10.3,2017,1.83,1257,0.095808383,0.093043478,Low,Stable,112,,15,23137464.05,24704.5678
2887,53033006400,64,Census Tract 64,Miller Park,6.4,2017,2.17,1831,0.085,0.080873672,Medium,Stable,103,,5,9726351.904,13186.77018
2888,53033004301,43.01,Census Tract 43.01,Ravenna/Bryant,7.3,2017,3.41,2196,0.011869436,0.011049724,High,Stable,69,,8,10539780.57,17192.70375
2889,53033002500,25,Census Tract 25,Ravenna/Bryant,7.3,2017,2.67,1935,0.047058824,0.062019759,High,Stable,64,,3,10594634.3,16442.96859
2890,53033002200,22,Census Tract 22,Wedgwood/View Ridge,7.4,2017,2.71,2306,0.007434944,0.007426824,High,Stable,164,,6,30127208.02,28505.80679
2891,53033004000,40,Census Tract 40,Laurelhurst/Sand Point,7.5,2017,1.7,1152,0.03030303,0.030411449,Low,Stable,69,,3,26374983.68,27560.01384
2892,53033005804,58.04,Census Tract 58.04,Interbay,12.2,2017,2.58,1726,0.032,0.036014406,Medium,Stable,912,,36,25124062.74,48668.27224
2893,53033006800,68,Census Tract 68,Queen Anne,12.3,2017,3.41,2272,0.033333333,0.033196908,High,Stable,543,,26,7729250.272,11275.37735
2894,53033008102,81.02,Census Tract 81.02,Downtown Commercial Core,13.2,2017,4.08,3574,-0.026252983,-0.027218291,High,Decline,779,,7,5987812.086,14339.99503
2895,53033008101,81.01,Census Tract 81.01,Downtown Commercial Core,13.2,2017,2.72,2371,-0.045614035,-0.047408598,High,Decline,1054,,6,2992165.479,11427.14676
2896,53033007902,79.02,Census Tract 79.02,Central Area/Squire Park,5.3,2017,2.48,1689,0.024793388,0.020543807,Medium,Stable,1068,,21,4641637.8,9715.120877
2897,53033007302,73.02,Census Tract 73.02,Cascade/Eastlake,11.3,2017,3.49,2824,-0.002857143,-0.002120141,High,Decline,1995,,6,3368769.265,7802.426354
2898,53033007101,71.01,Census Tract 71.01,Queen Anne,12.3,2017,2.96,1969,0.010238908,0.008192524,High,Stable,1424,,26,5328474.607,9004.947227
2899,53033009300,93,Census Tract 93,Duwamish/SODO,3.3,2017,2.74,1966,0.0703125,0.067897882,High,Stable,765,,13,102171584.8,53946.37345
2900,53033010502,105.02,Census Tract 105.02,West Seattle Junction/Genesee Hill,1.3,2017,2.42,1635,0.034188034,0.033501896,Medium,Stable,1298,,26,10504351.34,14546.13624
2901,53033010001,100.01,Census Tract 100.01,North Beacon Hill/Jefferson Park,3.6,2017,2.36,1501,0.008547009,0.0080591,Medium,Stable,287,,18,25052474.61,25628.92453
2902,53033009801,98.01,Census Tract 98.01,West Seattle Junction/Genesee Hill,1.3,2017,2.57,1723,0.007843137,0.005837712,Medium,Stable,429,,21,10814248.94,13291.54908
2903,53033008900,89,Census Tract 89,Madrona/Leschi,5.1,2017,2.83,1951,0.055970149,0.056307526,High,Stable,239,,16,13690717.17,19328.7464
2904,53033026300,263,Census Tract 263,Rainier Beach,4.1,2017,0,0,0,0,,,0,,0,30724.63332,954.0480244
2905,53033012000,120,Census Tract 120,Arbor Heights,1.1,2017,0,0,0,0,,,0,,0,15560990.44,16787.97428
2906,53033011101,111.01,Census Tract 111.01,Columbia City,4.2,2017,2.56,1690,0.019920319,0.018685955,Medium,Stable,510,,13,12236718.08,15552.07435
2907,53033011001,110.01,Census Tract 110.01,South Beacon Hill/NewHolly,3.4,2017,0,0,0,0,,,0,,0,11629041.07,16287.35531
2908,53033010800,108,Census Tract 108,Riverview,2.3,2017,1.85,1291,0.027777778,0.026232114,Low,Stable,59,,3,44087445.22,39019.3475
2909,53033000800,8,Census Tract 8,Cedar Park/Meadowbrook,8.3,2017,0,0,0,0,,,0,,0,12290810.02,15312.08746
2910,53033003400,34,Census Tract 34,Greenwood/Phinney Ridge,9.3,2017,1.48,911,0.027777778,0.024746907,Low,Stable,93,,9,8472471.715,12629.32293
2911,53033005306,53.06,Census Tract 53.06,University District,7.2,2017,2.69,1490,0.007490637,0.006756757,Medium,Stable,780,,20,2157906.058,5954.872623
2912,53033004302,43.02,Census Tract 43.02,Ravenna/Bryant,7.3,2017,2.93,1780,0.020905923,0.021227768,High,Stable,1064,,61,3564115.67,7987.274419
2913,53033002400,24,Census Tract 24,Wedgwood/View Ridge,7.4,2017,0,0,0,0,,,0,,0,10359919.78,13151.71252
2914,53033004102,41.02,Census Tract 41.02,Laurelhurst/Sand Point,7.5,2017,2.5,1768,0.037344398,0.036342321,Medium,Stable,487,,7,17933927.27,23350.80029
2915,53033005600,56,Census Tract 56,Magnolia,12.1,2017,0,0,0,0,,,0,,0,32045056.14,29943.50553
2916,53033006703,67.03,Census Tract 67.03,Queen Anne,12.3,2017,2.18,1682,0.033175355,0.034440344,Medium,Stable,608,,35,6427171.884,10846.49304
2917,53033006100,61,Census Tract 61,Montlake/Portage Bay,7.1,2017,2.86,1662,0.04,0.03875,High,Stable,1380,,85,11959193.74,21477.26483
2918,53033005700,57,Census Tract 57,Magnolia,12.1,2017,1.94,1455,0.021052632,0.017482517,Low,Stable,352,,28,53305584.43,44506.56554
2919,53033005901,59.01,Census Tract 59.01,Queen Anne,12.3,2017,2.36,1506,0.035087719,0.033630748,Medium,Stable,389,,29,8449086.719,19075.29242
2920,53033008401,84.01,Census Tract 84.01,Capitol Hill,6.2,2017,3.1,1981,0.016393443,0.01537673,High,Stable,1437,,20,2700766.609,9275.818268
2921,53033008300,83,Census Tract 83,First Hill,6.1,2017,2.9,1956,0.006944444,0.004622496,High,Stable,987,,13,2561276.498,8632.134894
2922,53033007501,75.01,Census Tract 75.01,Capitol Hill,6.2,2017,2.85,1638,0.007067138,0.009242144,High,Stable,1863,,87,3210519.937,7219.623642
2923,53033009702,97.02,Census Tract 97.02,West Seattle Junction/Genesee Hill,1.3,2017,2.25,1451,0.02739726,0.025441696,Medium,Stable,105,,7,23899907.43,28258.76257
2924,53033008800,88,Census Tract 88,Central Area/Squire Park,5.3,2017,2.67,1688,0.015209125,0.013205282,Medium,Stable,279,,29,10210038.86,13202.52686
2925,53033008500,85,Census Tract 85,First Hill,6.1,2017,3.14,2083,0.019480519,0.019080235,High,Stable,842,,17,4854121.319,9025.581615
2926,53033026500,265,Census Tract 265,Highland Park,2.5,2017,0,0,0,0,,,0,,0,4617675.483,11234.96478
2927,53033011601,116.01,Census Tract 116.01,Fauntleroy/Seaview,1.2,2017,1.43,995,0.021428571,0.023662551,Low,Stable,80,,6,16710842.89,20011.96599
2928,53033011300,113,Census Tract 113,Highland Park,2.5,2017,1.72,1393,0.02994012,0.029563932,Low,Stable,328,,16,37260682.97,27184.16139
2929,53033011500,115,Census Tract 115,Roxhill/Westwood,2.4,2017,2.01,1431,0.07486631,0.074324324,Low,Stable,250,,12,16558652.75,19887.30894
2930,53033010601,106.01,Census Tract 106.01,Fauntleroy/Seaview,1.2,2017,2.4,1469,0.052631579,0.050786838,Medium,Stable,381,,25,11724162.32,14458.83704
2931,53033001202,12.02,Census Tract 12.02,Northgate/Maple Leaf,8.1,2017,2.51,1847,0.016194332,0.015951595,Medium,Stable,850,,11,8841145.884,13324.99009
2932,53033000102,1.02,Census Tract 1.02,Cedar Park/Meadowbrook,8.3,2017,2.06,1494,0.009803922,0.009459459,Low,Stable,643,,15,15446821.48,19552.36233
2933,53033004701,47.01,Census Tract 47.01,Ballard,10.4,2017,2.75,1909,0.003649635,0.003152916,High,Stable,1466,,53,6036028.326,13539.04763
2934,53033004500,45,Census Tract 45,Wallingford,11.2,2017,2.16,1886,0.018867925,0.017259978,Medium,Stable,53,,3,7222109.888,11018.30209
2935,53033002900,29,Census Tract 29,Greenwood/Phinney Ridge,9.3,2017,2.05,1469,0.014851485,0.015905947,Low,Stable,286,,25,10614791.11,13366.31967
2936,53033004201,42.01,Census Tract 42.01,Ravenna/Bryant,7.3,2017,1.79,1575,0.028735632,0.028067885,Low,Stable,178,,10,13390664.27,18286.14392
2937,53033007403,74.03,Census Tract 74.03,Capitol Hill,6.2,2017,2.69,1595,-0.049469965,-0.047761194,Medium,Decline,1496,,51,1276089.069,5227.495287
2938,53033007002,70.02,Census Tract 70.02,Queen Anne,12.3,2017,2.63,1700,0.02734375,0.031553398,Medium,Stable,1555,,74,4746869.846,9490.799057
2939,53033005803,58.03,Census Tract 58.03,Interbay,12.2,2017,1.86,1345,0.016393443,0.020485584,Low,Stable,382,,32,8956173.425,17129.19881
2940,53033005902,59.02,Census Tract 59.02,Queen Anne,12.3,2017,1.97,1515,0.020725389,0.023648649,Low,Stable,103,,10,11010649.89,15184.22057
2941,53033004902,49.02,Census Tract 49.02,Fremont,11.1,2017,2.82,1644,0.018050542,0.016697588,High,Stable,883,,63,6448262.34,10801.73149
2942,53033005801,58.01,Census Tract 58.01,Interbay,12.2,2017,1.97,1726,0.020725389,0.017688679,Medium,Stable,1034,,42,19618424.24,25500.01395
2943,53033007406,74.06,Census Tract 74.06,Capitol Hill,6.2,2017,2.74,1430,0.026217228,0.028037383,Medium,Stable,1274,,44,1623443.827,6764.477241
2944,53033007405,74.05,Census Tract 74.05,Capitol Hill,6.2,2017,2.74,1495,0.045801527,0.042538354,Medium,Stable,1433,,51,1418974.042,5012.79869
2945,53033009701,97.01,Census Tract 97.01,Alki/Admiral,1.4,2017,1.94,1619,0.021052632,0.020163831,Low,Stable,395,,35,19291172.12,29764.00034
2946,53033009600,96,Census Tract 96,Alki/Admiral,1.4,2017,1.98,1592,0.025906736,0.023794212,Low,Stable,443,,33,19741501.65,20745.406
2947,53033008700,87,Census Tract 87,Central Area/Squire Park,5.3,2017,2.5,1446,0.012145749,0.013314646,Medium,Stable,506,,40,7883013.17,11432.38421
2948,53033011402,114.02,Census Tract 114.02,Roxhill/Westwood,2.4,2017,2.14,1285,0.023923445,0.024720893,Low,Stable,449,,24,12779277.86,17351.05501
2949,53033011200,112,Census Tract 112,South Park,3.1,2017,1.26,764,0.032786885,0.025503356,Low,Stable,175,,15,26463890.03,27002.33758
2950,53033010900,109,Census Tract 109,Georgetown,3.2,2017,2.39,1197,0.030172414,0.031896552,Low,Stable,110,,11,51677122.71,44978.75384
2951,53033011002,110.02,Census Tract 110.02,South Beacon Hill/NewHolly,3.4,2017,0,0,0,0,,,0,,0,18508908.46,22511.12676
2952,53033011102,111.02,Census Tract 111.02,Seward Park,4.3,2017,1.71,1155,0.049079755,0.05,Low,Stable,450,,22,13970026.69,20411.17006
2953,53033010702,107.02,Census Tract 107.02,High Point,2.2,2017,0,0,0,0,,,0,,0,8396926.793,14935.93024
2954,53033001100,11,Census Tract 11,Olympic Hills/Victory Heights,8.2,2017,1.77,1322,0.029069767,0.026397516,Low,Stable,188,,11,11416399.59,14159.12735
2955,53033000700,7,Census Tract 7,Olympic Hills/Victory Heights,8.2,2017,1.89,1337,0.016129032,0.012878788,Low,Stable,980,,55,13932242.39,16134.02991
2956,53033000202,2.02,Census Tract 2.02,Olympic Hills/Victory Heights,8.2,2017,1.82,1457,0.045977011,0.046695402,Low,Stable,182,,5,15930118.49,17285.82737
2957,53033000101,1.01,Census Tract 1.01,Cedar Park/Meadowbrook,8.3,2017,1.95,1392,0.095505618,0.095200629,Low,Stable,1361,,35,4465058.881,8662.074215
2958,53033003301,33.01,Census Tract 33.01,Whittier Heights,10.2,2017,2.45,1474,0.038135593,0.036568214,Medium,Stable,761,,61,7202858.493,11177.18133
2959,53033003602,36.02,Census Tract 36.02,Green Lake,9.4,2017,2.81,1632,0.036900369,0.036190476,Medium,Stable,1664,,49,5621886.085,11471.09438
2960,53033001900,19,Census Tract 19,Northgate/Maple Leaf,8.1,2017,2.6,1914,0.04,0.040783034,High,Stable,516,,9,17945171.52,18948.48127
2961,53033001702,17.02,Census Tract 17.02,Greenwood/Phinney Ridge,9.3,2017,0,0,0,0,,,0,,0,13779275.76,17476.40751
2962,53033006500,65,Census Tract 65,North Capitol Hill,6.3,2017,2.55,1688,0.036585366,0.037492317,Medium,Stable,1139,,77,12352257.76,17921.50133
2963,53033006200,62,Census Tract 62,Montlake/Portage Bay,7.1,2017,0,0,0,0,,,0,,0,24610619.74,40010.59926
2964,53033005305,53.05,Census Tract 53.05,University District,7.2,2017,2.84,1370,0.04797048,0.047400612,Medium,Stable,1264,,46,2292236.616,6048.609222
2965,53033002600,26,Census Tract 26,Ravenna/Bryant,7.3,2017,2.69,1670,0.011278195,0.008454106,Medium,Stable,269,,6,13398040.18,15933.9379
2966,53033002000,20,Census Tract 20,Northgate/Maple Leaf,8.1,2017,2.07,1553,0.045454545,0.045087483,Low,Stable,206,,9,12183878.82,15509.54571
2967,53033006300,63,Census Tract 63,Madison Park,6.5,2017,2.31,1753,0.069444444,0.065653495,Medium,Stable,578,,20,27750333.4,36285.84892
2968,53033006600,66,Census Tract 66,Cascade/Eastlake,11.3,2017,2.57,1711,0.011811024,0.011827321,Medium,Stable,1607,,83,11110296.85,21995.1063
2969,53033006900,69,Census Tract 69,Queen Anne,12.3,2017,2.34,1533,0.026315789,0.02473262,Medium,Stable,468,,34,9742176.65,15666.54395
2970,53033006000,60,Census Tract 60,Queen Anne,12.3,2017,2.51,1853,0.020325203,0.019812878,High,Stable,865,,58,14158764.71,19123.03263
2971,53033005201,52.01,Census Tract 52.01,Wallingford,11.2,2017,2.99,1379,0.006734007,0.005102041,Medium,Stable,574,,23,7536632.481,14175.92406
2972,53033005000,50,Census Tract 50,Wallingford,11.2,2017,2.74,1724,0.018587361,0.021327014,High,Stable,1206,,67,8151942.295,11560.14801
2973,53033008600,86,Census Tract 86,First Hill,6.1,2017,2.97,1612,0.017123288,0.014474512,High,Stable,2023,,53,7656616.626,11640.72061
2974,53033008002,80.02,Census Tract 80.02,Belltown,13.1,2017,3.27,2335,-0.009090909,-0.008071368,High,Decline,1857,,17,2522029.808,7998.382466
2975,53033007901,79.01,Census Tract 79.01,Central Area/Squire Park,5.3,2017,2.5,1601,0.016260163,0.017153748,Medium,Stable,1004,,48,2876299.502,7879.404339
2976,53033007202,72.02,Census Tract 72.02,Cascade/Eastlake,11.3,2017,3.44,2539,0.011764706,0.01276426,High,Stable,1401,,12,3020075.663,7591.701883
2977,53033007301,73.01,Census Tract 73.01,Cascade/Eastlake,11.3,2017,2.97,2087,0.03125,0.029600395,High,Stable,1453,,13,2699344.108,7422.610693
2978,53033010302,103.02,Census Tract 103.02,Columbia City,4.2,2017,2.66,1865,0.0390625,0.039576366,High,Stable,976,,20,6804418.751,11267.2532
2979,53033009100,91,Census Tract 91,Pioneer Square/International District,13.3,2017,2.79,1774,0.018248175,0.01836969,High,Stable,912,,14,4419685.266,10608.38541
2980,53033009200,92,Census Tract 92,Pioneer Square/International District,13.3,2017,2.9,1721,0.043165468,0.044930176,High,Stable,486,,12,3456088.55,12687.12119
2981,53033011700,117,Census Tract 117,South Beacon Hill/NewHolly,3.4,2017,0,0,0,0,,,0,,0,37826036.26,29439.62674
2982,53033000500,5,Census Tract 5,Broadview/Bitter Lake,9.1,2017,0,0,0,0,,,0,,0,30294741.05,27094.56678
2983,53033000601,6.01,Census Tract 6.01,Haller Lake,9.5,2017,1.82,1289,0.052023121,0.053104575,Low,Stable,610,,17,15404952.58,20078.95648
2984,53033003500,35,Census Tract 35,Greenwood/Phinney Ridge,9.3,2017,2.5,1236,0.020408163,0.022332506,Low,Stable,259,,21,13828061.67,16634.34896
2985,53033001500,15,Census Tract 15,North Beach/Blue Ridge,10.1,2017,0.99,1153,0.020618557,0.023978686,Low,Stable,64,,5,12300447.06,13960.37955
2986,53033001400,14,Census Tract 14,North Beach/Blue Ridge,10.1,2017,1.84,1460,0.010989011,0.007591442,Low,Stable,433,,21,23073388.66,30536.33745
2987,53033001300,13,Census Tract 13,Licton Springs,9.2,2017,1.91,1187,0.02688172,0.027705628,Low,Stable,938,,74,12710036.99,14881.08705
2988,53033003800,38,Census Tract 38,Ravenna/Bryant,7.3,2017,3.12,1594,0.177358491,0.172921266,High,Rise,159,,6,6722791.394,10392.53155
2989,53033007001,70.01,Census Tract 70.01,Queen Anne,12.3,2017,2.47,1472,0.016460905,0.021512838,Medium,Stable,1377,,50,3856290.05,9530.302569
2990,53033004800,48,Census Tract 48,Fremont,11.1,2017,2.7,1610,0.011235955,0.010037641,Medium,Stable,329,,27,13833886.82,18822.23657
2991,53033005100,51,Census Tract 51,Wallingford,11.2,2017,3.11,1360,-0.022012579,-0.021582734,Medium,Decline,350,,24,9490350.153,13462.59155
2992,53033008200,82,Census Tract 82,First Hill,6.1,2017,3.15,2404,-0.009433962,-0.007431874,High,Decline,2009,,15,4044773.826,9102.140341
2993,53033010101,101.01,Census Tract 101.01,Columbia City,4.2,2017,2.75,1469,0.018518519,0.019430951,Medium,Stable,177,,8,9381810.131,15311.65671
2994,53033012100,121,Census Tract 121,Arbor Heights,1.1,2017,0,0,0,0,,,0,,0,18538900.93,25983.61624
2995,53033011901,119.01,Census Tract 119.01,Rainier Beach,4.1,2017,0,0,0,0,,,0,,0,18097640.74,20485.64554
2996,53033000602,6.02,Census Tract 6.02,Haller Lake,9.5,2017,1.8,1541,0.034482759,0.033534541,Low,Stable,396,,9,25947507.86,23221.70475
2997,53033000201,2.01,Census Tract 2.01,Olympic Hills/Victory Heights,8.2,2017,1.73,1422,0.017647059,0.022286125,Low,Stable,836,,12,19446176.32,18651.57808
2998,53033003302,33.02,Census Tract 33.02,Whittier Heights,10.2,2017,2.17,1419,0.009302326,0.006382979,Low,Stable,488,,54,6749336.486,10550.81793
2999,53033005304,53.04,Census Tract 53.04,University District,7.2,2017,0,0,0,0,,,0,,0,786047.0981,4083.126066
3000,53033004202,42.02,Census Tract 42.02,Ravenna/Bryant,7.3,2017,2.86,1982,0.017793594,0.019023136,High,Stable,54,,5,13141688.45,15651.66637
3001,53033007404,74.04,Census Tract 74.04,Capitol Hill,6.2,2017,2.65,1549,0.031128405,0.029920213,Medium,Stable,1320,,64,1654579.828,5775.699987
3002,53033006701,67.01,Census Tract 67.01,Queen Anne,12.3,2017,2.94,2183,-0.026490066,-0.029346376,High,Decline,2197,,21,3639833.178,12143.77924
3003,53033007800,78,Census Tract 78,Madrona/Leschi,5.1,2017,2.13,1649,0.024038462,0.023587834,Medium,Stable,79,,5,22245158.16,28746.37352
3004,53033007503,75.03,Census Tract 75.03,Capitol Hill,6.2,2017,3.02,1941,0.006666667,0.007788162,High,Stable,1539,,23,2018614.368,6484.389482
3005,53033007201,72.01,Census Tract 72.01,Cascade/Eastlake,11.3,2017,3.01,2010,0.020338983,0.020304569,High,Stable,2271,,15,1622558.9,5873.216511
3006,53033007203,72.03,Census Tract 72.03,Cascade/Eastlake,11.3,2017,3.29,2342,0.00304878,0.004288165,High,Stable,1467,,13,6238804.943,12493.9648
3007,53033010301,103.01,Census Tract 103.01,Columbia City,4.2,2017,1.67,1463,0.030864198,0.03246295,Low,Stable,52,,4,10792262.46,16924.36851
3008,53033009900,99,Census Tract 99,North Delridge,2.1,2017,2.55,1487,0.015936255,0.019890261,Medium,Stable,985,,24,70254374.71,64633.66158
3009,53033009500,95,Census Tract 95,Mt. Baker/North Rainier,4.4,2017,2.76,1303,0.029850746,0.028413575,Medium,Stable,158,,13,27424305.67,29618.2113
3010,53033009400,94,Census Tract 94,North Beacon Hill/Jefferson Park,3.6,2017,2.89,1655,0.017605634,0.017835178,High,Stable,643,,52,18150625.68,18874.58318
3011,53033011801,118.01,Census Tract 118.01,Rainier Beach,4.1,2017,1.69,1191,0.036809816,0.032957502,Low,Stable,258,,12,12671173.51,15849.81354
3012,53033011602,116.02,Census Tract 116.02,Fauntleroy/Seaview,1.2,2017,1.81,1253,0.052325581,0.051174497,Low,Stable,113,,13,16924173.23,24704.04057
3013,53033011401,114.01,Census Tract 114.01,Roxhill/Westwood,2.4,2017,1.89,1654,-0.015625,-0.017814727,Low,Decline,565,,6,13273369.14,17478.05916
3014,53033010701,107.01,Census Tract 107.01,High Point,2.2,2017,1.71,1452,0.036363636,0.033451957,Low,Stable,214,,5,15726285.72,21302.36518
3015,53033010602,106.02,Census Tract 106.02,Fauntleroy/Seaview,1.2,2017,2.09,1384,0.045,0.042954032,Low,Stable,374,,23,15462014.06,23774.94714
3016,53033000900,9,Census Tract 9,Cedar Park/Meadowbrook,8.3,2017,0,0,0,0,,,0,,0,10031158.89,20828.1662
3017,53033000402,4.02,Census Tract 4.02,Broadview/Bitter Lake,9.1,2017,1.79,1206,0.022857143,0.028132992,Low,Stable,480,,27,19362220.52,21397.1753
3018,53033000300,3,Census Tract 3,Haller Lake,9.5,2017,1.4,1061,0.02189781,0.019212296,Low,Stable,83,,7,13033864.6,17298.02954
3019,53033003202,32.02,Census Tract 32.02,Sunset Hill/Loyal Heights,10.3,2017,2.38,1611,0.025862069,0.023506989,Medium,Stable,387,,35,10289818.46,12945.39486
3020,53033003000,30,Census Tract 30,Whittier Heights,10.2,2017,2.37,1486,0.004237288,0.006093433,Medium,Stable,347,,26,16072222.01,16061.94762
3021,53033001701,17.01,Census Tract 17.01,Greenwood/Phinney Ridge,9.3,2017,2.8,1758,0.018181818,0.019130435,High,Stable,709,,35,9609026.085,17164.45478
3022,53033001600,16,Census Tract 16,North Beach/Blue Ridge,10.1,2017,3.01,1799,0.020338983,0.01984127,High,Stable,143,,11,20575392.71,23147.64598
3023,53033002100,21,Census Tract 21,Wedgwood/View Ridge,7.4,2017,3.32,1305,0.01529052,0.017147311,High,Stable,483,,17,14696796.74,16139.92186
3024,53033003900,39,Census Tract 39,Wedgwood/View Ridge,7.4,2017,1.72,1176,0.036144578,0.034300792,Low,Stable,108,,8,10481334.98,13200.90921
3025,53033007102,71.02,Census Tract 71.02,Queen Anne,12.3,2017,3.05,1986,0.016666667,0.017939518,High,Stable,1227,,26,3615500.898,11499.94075
3026,53033006702,67.02,Census Tract 67.02,Queen Anne,12.3,2017,3.05,2079,-0.012944984,-0.013289037,High,Decline,1182,,34,3280147.995,8593.864905
3027,53033005401,54.01,Census Tract 54.01,Fremont,11.1,2017,3.11,1999,0.087412587,0.083468835,High,Stable,1156,,37,7892270.588,19740.10787
3028,53033008004,80.04,Census Tract 80.04,Belltown,13.1,2017,2.79,2131,-0.03125,-0.033998187,High,Decline,1005,,9,2908326.633,14944.97959
3029,53033008003,80.03,Census Tract 80.03,Belltown,13.1,2017,3.27,2139,0.028301887,0.027871216,High,Stable,955,,11,2122043.711,8720.999421
3030,53033008402,84.02,Census Tract 84.02,Capitol Hill,6.2,2017,2.79,1704,0.014545455,0.014285714,High,Stable,1980,,42,1565507.715,5220.868487
3031,53033007303,73.03,Census Tract 73.03,Cascade/Eastlake,11.3,2017,3.73,3033,0.008108108,0.00831117,High,Stable,1323,,6,3374596.393,7984.863522
3032,53033010002,100.02,Census Tract 100.02,North Beacon Hill/Jefferson Park,3.6,2017,2.37,1478,0.039473684,0.040112597,Medium,Stable,465,,20,10204645.64,13732.76539
3033,53033011902,119.02,Census Tract 119.02,Rainier Beach,4.1,2017,0,0,0,0,,,0,,0,16290813.63,28897.59863
3034,53033011802,118.02,Census Tract 118.02,Rainier Beach,4.1,2017,1.49,913,0.034722222,0.0375,Low,Stable,67,,3,12323056.74,17201.54679
3035,53033004703,47.03,Census Tract 47.03,Ballard,10.4,2017,2.74,1532,0.026217228,0.027498323,Medium,Stable,1046,,55,13030918.14,18718.85939
3036,53033001000,10,Census Tract 10,Cedar Park/Meadowbrook,8.3,2017,1.8,1373,0.016949153,0.018545994,Low,Stable,122,,5,10270271.69,13147.0306
3037,53033000403,4.03,Census Tract 4.03,Broadview/Bitter Lake,9.1,2017,1.81,1357,0.02259887,0.019534185,Low,Stable,454,,12,7881185.923,14097.02669
3038,53033003201,32.01,Census Tract 32.01,Sunset Hill/Loyal Heights,10.3,2017,2.81,1806,0.025547445,0.026719727,High,Stable,1069,,29,11927788.62,32094.50339
3039,53033004600,46,Census Tract 46,Green Lake,9.4,2017,2.11,1318,0.024271845,0.024087024,Low,Stable,65,,7,27829368.76,25514.224
3040,53033004702,47.02,Census Tract 47.02,Ballard,10.4,2017,2.82,1692,0.010752688,0.007742704,High,Stable,1170,,41,2867507.734,6956.449675
3041,53033002700,27,Census Tract 27,Green Lake,9.4,2017,2.11,1539,0.029268293,0.03150134,Medium,Stable,284,,23,17058079.28,21942.83528
3042,53033001800,18,Census Tract 18,Licton Springs,9.2,2017,1.97,1385,0.01025641,0.011687363,Low,Stable,624,,61,10182882.27,13946.10003
3043,53033005202,52.02,Census Tract 52.02,Wallingford,11.2,2017,2.74,1584,0.033962264,0.033942559,Medium,Stable,1559,,53,2865193.636,7845.303217
3044,53033005303,53.03,Census Tract 53.03,University District,7.2,2017,0,0,0,0,,,0,,0,24349784.49,33904.62137
3045,53033004402,44.02,Census Tract 44.02,University District,7.2,2017,2.76,1380,0.022222222,0.021465581,Medium,Stable,1173,,62,3175021.433,7487.979857
3046,53033004401,44.01,Census Tract 44.01,University District,7.2,2017,2.85,1306,-0.003496503,-0.003813883,Medium,Decline,521,,30,7479571.761,12948.97514
3047,53033005307,53.07,Census Tract 53.07,University District,7.2,2017,2.95,1244,0.020761246,0.02134647,Medium,Stable,413,,20,1399526.48,4758.85069
3048,53033004101,41.01,Census Tract 41.01,Laurelhurst/Sand Point,7.5,2017,1.75,1145,0.035502959,0.028751123,Low,Stable,71,,3,16716852.66,24230.15794
3049,53033005402,54.02,Census Tract 54.02,Fremont,11.1,2017,2.9,1776,-0.013605442,-0.014428413,High,Decline,823,,41,4993141.865,10063.79785
3050,53033007700,77,Census Tract 77,Central Area/Squire Park,5.3,2017,3.13,1398,0.026229508,0.02567865,Medium,Stable,468,,23,11391208.22,15242.20976
3051,53033007502,75.02,Census Tract 75.02,Capitol Hill,6.2,2017,2.89,1717,0.014035088,0.011785504,High,Stable,1337,,62,3400503.555,7403.629293
3052,53033007600,76,Census Tract 76,Miller Park,6.4,2017,2.88,1677,0.028571429,0.027573529,High,Stable,922,,51,6155389.389,9906.368336
3053,53033010200,102,Census Tract 102,Seward Park,4.3,2017,1.77,1233,0.035087719,0.032663317,Low,Stable,76,,4,30129079.21,33439.4694
3054,53033010401,104.01,Census Tract 104.01,Beacon Hill,3.5,2017,0,0,0,0,,,0,,0,17543421.03,17342.9302
3055,53033010402,104.02,Census Tract 104.02,Beacon Hill,3.5,2017,1.74,1326,0.029585799,0.035128806,Low,Stable,71,,5,18759692.89,18925.04301
3056,53033010501,105.01,Census Tract 105.01,West Seattle Junction/Genesee Hill,1.3,2017,2.49,1746,0.012195122,0.013937282,Medium,Stable,1452,,18,7986746.715,12490.0968
3057,53033010102,101.02,Census Tract 101.02,Columbia City,4.2,2017,0,0,0,0,,,0,,0,17314610.04,22274.17077
3058,53033009802,98.02,Census Tract 98.02,West Seattle Junction/Genesee Hill,1.3,2017,2.85,1665,0.021505376,0.02335587,High,Stable,356,,19,9927510.523,12982.75493
3059,53033009000,90,Census Tract 90,Judkins Park,5.2,2017,2.57,1738,0.028,0.025974026,Medium,Stable,478,,16,9212173.197,14319.10299
3060,53033026400,264,Census Tract 264,South Park,3.1,2017,0,0,0,0,,,0,,0,461382.0486,5763.407674
3061,53033001201,12.01,Census Tract 12.01,Northgate/Maple Leaf,8.1,2018,2.18,1555,0.023474178,0.02504944,Low,Stable,1172,,21,10851861.64,15899.77334
3062,53033000404,4.04,Census Tract 4.04,Broadview/Bitter Lake,9.1,2018,2.02,1637,0.015075377,0.018668326,Low,Stable,509,,7,6791652.724,12962.55841
3063,53033004901,49.01,Census Tract 49.01,Fremont,11.1,2018,2.43,1437,0.016736402,0.014830508,Medium,Stable,991,,108,5350888.215,9379.655767
3064,53033003601,36.01,Census Tract 36.01,Green Lake,9.4,2018,2.8,1600,0.010830325,0.010739103,Medium,Stable,835,,39,7255879.068,11894.28889
3065,53033002800,28,Census Tract 28,Greenwood/Phinney Ridge,9.3,2018,2.11,1322,0.014423077,0.012251149,Low,Stable,326,,33,10637151.82,13201.3113
3066,53033003100,31,Census Tract 31,Sunset Hill/Loyal Heights,10.3,2018,1.92,1320,0.049180328,0.050119332,Low,Stable,112,,15,23137464.05,24704.5678
3067,53033006400,64,Census Tract 64,Miller Park,6.4,2018,2.22,1877,0.023041475,0.025122884,Medium,Stable,103,,5,9726351.904,13186.77018
3068,53033004301,43.01,Census Tract 43.01,Ravenna/Bryant,7.3,2018,3.48,2246,0.020527859,0.02276867,High,Stable,69,,8,10539780.57,17192.70375
3069,53033002500,25,Census Tract 25,Ravenna/Bryant,7.3,2018,2.7,1958,0.011235955,0.011886305,High,Stable,64,,3,10594634.3,16442.96859
3070,53033002200,22,Census Tract 22,Wedgwood/View Ridge,7.4,2018,2.7,2303,-0.003690037,-0.001300954,High,Decline,164,,6,30127208.02,28505.80679
3071,53033004000,40,Census Tract 40,Laurelhurst/Sand Point,7.5,2018,1.73,1168,0.017647059,0.013888889,Low,Stable,69,,3,26374983.68,27560.01384
3072,53033005804,58.04,Census Tract 58.04,Interbay,12.2,2018,2.55,1702,-0.011627907,-0.013904983,Medium,Decline,912,,36,25124062.74,48668.27224
3073,53033006800,68,Census Tract 68,Queen Anne,12.3,2018,3.52,2342,0.032258065,0.030809859,High,Stable,543,,26,7729250.272,11275.37735
3074,53033008102,81.02,Census Tract 81.02,Downtown Commercial Core,13.2,2018,3.94,3451,-0.034313725,-0.034415221,High,Decline,1119,,8,5987812.086,14339.99503
3075,53033008101,81.01,Census Tract 81.01,Downtown Commercial Core,13.2,2018,2.95,2577,0.084558824,0.086883172,High,Stable,1054,,6,2992165.479,11427.14676
3076,53033007902,79.02,Census Tract 79.02,Central Area/Squire Park,5.3,2018,2.61,1773,0.052419355,0.04973357,Medium,Stable,1212,,22,4641637.8,9715.120877
3077,53033007302,73.02,Census Tract 73.02,Cascade/Eastlake,11.3,2018,3.58,2897,0.025787966,0.025849858,High,Stable,2391,,7,3368769.265,7802.426354
3078,53033007101,71.01,Census Tract 71.01,Queen Anne,12.3,2018,2.93,1953,-0.010135135,-0.008125952,High,Decline,1606,,27,5328474.607,9004.947227
3079,53033009300,93,Census Tract 93,Duwamish/SODO,3.3,2018,2.93,2105,0.069343066,0.070701933,High,Stable,765,,13,102171584.8,53946.37345
3080,53033010502,105.02,Census Tract 105.02,West Seattle Junction/Genesee Hill,1.3,2018,2.46,1667,0.016528926,0.019571865,Medium,Stable,1352,,27,10504351.34,14546.13624
3081,53033010001,100.01,Census Tract 100.01,North Beacon Hill/Jefferson Park,3.6,2018,2.47,1570,0.046610169,0.045969354,Medium,Stable,295,,19,25052474.61,25628.92453
3082,53033009801,98.01,Census Tract 98.01,West Seattle Junction/Genesee Hill,1.3,2018,2.64,1773,0.027237354,0.029019153,Medium,Stable,429,,21,10814248.94,13291.54908
3083,53033008900,89,Census Tract 89,Madrona/Leschi,5.1,2018,2.91,2009,0.028268551,0.029728344,High,Stable,239,,16,13690717.17,19328.7464
3084,53033026300,263,Census Tract 263,Rainier Beach,4.1,2018,0,0,0,0,,,0,,0,30724.63332,954.0480244
3085,53033012000,120,Census Tract 120,Arbor Heights,1.1,2018,0,0,0,0,,,0,,0,15560990.44,16787.97428
3086,53033011101,111.01,Census Tract 111.01,Columbia City,4.2,2018,2.35,1552,-0.08203125,-0.081656805,Medium,Decline,869,,14,12236718.08,15552.07435
3087,53033011001,110.01,Census Tract 110.01,South Beacon Hill/NewHolly,3.4,2018,0,0,0,0,,,0,,0,11629041.07,16287.35531
3088,53033010800,108,Census Tract 108,Riverview,2.3,2018,1.88,1317,0.016216216,0.020139427,Low,Stable,59,,3,44087445.22,39019.3475
3089,53033000800,8,Census Tract 8,Cedar Park/Meadowbrook,8.3,2018,0,0,0,0,,,0,,0,12290810.02,15312.08746
3090,53033003400,34,Census Tract 34,Greenwood/Phinney Ridge,9.3,2018,1.5,926,0.013513514,0.016465423,Low,Stable,93,,9,8472471.715,12629.32293
3091,53033005306,53.06,Census Tract 53.06,University District,7.2,2018,2.7,1493,0.003717472,0.002013423,Medium,Stable,780,,20,2157906.058,5954.872623
3092,53033004302,43.02,Census Tract 43.02,Ravenna/Bryant,7.3,2018,2.98,1815,0.017064846,0.019662921,High,Stable,1064,,61,3564115.67,7987.274419
3093,53033002400,24,Census Tract 24,Wedgwood/View Ridge,7.4,2018,0,0,0,0,,,0,,0,10359919.78,13151.71252
3094,53033004102,41.02,Census Tract 41.02,Laurelhurst/Sand Point,7.5,2018,2.59,1832,0.036,0.036199095,Medium,Stable,487,,7,17933927.27,23350.80029
3095,53033005600,56,Census Tract 56,Magnolia,12.1,2018,0,0,0,0,,,0,,0,32045056.14,29943.50553
3096,53033006703,67.03,Census Tract 67.03,Queen Anne,12.3,2018,2.32,1784,0.064220183,0.060642093,Medium,Stable,608,,35,6427171.884,10846.49304
3097,53033006100,61,Census Tract 61,Montlake/Portage Bay,7.1,2018,2.89,1680,0.01048951,0.010830325,High,Stable,1380,,85,11959193.74,21477.26483
3098,53033005700,57,Census Tract 57,Magnolia,12.1,2018,1.95,1466,0.005154639,0.007560137,Low,Stable,352,,28,53305584.43,44506.56554
3099,53033005901,59.01,Census Tract 59.01,Queen Anne,12.3,2018,2.4,1526,0.016949153,0.013280212,Medium,Stable,389,,29,8449086.719,19075.29242
3100,53033008401,84.01,Census Tract 84.01,Capitol Hill,6.2,2018,3.09,1973,-0.003225806,-0.004038364,High,Decline,1794,,22,2700766.609,9275.818268
3101,53033008300,83,Census Tract 83,First Hill,6.1,2018,2.9,1960,0,0.00204499,High,Stable,987,,13,2561276.498,8632.134894
3102,53033007501,75.01,Census Tract 75.01,Capitol Hill,6.2,2018,2.83,1626,-0.007017544,-0.007326007,Medium,Decline,1904,,88,3210519.937,7219.623642
3103,53033009702,97.02,Census Tract 97.02,West Seattle Junction/Genesee Hill,1.3,2018,2.29,1479,0.017777778,0.019297037,Low,Stable,105,,7,23899907.43,28258.76257
3104,53033008800,88,Census Tract 88,Central Area/Squire Park,5.3,2018,2.71,1716,0.014981273,0.016587678,Medium,Stable,320,,30,10210038.86,13202.52686
3105,53033008500,85,Census Tract 85,First Hill,6.1,2018,3.19,2115,0.015923567,0.015362458,High,Stable,1112,,19,4854121.319,9025.581615
3106,53033026500,265,Census Tract 265,Highland Park,2.5,2018,0,0,0,0,,,0,,0,4617675.483,11234.96478
3107,53033011601,116.01,Census Tract 116.01,Fauntleroy/Seaview,1.2,2018,1.46,1015,0.020979021,0.020100503,Low,Stable,80,,6,16710842.89,20011.96599
3108,53033011300,113,Census Tract 113,Highland Park,2.5,2018,1.85,1493,0.075581395,0.071787509,Low,Stable,334,,17,37260682.97,27184.16139
3109,53033011500,115,Census Tract 115,Roxhill/Westwood,2.4,2018,1.94,1382,-0.034825871,-0.034241789,Low,Decline,250,,12,16558652.75,19887.30894
3110,53033010601,106.01,Census Tract 106.01,Fauntleroy/Seaview,1.2,2018,2.45,1498,0.020833333,0.019741321,Medium,Stable,381,,25,11724162.32,14458.83704
3111,53033001202,12.02,Census Tract 12.02,Northgate/Maple Leaf,8.1,2018,2.57,1890,0.023904382,0.023280996,High,Stable,850,,11,8841145.884,13324.99009
3112,53033000102,1.02,Census Tract 1.02,Cedar Park/Meadowbrook,8.3,2018,2.18,1576,0.058252427,0.054886212,Medium,Stable,643,,15,15446821.48,19552.36233
3113,53033004701,47.01,Census Tract 47.01,Ballard,10.4,2018,2.82,1958,0.025454545,0.025667889,High,Stable,1486,,54,6036028.326,13539.04763
3114,53033004500,45,Census Tract 45,Wallingford,11.2,2018,2.18,1909,0.009259259,0.012195122,Medium,Stable,53,,3,7222109.888,11018.30209
3115,53033002900,29,Census Tract 29,Greenwood/Phinney Ridge,9.3,2018,2.08,1489,0.014634146,0.013614704,Low,Stable,286,,25,10614791.11,13366.31967
3116,53033004201,42.01,Census Tract 42.01,Ravenna/Bryant,7.3,2018,1.82,1598,0.016759777,0.014603175,Low,Stable,178,,10,13390664.27,18286.14392
3117,53033007403,74.03,Census Tract 74.03,Capitol Hill,6.2,2018,2.76,1639,0.026022305,0.027586207,Medium,Stable,1586,,52,1276089.069,5227.495287
3118,53033007002,70.02,Census Tract 70.02,Queen Anne,12.3,2018,2.69,1738,0.022813688,0.022352941,Medium,Stable,1555,,74,4746869.846,9490.799057
3119,53033005803,58.03,Census Tract 58.03,Interbay,12.2,2018,1.87,1353,0.005376344,0.005947955,Low,Stable,382,,32,8956173.425,17129.19881
3120,53033005902,59.02,Census Tract 59.02,Queen Anne,12.3,2018,1.99,1526,0.010152284,0.007260726,Low,Stable,103,,10,11010649.89,15184.22057
3121,53033004902,49.02,Census Tract 49.02,Fremont,11.1,2018,2.97,1733,0.053191489,0.054136253,High,Stable,883,,63,6448262.34,10801.73149
3122,53033005801,58.01,Census Tract 58.01,Interbay,12.2,2018,1.99,1743,0.010152284,0.009849363,Medium,Stable,1305,,45,19618424.24,25500.01395
3123,53033007406,74.06,Census Tract 74.06,Capitol Hill,6.2,2018,2.78,1447,0.01459854,0.011888112,Medium,Stable,1274,,44,1623443.827,6764.477241
3124,53033007405,74.05,Census Tract 74.05,Capitol Hill,6.2,2018,2.77,1514,0.010948905,0.01270903,Medium,Stable,1548,,53,1418974.042,5012.79869
3125,53033009701,97.01,Census Tract 97.01,Alki/Admiral,1.4,2018,1.97,1652,0.015463918,0.020382952,Low,Stable,400,,36,19291172.12,29764.00034
3126,53033009600,96,Census Tract 96,Alki/Admiral,1.4,2018,2.01,1619,0.015151515,0.016959799,Low,Stable,443,,33,19741501.65,20745.406
3127,53033008700,87,Census Tract 87,Central Area/Squire Park,5.3,2018,2.54,1466,0.016,0.013831259,Medium,Stable,516,,41,7883013.17,11432.38421
3128,53033011402,114.02,Census Tract 114.02,Roxhill/Westwood,2.4,2018,2.2,1321,0.028037383,0.028015564,Low,Stable,449,,24,12779277.86,17351.05501
3129,53033011200,112,Census Tract 112,South Park,3.1,2018,1.31,797,0.03968254,0.043193717,Low,Stable,175,,15,26463890.03,27002.33758
3130,53033010900,109,Census Tract 109,Georgetown,3.2,2018,2.46,1231,0.029288703,0.028404344,Low,Stable,110,,11,51677122.71,44978.75384
3131,53033011002,110.02,Census Tract 110.02,South Beacon Hill/NewHolly,3.4,2018,0,0,0,0,,,0,,0,18508908.46,22511.12676
3132,53033011102,111.02,Census Tract 111.02,Seward Park,4.3,2018,1.79,1202,0.046783626,0.040692641,Low,Stable,450,,22,13970026.69,20411.17006
3133,53033010702,107.02,Census Tract 107.02,High Point,2.2,2018,0,0,0,0,,,0,,0,8396926.793,14935.93024
3134,53033001100,11,Census Tract 11,Olympic Hills/Victory Heights,8.2,2018,1.82,1356,0.028248588,0.025718608,Low,Stable,188,,11,11416399.59,14159.12735
3135,53033000700,7,Census Tract 7,Olympic Hills/Victory Heights,8.2,2018,1.92,1359,0.015873016,0.016454749,Low,Stable,980,,55,13932242.39,16134.02991
3136,53033000202,2.02,Census Tract 2.02,Olympic Hills/Victory Heights,8.2,2018,1.86,1488,0.021978022,0.021276596,Low,Stable,182,,5,15930118.49,17285.82737
3137,53033000101,1.01,Census Tract 1.01,Cedar Park/Meadowbrook,8.3,2018,1.97,1404,0.01025641,0.00862069,Low,Stable,1361,,35,4465058.881,8662.074215
3138,53033003301,33.01,Census Tract 33.01,Whittier Heights,10.2,2018,2.44,1471,-0.004081633,-0.002035278,Medium,Decline,761,,61,7202858.493,11177.18133
3139,53033003602,36.02,Census Tract 36.02,Green Lake,9.4,2018,2.94,1706,0.046263345,0.045343137,High,Stable,1727,,49,5621886.085,11471.09438
3140,53033001900,19,Census Tract 19,Northgate/Maple Leaf,8.1,2018,2.7,1986,0.038461538,0.037617555,High,Stable,516,,9,17945171.52,18948.48127
3141,53033001702,17.02,Census Tract 17.02,Greenwood/Phinney Ridge,9.3,2018,0,0,0,0,,,0,,0,13779275.76,17476.40751
3142,53033006500,65,Census Tract 65,North Capitol Hill,6.3,2018,2.6,1718,0.019607843,0.017772512,Medium,Stable,1180,,78,12352257.76,17921.50133
3143,53033006200,62,Census Tract 62,Montlake/Portage Bay,7.1,2018,0,0,0,0,,,0,,0,24610619.74,40010.59926
3144,53033005305,53.05,Census Tract 53.05,University District,7.2,2018,2.89,1392,0.017605634,0.016058394,Medium,Stable,1264,,46,2292236.616,6048.609222
3145,53033002600,26,Census Tract 26,Ravenna/Bryant,7.3,2018,2.72,1689,0.011152416,0.011377246,Medium,Stable,319,,6,13398040.18,15933.9379
3146,53033002000,20,Census Tract 20,Northgate/Maple Leaf,8.1,2018,2.06,1541,-0.004830918,-0.00772698,Low,Decline,206,,9,12183878.82,15509.54571
3147,53033006300,63,Census Tract 63,Madison Park,6.5,2018,2.38,1807,0.03030303,0.030804335,Medium,Stable,578,,20,27750333.4,36285.84892
3148,53033006600,66,Census Tract 66,Cascade/Eastlake,11.3,2018,2.64,1757,0.027237354,0.026884863,Medium,Stable,1634,,84,11110296.85,21995.1063
3149,53033006900,69,Census Tract 69,Queen Anne,12.3,2018,2.36,1549,0.008547009,0.010437052,Medium,Stable,468,,34,9742176.65,15666.54395
3150,53033006000,60,Census Tract 60,Queen Anne,12.3,2018,2.57,1891,0.023904382,0.020507285,High,Stable,865,,58,14158764.71,19123.03263
3151,53033005201,52.01,Census Tract 52.01,Wallingford,11.2,2018,3.09,1426,0.033444816,0.034082669,Medium,Stable,579,,24,7536632.481,14175.92406
3152,53033005000,50,Census Tract 50,Wallingford,11.2,2018,2.84,1782,0.03649635,0.033642691,High,Stable,1211,,68,8151942.295,11560.14801
3153,53033008600,86,Census Tract 86,First Hill,6.1,2018,3.02,1644,0.016835017,0.019851117,High,Stable,2023,,53,7656616.626,11640.72061
3154,53033008002,80.02,Census Tract 80.02,Belltown,13.1,2018,3.34,2385,0.021406728,0.021413276,High,Stable,2007,,18,2522029.808,7998.382466
3155,53033007901,79.01,Census Tract 79.01,Central Area/Squire Park,5.3,2018,2.54,1628,0.016,0.01686446,Medium,Stable,1010,,49,2876299.502,7879.404339
3156,53033007202,72.02,Census Tract 72.02,Cascade/Eastlake,11.3,2018,3.38,2496,-0.01744186,-0.016935801,High,Decline,1851,,13,3020075.663,7591.701883
3157,53033007301,73.01,Census Tract 73.01,Cascade/Eastlake,11.3,2018,2.89,2033,-0.026936027,-0.025874461,High,Decline,2365,,17,2699344.108,7422.610693
3158,53033010302,103.02,Census Tract 103.02,Columbia City,4.2,2018,2.64,1851,-0.007518797,-0.007506702,High,Decline,1012,,21,6804418.751,11267.2532
3159,53033009100,91,Census Tract 91,Pioneer Square/International District,13.3,2018,2.85,1813,0.021505376,0.021984216,High,Stable,912,,14,4419685.266,10608.38541
3160,53033009200,92,Census Tract 92,Pioneer Square/International District,13.3,2018,2.95,1751,0.017241379,0.017431726,High,Stable,486,,12,3456088.55,12687.12119
3161,53033011700,117,Census Tract 117,South Beacon Hill/NewHolly,3.4,2018,0,0,0,0,,,0,,0,37826036.26,29439.62674
3162,53033000500,5,Census Tract 5,Broadview/Bitter Lake,9.1,2018,0,0,0,0,,,0,,0,30294741.05,27094.56678
3163,53033000601,6.01,Census Tract 6.01,Haller Lake,9.5,2018,1.9,1341,0.043956044,0.04034135,Low,Stable,610,,17,15404952.58,20078.95648
3164,53033003500,35,Census Tract 35,Greenwood/Phinney Ridge,9.3,2018,2.55,1259,0.02,0.018608414,Low,Stable,259,,21,13828061.67,16634.34896
3165,53033001500,15,Census Tract 15,North Beach/Blue Ridge,10.1,2018,1.01,1172,0.02020202,0.016478751,Low,Stable,64,,5,12300447.06,13960.37955
3166,53033001400,14,Census Tract 14,North Beach/Blue Ridge,10.1,2018,1.91,1514,0.038043478,0.036986301,Low,Stable,433,,21,23073388.66,30536.33745
3167,53033001300,13,Census Tract 13,Licton Springs,9.2,2018,1.93,1198,0.010471204,0.00926706,Low,Stable,938,,74,12710036.99,14881.08705
3168,53033003800,38,Census Tract 38,Ravenna/Bryant,7.3,2018,3.26,1670,0.044871795,0.047678795,High,Stable,159,,6,6722791.394,10392.53155
3169,53033007001,70.01,Census Tract 70.01,Queen Anne,12.3,2018,2.5,1486,0.012145749,0.00951087,Medium,Stable,1377,,50,3856290.05,9530.302569
3170,53033004800,48,Census Tract 48,Fremont,11.1,2018,2.72,1626,0.007407407,0.009937888,Medium,Stable,329,,27,13833886.82,18822.23657
3171,53033005100,51,Census Tract 51,Wallingford,11.2,2018,3.02,1323,-0.028938907,-0.027205882,Medium,Decline,350,,24,9490350.153,13462.59155
3172,53033008200,82,Census Tract 82,First Hill,6.1,2018,3.23,2462,0.025396825,0.024126456,High,Stable,2009,,15,4044773.826,9102.140341
3173,53033010101,101.01,Census Tract 101.01,Columbia City,4.2,2018,2.81,1497,0.021818182,0.019060585,Medium,Stable,231,,9,9381810.131,15311.65671
3174,53033012100,121,Census Tract 121,Arbor Heights,1.1,2018,0,0,0,0,,,0,,0,18538900.93,25983.61624
3175,53033011901,119.01,Census Tract 119.01,Rainier Beach,4.1,2018,0,0,0,0,,,0,,0,18097640.74,20485.64554
3176,53033000602,6.02,Census Tract 6.02,Haller Lake,9.5,2018,1.87,1598,0.038888889,0.036988968,Low,Stable,396,,9,25947507.86,23221.70475
3177,53033000201,2.01,Census Tract 2.01,Olympic Hills/Victory Heights,8.2,2018,1.75,1437,0.011560694,0.010548523,Low,Stable,873,,13,19446176.32,18651.57808
3178,53033003302,33.02,Census Tract 33.02,Whittier Heights,10.2,2018,2.21,1445,0.01843318,0.018322763,Low,Stable,522,,56,6749336.486,10550.81793
3179,53033005304,53.04,Census Tract 53.04,University District,7.2,2018,0,0,0,0,,,0,,0,786047.0981,4083.126066
3180,53033004202,42.02,Census Tract 42.02,Ravenna/Bryant,7.3,2018,2.88,1990,0.006993007,0.004036327,High,Stable,115,,6,13141688.45,15651.66637
3181,53033007404,74.04,Census Tract 74.04,Capitol Hill,6.2,2018,2.71,1580,0.022641509,0.020012912,Medium,Stable,1314,,63,1654579.828,5775.699987
3182,53033006701,67.01,Census Tract 67.01,Queen Anne,12.3,2018,2.93,2181,-0.003401361,-0.00091617,High,Decline,2197,,21,3639833.178,12143.77924
3183,53033007800,78,Census Tract 78,Madrona/Leschi,5.1,2018,2.17,1676,0.018779343,0.01637356,Medium,Stable,79,,5,22245158.16,28746.37352
3184,53033007503,75.03,Census Tract 75.03,Capitol Hill,6.2,2018,3.11,1998,0.029801325,0.029366306,High,Stable,1539,,23,2018614.368,6484.389482
3185,53033007201,72.01,Census Tract 72.01,Cascade/Eastlake,11.3,2018,2.97,1986,-0.013289037,-0.011940299,High,Decline,2271,,15,1622558.9,5873.216511
3186,53033007203,72.03,Census Tract 72.03,Cascade/Eastlake,11.3,2018,3.4,2423,0.03343465,0.034585824,High,Stable,1596,,14,6238804.943,12493.9648
3187,53033010301,103.01,Census Tract 103.01,Columbia City,4.2,2018,1.7,1492,0.017964072,0.019822283,Low,Stable,52,,4,10792262.46,16924.36851
3188,53033009900,99,Census Tract 99,North Delridge,2.1,2018,2.62,1525,0.02745098,0.025554808,Medium,Stable,985,,24,70254374.71,64633.66158
3189,53033009500,95,Census Tract 95,Mt. Baker/North Rainier,4.4,2018,2.81,1328,0.018115942,0.019186493,Medium,Stable,170,,14,27424305.67,29618.2113
3190,53033009400,94,Census Tract 94,North Beacon Hill/Jefferson Park,3.6,2018,2.93,1676,0.01384083,0.012688822,High,Stable,683,,54,18150625.68,18874.58318
3191,53033011801,118.01,Census Tract 118.01,Rainier Beach,4.1,2018,1.72,1211,0.017751479,0.016792611,Low,Stable,258,,12,12671173.51,15849.81354
3192,53033011602,116.02,Census Tract 116.02,Fauntleroy/Seaview,1.2,2018,1.9,1318,0.049723757,0.051875499,Low,Stable,113,,13,16924173.23,24704.04057
3193,53033011401,114.01,Census Tract 114.01,Roxhill/Westwood,2.4,2018,2.09,1834,0.105820106,0.108827086,Medium,Rise,565,Medium,6,13273369.14,17478.05916
3194,53033010701,107.01,Census Tract 107.01,High Point,2.2,2018,1.83,1557,0.070175439,0.07231405,Low,Stable,214,,5,15726285.72,21302.36518
3195,53033010602,106.02,Census Tract 106.02,Fauntleroy/Seaview,1.2,2018,2.11,1396,0.009569378,0.00867052,Low,Stable,374,,23,15462014.06,23774.94714
3196,53033000900,9,Census Tract 9,Cedar Park/Meadowbrook,8.3,2018,0,0,0,0,,,0,,0,10031158.89,20828.1662
3197,53033000402,4.02,Census Tract 4.02,Broadview/Bitter Lake,9.1,2018,1.81,1214,0.011173184,0.006633499,Low,Stable,589,,28,19362220.52,21397.1753
3198,53033000300,3,Census Tract 3,Haller Lake,9.5,2018,1.41,1068,0.007142857,0.006597549,Low,Stable,83,,7,13033864.6,17298.02954
3199,53033003202,32.02,Census Tract 32.02,Sunset Hill/Loyal Heights,10.3,2018,2.41,1635,0.012605042,0.014897579,Medium,Stable,387,,35,10289818.46,12945.39486
3200,53033003000,30,Census Tract 30,Whittier Heights,10.2,2018,2.43,1519,0.025316456,0.022207268,Medium,Stable,347,,26,16072222.01,16061.94762
3201,53033001701,17.01,Census Tract 17.01,Greenwood/Phinney Ridge,9.3,2018,2.84,1781,0.014285714,0.013083049,High,Stable,709,,35,9609026.085,17164.45478
3202,53033001600,16,Census Tract 16,North Beach/Blue Ridge,10.1,2018,3.05,1827,0.013289037,0.015564202,High,Stable,143,,11,20575392.71,23147.64598
3203,53033002100,21,Census Tract 21,Wedgwood/View Ridge,7.4,2018,3.37,1325,0.015060241,0.01532567,Medium,Stable,483,,17,14696796.74,16139.92186
3204,53033003900,39,Census Tract 39,Wedgwood/View Ridge,7.4,2018,1.76,1202,0.023255814,0.022108844,Low,Stable,108,,8,10481334.98,13200.90921
3205,53033007102,71.02,Census Tract 71.02,Queen Anne,12.3,2018,3.08,2003,0.009836066,0.008559919,High,Stable,1227,,26,3615500.898,11499.94075
3206,53033006702,67.02,Census Tract 67.02,Queen Anne,12.3,2018,3.02,2063,-0.009836066,-0.007696008,High,Decline,1182,,34,3280147.995,8593.864905
3207,53033005401,54.01,Census Tract 54.01,Fremont,11.1,2018,3.19,2056,0.025723473,0.028514257,High,Stable,1181,,38,7892270.588,19740.10787
3208,53033008004,80.04,Census Tract 80.04,Belltown,13.1,2018,2.9,2221,0.039426523,0.042233693,High,Stable,1005,,9,2908326.633,14944.97959
3209,53033008003,80.03,Census Tract 80.03,Belltown,13.1,2018,3.26,2134,-0.003058104,-0.002337541,High,Decline,955,,11,2122043.711,8720.999421
3210,53033008402,84.02,Census Tract 84.02,Capitol Hill,6.2,2018,2.87,1754,0.028673835,0.029342723,High,Stable,1980,,42,1565507.715,5220.868487
3211,53033007303,73.03,Census Tract 73.03,Cascade/Eastlake,11.3,2018,3.72,3023,-0.002680965,-0.003297066,High,Decline,2035,,8,3374596.393,7984.863522
3212,53033010002,100.02,Census Tract 100.02,North Beacon Hill/Jefferson Park,3.6,2018,2.45,1530,0.033755274,0.035182679,Medium,Stable,465,,20,10204645.64,13732.76539
3213,53033011902,119.02,Census Tract 119.02,Rainier Beach,4.1,2018,0,0,0,0,,,0,,0,16290813.63,28897.59863
3214,53033011802,118.02,Census Tract 118.02,Rainier Beach,4.1,2018,1.54,939,0.033557047,0.028477547,Low,Stable,67,,3,12323056.74,17201.54679
3215,53033004703,47.03,Census Tract 47.03,Ballard,10.4,2018,2.79,1560,0.018248175,0.018276762,Medium,Stable,1108,,56,13030918.14,18718.85939
3216,53033001000,10,Census Tract 10,Cedar Park/Meadowbrook,8.3,2018,1.87,1429,0.038888889,0.040786599,Low,Stable,122,,5,10270271.69,13147.0306
3217,53033000403,4.03,Census Tract 4.03,Broadview/Bitter Lake,9.1,2018,1.84,1383,0.016574586,0.019159912,Low,Stable,454,,12,7881185.923,14097.02669
3218,53033003201,32.01,Census Tract 32.01,Sunset Hill/Loyal Heights,10.3,2018,2.99,1919,0.06405694,0.062569214,High,Stable,1069,,29,11927788.62,32094.50339
3219,53033004600,46,Census Tract 46,Green Lake,9.4,2018,2.14,1339,0.014218009,0.015933232,Low,Stable,65,,7,27829368.76,25514.224
3220,53033004702,47.02,Census Tract 47.02,Ballard,10.4,2018,2.88,1734,0.021276596,0.024822695,High,Stable,1586,,43,2867507.734,6956.449675
3221,53033002700,27,Census Tract 27,Green Lake,9.4,2018,2.07,1511,-0.018957346,-0.018193632,Low,Decline,354,,24,17058079.28,21942.83528
3222,53033001800,18,Census Tract 18,Licton Springs,9.2,2018,2,1401,0.015228426,0.011552347,Low,Stable,667,,63,10182882.27,13946.10003
3223,53033005202,52.02,Census Tract 52.02,Wallingford,11.2,2018,2.78,1607,0.01459854,0.014520202,Medium,Stable,1573,,54,2865193.636,7845.303217
3224,53033005303,53.03,Census Tract 53.03,University District,7.2,2018,0,0,0,0,,,0,,0,24349784.49,33904.62137
3225,53033004402,44.02,Census Tract 44.02,University District,7.2,2018,2.79,1398,0.010869565,0.013043478,Medium,Stable,1173,,62,3175021.433,7487.979857
3226,53033004401,44.01,Census Tract 44.01,University District,7.2,2018,3.03,1390,0.063157895,0.06431853,Medium,Stable,521,,30,7479571.761,12948.97514
3227,53033005307,53.07,Census Tract 53.07,University District,7.2,2018,3.01,1271,0.020338983,0.02170418,Medium,Stable,413,,20,1399526.48,4758.85069
3228,53033004101,41.01,Census Tract 41.01,Laurelhurst/Sand Point,7.5,2018,1.76,1155,0.005714286,0.008733624,Low,Stable,71,,3,16716852.66,24230.15794
3229,53033005402,54.02,Census Tract 54.02,Fremont,11.1,2018,2.97,1823,0.024137931,0.026463964,High,Stable,823,,41,4993141.865,10063.79785
3230,53033007700,77,Census Tract 77,Central Area/Squire Park,5.3,2018,3.21,1435,0.025559105,0.026466381,Medium,Stable,468,,23,11391208.22,15242.20976
3231,53033007502,75.02,Census Tract 75.02,Capitol Hill,6.2,2018,2.95,1756,0.020761246,0.022714036,High,Stable,1498,,65,3400503.555,7403.629293
3232,53033007600,76,Census Tract 76,Miller Park,6.4,2018,2.94,1712,0.020833333,0.020870602,High,Stable,982,,53,6155389.389,9906.368336
3233,53033010200,102,Census Tract 102,Seward Park,4.3,2018,1.8,1258,0.016949153,0.02027575,Low,Stable,76,,4,30129079.21,33439.4694
3234,53033010401,104.01,Census Tract 104.01,Beacon Hill,3.5,2018,0,0,0,0,,,0,,0,17543421.03,17342.9302
3235,53033010402,104.02,Census Tract 104.02,Beacon Hill,3.5,2018,1.79,1362,0.028735632,0.027149321,Low,Stable,71,,5,18759692.89,18925.04301
3236,53033010501,105.01,Census Tract 105.01,West Seattle Junction/Genesee Hill,1.3,2018,2.57,1799,0.032128514,0.030355097,Medium,Stable,1505,,19,7986746.715,12490.0968
3237,53033010102,101.02,Census Tract 101.02,Columbia City,4.2,2018,0,0,0,0,,,0,,0,17314610.04,22274.17077
3238,53033009802,98.02,Census Tract 98.02,West Seattle Junction/Genesee Hill,1.3,2018,2.92,1706,0.024561404,0.024624625,High,Stable,385,,20,9927510.523,12982.75493
3239,53033009000,90,Census Tract 90,Judkins Park,5.2,2018,2.56,1734,-0.003891051,-0.002301496,Medium,Decline,638,,17,9212173.197,14319.10299
3240,53033026400,264,Census Tract 264,South Park,3.1,2018,0,0,0,0,,,0,,0,461382.0486,5763.407674
3241,53033001201,12.01,Census Tract 12.01,Northgate/Maple Leaf,8.1,2019,2.17,1546,-0.004587156,-0.005787781,Low,Decline,1172,,21,10851861.64,15899.77334
3242,53033000404,4.04,Census Tract 4.04,Broadview/Bitter Lake,9.1,2019,2.07,1679,0.024752475,0.025656689,Low,Stable,509,,7,6791652.724,12962.55841
3243,53033004901,49.01,Census Tract 49.01,Fremont,11.1,2019,2.46,1457,0.012345679,0.013917884,Medium,Stable,991,,108,5350888.215,9379.655767
3244,53033003601,36.01,Census Tract 36.01,Green Lake,9.4,2019,2.93,1673,0.046428571,0.045625,Medium,Stable,835,,39,7255879.068,11894.28889
3245,53033002800,28,Census Tract 28,Greenwood/Phinney Ridge,9.3,2019,2.13,1337,0.009478673,0.011346445,Low,Stable,326,,33,10637151.82,13201.3113
3246,53033003100,31,Census Tract 31,Sunset Hill/Loyal Heights,10.3,2019,1.95,1344,0.015625,0.018181818,Low,Stable,112,,15,23137464.05,24704.5678
3247,53033006400,64,Census Tract 64,Miller Park,6.4,2019,2.2,1860,-0.009009009,-0.009057006,Medium,Decline,103,,5,9726351.904,13186.77018
3248,53033004301,43.01,Census Tract 43.01,Ravenna/Bryant,7.3,2019,3.58,2308,0.028735632,0.02760463,High,Stable,69,,8,10539780.57,17192.70375
3249,53033002500,25,Census Tract 25,Ravenna/Bryant,7.3,2019,2.73,1979,0.011111111,0.01072523,High,Stable,64,,3,10594634.3,16442.96859
3250,53033002200,22,Census Tract 22,Wedgwood/View Ridge,7.4,2019,2.76,2351,0.022222222,0.02084238,High,Stable,164,,6,30127208.02,28505.80679
3251,53033004000,40,Census Tract 40,Laurelhurst/Sand Point,7.5,2019,1.76,1193,0.01734104,0.02140411,Low,Stable,69,,3,26374983.68,27560.01384
3252,53033005804,58.04,Census Tract 58.04,Interbay,12.2,2019,2.71,1808,0.062745098,0.062279671,Medium,Stable,971,,37,25124062.74,48668.27224
3253,53033006800,68,Census Tract 68,Queen Anne,12.3,2019,3.65,2431,0.036931818,0.038001708,High,Stable,543,,26,7729250.272,11275.37735
3254,53033008102,81.02,Census Tract 81.02,Downtown Commercial Core,13.2,2019,4.15,3640,0.053299492,0.054766734,High,Stable,1119,,8,5987812.086,14339.99503
3255,53033008101,81.01,Census Tract 81.01,Downtown Commercial Core,13.2,2019,3.12,2719,0.057627119,0.055102833,High,Stable,1054,,6,2992165.479,11427.14676
3256,53033007902,79.02,Census Tract 79.02,Central Area/Squire Park,5.3,2019,2.88,1958,0.103448276,0.104342922,High,Rise,1212,,22,4641637.8,9715.120877
3257,53033007302,73.02,Census Tract 73.02,Cascade/Eastlake,11.3,2019,3.84,3104,0.072625698,0.071453227,High,Stable,2391,,7,3368769.265,7802.426354
3258,53033007101,71.01,Census Tract 71.01,Queen Anne,12.3,2019,3.18,2115,0.085324232,0.082949309,High,Rise,1770,,28,5328474.607,9004.947227
3259,53033009300,93,Census Tract 93,Duwamish/SODO,3.3,2019,2.96,2128,0.010238908,0.010926366,High,Stable,765,,13,102171584.8,53946.37345
3260,53033010502,105.02,Census Tract 105.02,West Seattle Junction/Genesee Hill,1.3,2019,2.55,1727,0.036585366,0.035992801,Medium,Stable,1428,,28,10504351.34,14546.13624
3261,53033010001,100.01,Census Tract 100.01,North Beacon Hill/Jefferson Park,3.6,2019,2.52,1602,0.020242915,0.020382166,Medium,Stable,295,,19,25052474.61,25628.92453
3262,53033009801,98.01,Census Tract 98.01,West Seattle Junction/Genesee Hill,1.3,2019,2.83,1895,0.071969697,0.068809927,High,Stable,429,,21,10814248.94,13291.54908
3263,53033008900,89,Census Tract 89,Madrona/Leschi,5.1,2019,2.96,2043,0.017182131,0.016923843,High,Stable,245,,17,13690717.17,19328.7464
3264,53033026300,263,Census Tract 263,Rainier Beach,4.1,2019,0,0,0,0,,,0,,0,30724.63332,954.0480244
3265,53033012000,120,Census Tract 120,Arbor Heights,1.1,2019,0,0,0,0,,,0,,0,15560990.44,16787.97428
3266,53033011101,111.01,Census Tract 111.01,Columbia City,4.2,2019,2.46,1629,0.046808511,0.049613402,Medium,Stable,869,,14,12236718.08,15552.07435
3267,53033011001,110.01,Census Tract 110.01,South Beacon Hill/NewHolly,3.4,2019,0,0,0,0,,,0,,0,11629041.07,16287.35531
3268,53033010800,108,Census Tract 108,Riverview,2.3,2019,1.9,1328,0.010638298,0.008352316,Low,Stable,59,,3,44087445.22,39019.3475
3269,53033000800,8,Census Tract 8,Cedar Park/Meadowbrook,8.3,2019,0,0,0,0,,,0,,0,12290810.02,15312.08746
3270,53033003400,34,Census Tract 34,Greenwood/Phinney Ridge,9.3,2019,1.52,939,0.013333333,0.014038877,Low,Stable,93,,9,8472471.715,12629.32293
3271,53033005306,53.06,Census Tract 53.06,University District,7.2,2019,2.83,1567,0.048148148,0.049564635,Medium,Stable,780,,20,2157906.058,5954.872623
3272,53033004302,43.02,Census Tract 43.02,Ravenna/Bryant,7.3,2019,3.16,1917,0.060402685,0.056198347,High,Stable,1023,,61,3564115.67,7987.274419
3273,53033002400,24,Census Tract 24,Wedgwood/View Ridge,7.4,2019,0,0,0,0,,,0,,0,10359919.78,13151.71252
3274,53033004102,41.02,Census Tract 41.02,Laurelhurst/Sand Point,7.5,2019,2.66,1884,0.027027027,0.028384279,Medium,Stable,487,,7,17933927.27,23350.80029
3275,53033005600,56,Census Tract 56,Magnolia,12.1,2019,0,0,0,0,,,0,,0,32045056.14,29943.50553
3276,53033006703,67.03,Census Tract 67.03,Queen Anne,12.3,2019,2.4,1841,0.034482759,0.031950673,Medium,Stable,608,,35,6427171.884,10846.49304
3277,53033006100,61,Census Tract 61,Montlake/Portage Bay,7.1,2019,2.95,1718,0.020761246,0.022619048,Medium,Stable,1463,,87,11959193.74,21477.26483
3278,53033005700,57,Census Tract 57,Magnolia,12.1,2019,1.98,1489,0.015384615,0.01568895,Low,Stable,352,,28,53305584.43,44506.56554
3279,53033005901,59.01,Census Tract 59.01,Queen Anne,12.3,2019,2.56,1626,0.066666667,0.065530799,Medium,Stable,389,,29,8449086.719,19075.29242
3280,53033008401,84.01,Census Tract 84.01,Capitol Hill,6.2,2019,3.24,2073,0.048543689,0.050684237,High,Stable,1830,,23,2700766.609,9275.818268
3281,53033008300,83,Census Tract 83,First Hill,6.1,2019,3.03,2048,0.044827586,0.044897959,High,Stable,1196,,14,2561276.498,8632.134894
3282,53033007501,75.01,Census Tract 75.01,Capitol Hill,6.2,2019,2.99,1718,0.056537102,0.056580566,High,Stable,1904,,88,3210519.937,7219.623642
3283,53033009702,97.02,Census Tract 97.02,West Seattle Junction/Genesee Hill,1.3,2019,2.32,1499,0.013100437,0.01352265,Low,Stable,105,,7,23899907.43,28258.76257
3284,53033008800,88,Census Tract 88,Central Area/Squire Park,5.3,2019,2.84,1800,0.04797048,0.048951049,Medium,Stable,320,,30,10210038.86,13202.52686
3285,53033008500,85,Census Tract 85,First Hill,6.1,2019,3.16,2095,-0.009404389,-0.009456265,High,Decline,1556,,21,4854121.319,9025.581615
3286,53033026500,265,Census Tract 265,Highland Park,2.5,2019,0,0,0,0,,,0,,0,4617675.483,11234.96478
3287,53033011601,116.01,Census Tract 116.01,Fauntleroy/Seaview,1.2,2019,1.47,1024,0.006849315,0.008866995,Low,Stable,80,,6,16710842.89,20011.96599
3288,53033011300,113,Census Tract 113,Highland Park,2.5,2019,1.93,1561,0.043243243,0.045545881,Low,Stable,334,,17,37260682.97,27184.16139
3289,53033011500,115,Census Tract 115,Roxhill/Westwood,2.4,2019,2.01,1432,0.036082474,0.03617945,Low,Stable,250,,12,16558652.75,19887.30894
3290,53033010601,106.01,Census Tract 106.01,Fauntleroy/Seaview,1.2,2019,2.51,1539,0.024489796,0.027369826,Medium,Stable,388,,26,11724162.32,14458.83704
3291,53033001202,12.02,Census Tract 12.02,Northgate/Maple Leaf,8.1,2019,2.59,1909,0.007782101,0.01005291,Medium,Stable,1205,,13,8841145.884,13324.99009
3292,53033000102,1.02,Census Tract 1.02,Cedar Park/Meadowbrook,8.3,2019,2.23,1615,0.02293578,0.024746193,Low,Stable,770,,17,15446821.48,19552.36233
3293,53033004701,47.01,Census Tract 47.01,Ballard,10.4,2019,2.92,2024,0.035460993,0.033707865,High,Stable,1486,,54,6036028.326,13539.04763
3294,53033004500,45,Census Tract 45,Wallingford,11.2,2019,2.2,1927,0.009174312,0.00942902,Medium,Stable,53,,3,7222109.888,11018.30209
3295,53033002900,29,Census Tract 29,Greenwood/Phinney Ridge,9.3,2019,2.13,1524,0.024038462,0.023505709,Low,Stable,286,,25,10614791.11,13366.31967
3296,53033004201,42.01,Census Tract 42.01,Ravenna/Bryant,7.3,2019,1.86,1631,0.021978022,0.020650814,Low,Stable,178,,10,13390664.27,18286.14392
3297,53033007403,74.03,Census Tract 74.03,Capitol Hill,6.2,2019,2.91,1724,0.054347826,0.051860891,Medium,Stable,1586,,52,1276089.069,5227.495287
3298,53033007002,70.02,Census Tract 70.02,Queen Anne,12.3,2019,2.76,1782,0.026022305,0.025316456,Medium,Stable,1555,,74,4746869.846,9490.799057
3299,53033005803,58.03,Census Tract 58.03,Interbay,12.2,2019,1.91,1376,0.021390374,0.016999261,Low,Stable,382,,32,8956173.425,17129.19881
3300,53033005902,59.02,Census Tract 59.02,Queen Anne,12.3,2019,2.02,1556,0.015075377,0.01965924,Low,Stable,103,,10,11010649.89,15184.22057
3301,53033004902,49.02,Census Tract 49.02,Fremont,11.1,2019,3.03,1766,0.02020202,0.019042123,High,Stable,898,,64,6448262.34,10801.73149
3302,53033005801,58.01,Census Tract 58.01,Interbay,12.2,2019,2.21,1934,0.110552764,0.109581182,Medium,Rise,1305,Medium,45,19618424.24,25500.01395
3303,53033007406,74.06,Census Tract 74.06,Capitol Hill,6.2,2019,2.85,1480,0.025179856,0.022805805,Medium,Stable,1274,,44,1623443.827,6764.477241
3304,53033007405,74.05,Census Tract 74.05,Capitol Hill,6.2,2019,2.79,1525,0.007220217,0.007265522,Medium,Stable,1505,,52,1418974.042,5012.79869
3305,53033009701,97.01,Census Tract 97.01,Alki/Admiral,1.4,2019,2,1677,0.015228426,0.015133172,Low,Stable,400,,36,19291172.12,29764.00034
3306,53033009600,96,Census Tract 96,Alki/Admiral,1.4,2019,2.02,1620,0.004975124,0.000617665,Low,Stable,443,,33,19741501.65,20745.406
3307,53033008700,87,Census Tract 87,Central Area/Squire Park,5.3,2019,2.59,1496,0.019685039,0.020463847,Medium,Stable,516,,41,7883013.17,11432.38421
3308,53033011402,114.02,Census Tract 114.02,Roxhill/Westwood,2.4,2019,2.25,1351,0.022727273,0.022710068,Low,Stable,449,,24,12779277.86,17351.05501
3309,53033011200,112,Census Tract 112,South Park,3.1,2019,1.41,851,0.076335878,0.067754078,Low,Stable,175,,15,26463890.03,27002.33758
3310,53033010900,109,Census Tract 109,Georgetown,3.2,2019,2.47,1238,0.004065041,0.005686434,Low,Stable,110,,11,51677122.71,44978.75384
3311,53033011002,110.02,Census Tract 110.02,South Beacon Hill/NewHolly,3.4,2019,0,0,0,0,,,0,,0,18508908.46,22511.12676
3312,53033011102,111.02,Census Tract 111.02,Seward Park,4.3,2019,1.86,1248,0.039106145,0.038269551,Low,Stable,450,,22,13970026.69,20411.17006
3313,53033010702,107.02,Census Tract 107.02,High Point,2.2,2019,2.7,1907,0.144067797,0.14672279,Medium,Rise,114,Medium,2,8396926.793,14935.93024
3314,53033001100,11,Census Tract 11,Olympic Hills/Victory Heights,8.2,2019,1.86,1385,0.021978022,0.021386431,Low,Stable,188,,11,11416399.59,14159.12735
3315,53033000700,7,Census Tract 7,Olympic Hills/Victory Heights,8.2,2019,2,1413,0.041666667,0.039735099,Low,Stable,980,,55,13932242.39,16134.02991
3316,53033000202,2.02,Census Tract 2.02,Olympic Hills/Victory Heights,8.2,2019,1.85,1480,-0.005376344,-0.005376344,Low,Decline,182,,5,15930118.49,17285.82737
3317,53033000101,1.01,Census Tract 1.01,Cedar Park/Meadowbrook,8.3,2019,2,1422,0.015228426,0.012820513,Low,Stable,1361,,35,4465058.881,8662.074215
3318,53033003301,33.01,Census Tract 33.01,Whittier Heights,10.2,2019,2.61,1567,0.069672131,0.065261727,Medium,Stable,825,,62,7202858.493,11177.18133
3319,53033003602,36.02,Census Tract 36.02,Green Lake,9.4,2019,3.04,1766,0.034013605,0.035169988,High,Stable,2463,,55,5621886.085,11471.09438
3320,53033001900,19,Census Tract 19,Northgate/Maple Leaf,8.1,2019,2.75,2021,0.018518519,0.017623364,High,Stable,516,,9,17945171.52,18948.48127
3321,53033001702,17.02,Census Tract 17.02,Greenwood/Phinney Ridge,9.3,2019,0,0,0,0,,,0,,0,13779275.76,17476.40751
3322,53033006500,65,Census Tract 65,North Capitol Hill,6.3,2019,2.68,1773,0.030769231,0.03201397,Medium,Stable,1172,,77,12352257.76,17921.50133
3323,53033006200,62,Census Tract 62,Montlake/Portage Bay,7.1,2019,0,0,0,0,,,0,,0,24610619.74,40010.59926
3324,53033005305,53.05,Census Tract 53.05,University District,7.2,2019,2.94,1417,0.017301038,0.01795977,Medium,Stable,1374,,47,2292236.616,6048.609222
3325,53033002600,26,Census Tract 26,Ravenna/Bryant,7.3,2019,2.82,1751,0.036764706,0.036708111,Medium,Stable,520,,7,13398040.18,15933.9379
3326,53033002000,20,Census Tract 20,Northgate/Maple Leaf,8.1,2019,2.1,1571,0.019417476,0.019467878,Low,Stable,206,,9,12183878.82,15509.54571
3327,53033006300,63,Census Tract 63,Madison Park,6.5,2019,2.43,1843,0.021008403,0.019922524,Medium,Stable,578,,20,27750333.4,36285.84892
3328,53033006600,66,Census Tract 66,Cascade/Eastlake,11.3,2019,2.76,1837,0.045454545,0.045532157,Medium,Stable,1670,,84,11110296.85,21995.1063
3329,53033006900,69,Census Tract 69,Queen Anne,12.3,2019,2.38,1560,0.008474576,0.007101356,Medium,Stable,468,,34,9742176.65,15666.54395
3330,53033006000,60,Census Tract 60,Queen Anne,12.3,2019,2.65,1952,0.031128405,0.032258065,High,Stable,860,,57,14158764.71,19123.03263
3331,53033005201,52.01,Census Tract 52.01,Wallingford,11.2,2019,3.2,1474,0.035598706,0.033660589,Medium,Stable,699,,25,7536632.481,14175.92406
3332,53033005000,50,Census Tract 50,Wallingford,11.2,2019,2.93,1837,0.031690141,0.030864198,High,Stable,1211,,68,8151942.295,11560.14801
3333,53033008600,86,Census Tract 86,First Hill,6.1,2019,3.1,1686,0.026490066,0.025547445,High,Stable,2297,,54,7656616.626,11640.72061
3334,53033008002,80.02,Census Tract 80.02,Belltown,13.1,2019,3.64,2593,0.089820359,0.08721174,High,Rise,2007,,18,2522029.808,7998.382466
3335,53033007901,79.01,Census Tract 79.01,Central Area/Squire Park,5.3,2019,2.63,1682,0.035433071,0.033169533,Medium,Stable,1010,,49,2876299.502,7879.404339
3336,53033007202,72.02,Census Tract 72.02,Cascade/Eastlake,11.3,2019,3.63,2680,0.073964497,0.073717949,High,Stable,2195,,14,3020075.663,7591.701883
3337,53033007301,73.01,Census Tract 73.01,Cascade/Eastlake,11.3,2019,3.19,2240,0.103806228,0.10181997,High,Rise,2365,,17,2699344.108,7422.610693
3338,53033010302,103.02,Census Tract 103.02,Columbia City,4.2,2019,2.79,1951,0.056818182,0.054024851,High,Stable,1012,,21,6804418.751,11267.2532
3339,53033009100,91,Census Tract 91,Pioneer Square/International District,13.3,2019,2.97,1888,0.042105263,0.041367899,High,Stable,912,,14,4419685.266,10608.38541
3340,53033009200,92,Census Tract 92,Pioneer Square/International District,13.3,2019,3.03,1799,0.027118644,0.027412907,High,Stable,486,,12,3456088.55,12687.12119
3341,53033011700,117,Census Tract 117,South Beacon Hill/NewHolly,3.4,2019,0,0,0,0,,,0,,0,37826036.26,29439.62674
3342,53033000500,5,Census Tract 5,Broadview/Bitter Lake,9.1,2019,0,0,0,0,,,0,,0,30294741.05,27094.56678
3343,53033000601,6.01,Census Tract 6.01,Haller Lake,9.5,2019,1.97,1393,0.036842105,0.038777032,Low,Stable,610,,17,15404952.58,20078.95648
3344,53033003500,35,Census Tract 35,Greenwood/Phinney Ridge,9.3,2019,2.53,1250,-0.007843137,-0.007148531,Low,Decline,313,,22,13828061.67,16634.34896
3345,53033001500,15,Census Tract 15,North Beach/Blue Ridge,10.1,2019,1.02,1189,0.00990099,0.014505119,Low,Stable,64,,5,12300447.06,13960.37955
3346,53033001400,14,Census Tract 14,North Beach/Blue Ridge,10.1,2019,1.95,1563,0.020942408,0.032364597,Low,Stable,433,,21,23073388.66,30536.33745
3347,53033001300,13,Census Tract 13,Licton Springs,9.2,2019,1.96,1217,0.015544041,0.015859766,Low,Stable,938,,74,12710036.99,14881.08705
3348,53033003800,38,Census Tract 38,Ravenna/Bryant,7.3,2019,3.6,1842,0.104294479,0.102994012,High,Rise,159,,6,6722791.394,10392.53155
3349,53033007001,70.01,Census Tract 70.01,Queen Anne,12.3,2019,2.52,1498,0.008,0.00807537,Medium,Stable,1377,,50,3856290.05,9530.302569
3350,53033004800,48,Census Tract 48,Fremont,11.1,2019,2.77,1653,0.018382353,0.016605166,Medium,Stable,350,,29,13833886.82,18822.23657
3351,53033005100,51,Census Tract 51,Wallingford,11.2,2019,2.94,1289,-0.026490066,-0.025699169,Medium,Decline,350,,24,9490350.153,13462.59155
3352,53033008200,82,Census Tract 82,First Hill,6.1,2019,3.42,2608,0.058823529,0.059301381,High,Stable,2009,,15,4044773.826,9102.140341
3353,53033010101,101.01,Census Tract 101.01,Columbia City,4.2,2019,2.87,1533,0.021352313,0.024048096,Medium,Stable,319,,10,9381810.131,15311.65671
3354,53033012100,121,Census Tract 121,Arbor Heights,1.1,2019,0,0,0,0,,,0,,0,18538900.93,25983.61624
3355,53033011901,119.01,Census Tract 119.01,Rainier Beach,4.1,2019,0,0,0,0,,,0,,0,18097640.74,20485.64554
3356,53033000602,6.02,Census Tract 6.02,Haller Lake,9.5,2019,1.98,1693,0.058823529,0.059449312,Low,Stable,396,,9,25947507.86,23221.70475
3357,53033000201,2.01,Census Tract 2.01,Olympic Hills/Victory Heights,8.2,2019,1.78,1455,0.017142857,0.012526096,Low,Stable,873,,13,19446176.32,18651.57808
3358,53033003302,33.02,Census Tract 33.02,Whittier Heights,10.2,2019,2.24,1469,0.013574661,0.016608997,Low,Stable,522,,56,6749336.486,10550.81793
3359,53033005304,53.04,Census Tract 53.04,University District,7.2,2019,0,0,0,0,,,0,,0,786047.0981,4083.126066
3360,53033004202,42.02,Census Tract 42.02,Ravenna/Bryant,7.3,2019,2.91,2016,0.010416667,0.013065327,High,Stable,115,,6,13141688.45,15651.66637
3361,53033007404,74.04,Census Tract 74.04,Capitol Hill,6.2,2019,2.76,1611,0.018450185,0.019620253,Medium,Stable,1314,,63,1654579.828,5775.699987
3362,53033006701,67.01,Census Tract 67.01,Queen Anne,12.3,2019,3.16,2351,0.078498294,0.077945896,High,Stable,2239,,22,3639833.178,12143.77924
3363,53033007800,78,Census Tract 78,Madrona/Leschi,5.1,2019,2.21,1708,0.01843318,0.019093079,Medium,Stable,91,,6,22245158.16,28746.37352
3364,53033007503,75.03,Census Tract 75.03,Capitol Hill,6.2,2019,3.23,2076,0.038585209,0.039039039,High,Stable,1676,,24,2018614.368,6484.389482
3365,53033007201,72.01,Census Tract 72.01,Cascade/Eastlake,11.3,2019,3.26,2175,0.097643098,0.095166163,High,Rise,2271,,15,1622558.9,5873.216511
3366,53033007203,72.03,Census Tract 72.03,Cascade/Eastlake,11.3,2019,3.64,2590,0.070588235,0.068922823,High,Stable,1695,,15,6238804.943,12493.9648
3367,53033010301,103.01,Census Tract 103.01,Columbia City,4.2,2019,1.73,1512,0.017647059,0.013404826,Low,Stable,52,,4,10792262.46,16924.36851
3368,53033009900,99,Census Tract 99,North Delridge,2.1,2019,2.71,1577,0.034351145,0.034098361,Medium,Stable,990,,25,70254374.71,64633.66158
3369,53033009500,95,Census Tract 95,Mt. Baker/North Rainier,4.4,2019,2.87,1354,0.021352313,0.019578313,Medium,Stable,170,,14,27424305.67,29618.2113
3370,53033009400,94,Census Tract 94,North Beacon Hill/Jefferson Park,3.6,2019,3.04,1736,0.037542662,0.035799523,High,Stable,683,,54,18150625.68,18874.58318
3371,53033011801,118.01,Census Tract 118.01,Rainier Beach,4.1,2019,1.76,1243,0.023255814,0.026424443,Low,Stable,258,,12,12671173.51,15849.81354
3372,53033011602,116.02,Census Tract 116.02,Fauntleroy/Seaview,1.2,2019,1.96,1355,0.031578947,0.028072838,Low,Stable,113,,13,16924173.23,24704.04057
3373,53033011401,114.01,Census Tract 114.01,Roxhill/Westwood,2.4,2019,2.23,1957,0.066985646,0.067066521,Medium,Stable,565,,6,13273369.14,17478.05916
3374,53033010701,107.01,Census Tract 107.01,High Point,2.2,2019,1.93,1640,0.054644809,0.053307643,Low,Stable,214,,5,15726285.72,21302.36518
3375,53033010602,106.02,Census Tract 106.02,Fauntleroy/Seaview,1.2,2019,2.15,1426,0.018957346,0.021489971,Low,Stable,374,,23,15462014.06,23774.94714
3376,53033000900,9,Census Tract 9,Cedar Park/Meadowbrook,8.3,2019,0,0,0,0,,,0,,0,10031158.89,20828.1662
3377,53033000402,4.02,Census Tract 4.02,Broadview/Bitter Lake,9.1,2019,1.88,1264,0.038674033,0.041186161,Low,Stable,589,,28,19362220.52,21397.1753
3378,53033000300,3,Census Tract 3,Haller Lake,9.5,2019,1.42,1074,0.007092199,0.005617978,Low,Stable,83,,7,13033864.6,17298.02954
3379,53033003202,32.02,Census Tract 32.02,Sunset Hill/Loyal Heights,10.3,2019,2.44,1653,0.012448133,0.011009174,Medium,Stable,387,,35,10289818.46,12945.39486
3380,53033003000,30,Census Tract 30,Whittier Heights,10.2,2019,2.44,1530,0.004115226,0.007241606,Medium,Stable,354,,27,16072222.01,16061.94762
3381,53033001701,17.01,Census Tract 17.01,Greenwood/Phinney Ridge,9.3,2019,2.92,1833,0.028169014,0.02919708,High,Stable,709,,35,9609026.085,17164.45478
3382,53033001600,16,Census Tract 16,North Beach/Blue Ridge,10.1,2019,3.12,1866,0.02295082,0.02134647,High,Stable,143,,11,20575392.71,23147.64598
3383,53033002100,21,Census Tract 21,Wedgwood/View Ridge,7.4,2019,3.41,1340,0.011869436,0.011320755,Medium,Stable,483,,17,14696796.74,16139.92186
3384,53033003900,39,Census Tract 39,Wedgwood/View Ridge,7.4,2019,1.8,1230,0.022727273,0.023294509,Low,Stable,108,,8,10481334.98,13200.90921
3385,53033007102,71.02,Census Tract 71.02,Queen Anne,12.3,2019,3.09,2011,0.003246753,0.003994009,High,Stable,1435,,28,3615500.898,11499.94075
3386,53033006702,67.02,Census Tract 67.02,Queen Anne,12.3,2019,3.47,2367,0.149006623,0.147358216,High,Rise,1182,,34,3280147.995,8593.864905
3387,53033005401,54.01,Census Tract 54.01,Fremont,11.1,2019,3.34,2149,0.047021944,0.045233463,High,Stable,1181,,38,7892270.588,19740.10787
3388,53033008004,80.04,Census Tract 80.04,Belltown,13.1,2019,2.97,2276,0.024137931,0.02476362,High,Stable,1067,,10,2908326.633,14944.97959
3389,53033008003,80.03,Census Tract 80.03,Belltown,13.1,2019,3.24,2119,-0.006134969,-0.007029053,High,Decline,1361,,13,2122043.711,8720.999421
3390,53033008402,84.02,Census Tract 84.02,Capitol Hill,6.2,2019,2.93,1789,0.020905923,0.01995439,High,Stable,1980,,42,1565507.715,5220.868487
3391,53033007303,73.03,Census Tract 73.03,Cascade/Eastlake,11.3,2019,3.95,3212,0.061827957,0.062520675,High,Stable,2365,,11,3374596.393,7984.863522
3392,53033010002,100.02,Census Tract 100.02,North Beacon Hill/Jefferson Park,3.6,2019,2.48,1545,0.012244898,0.009803922,Medium,Stable,532,,22,10204645.64,13732.76539
3393,53033011902,119.02,Census Tract 119.02,Rainier Beach,4.1,2019,0,0,0,0,,,0,,0,16290813.63,28897.59863
3394,53033011802,118.02,Census Tract 118.02,Rainier Beach,4.1,2019,1.81,1108,0.175324675,0.179978701,Low,Significant Rise,67,High,3,12323056.74,17201.54679
3395,53033004703,47.03,Census Tract 47.03,Ballard,10.4,2019,2.9,1623,0.039426523,0.040384615,Medium,Stable,1108,,56,13030918.14,18718.85939
3396,53033001000,10,Census Tract 10,Cedar Park/Meadowbrook,8.3,2019,1.91,1460,0.021390374,0.021693492,Low,Stable,122,,5,10270271.69,13147.0306
3397,53033000403,4.03,Census Tract 4.03,Broadview/Bitter Lake,9.1,2019,1.89,1417,0.027173913,0.024584237,Low,Stable,454,,12,7881185.923,14097.02669
3398,53033003201,32.01,Census Tract 32.01,Sunset Hill/Loyal Heights,10.3,2019,3.14,2015,0.050167224,0.050026055,High,Stable,1069,,29,11927788.62,32094.50339
3399,53033004600,46,Census Tract 46,Green Lake,9.4,2019,2.17,1356,0.014018692,0.012696042,Low,Stable,65,,7,27829368.76,25514.224
3400,53033004702,47.02,Census Tract 47.02,Ballard,10.4,2019,3.03,1824,0.052083333,0.051903114,High,Stable,1586,,43,2867507.734,6956.449675
3401,53033002700,27,Census Tract 27,Green Lake,9.4,2019,2.17,1586,0.048309179,0.049636003,Low,Stable,354,,24,17058079.28,21942.83528
3402,53033001800,18,Census Tract 18,Licton Springs,9.2,2019,2.02,1416,0.01,0.010706638,Low,Stable,667,,63,10182882.27,13946.10003
3403,53033005202,52.02,Census Tract 52.02,Wallingford,11.2,2019,2.84,1642,0.021582734,0.021779714,Medium,Stable,1573,,54,2865193.636,7845.303217
3404,53033005303,53.03,Census Tract 53.03,University District,7.2,2019,0,0,0,0,,,0,,0,24349784.49,33904.62137
3405,53033004402,44.02,Census Tract 44.02,University District,7.2,2019,2.83,1417,0.014336918,0.013590844,Medium,Stable,1292,,65,3175021.433,7487.979857
3406,53033004401,44.01,Census Tract 44.01,University District,7.2,2019,3.07,1408,0.01320132,0.01294964,Medium,Stable,521,,30,7479571.761,12948.97514
3407,53033005307,53.07,Census Tract 53.07,University District,7.2,2019,3.07,1296,0.019933555,0.019669552,Medium,Stable,413,,20,1399526.48,4758.85069
3408,53033004101,41.01,Census Tract 41.01,Laurelhurst/Sand Point,7.5,2019,1.78,1169,0.011363636,0.012121212,Low,Stable,71,,3,16716852.66,24230.15794
3409,53033005402,54.02,Census Tract 54.02,Fremont,11.1,2019,3.05,1874,0.026936027,0.027975864,High,Stable,882,,42,4993141.865,10063.79785
3410,53033007700,77,Census Tract 77,Central Area/Squire Park,5.3,2019,3.28,1464,0.021806854,0.020209059,Medium,Stable,468,,23,11391208.22,15242.20976
3411,53033007502,75.02,Census Tract 75.02,Capitol Hill,6.2,2019,3.05,1811,0.033898305,0.031321185,High,Stable,1498,,65,3400503.555,7403.629293
3412,53033007600,76,Census Tract 76,Miller Park,6.4,2019,2.97,1729,0.010204082,0.009929907,High,Stable,1035,,54,6155389.389,9906.368336
3413,53033010200,102,Census Tract 102,Seward Park,4.3,2019,1.83,1275,0.016666667,0.013513514,Low,Stable,76,,4,30129079.21,33439.4694
3414,53033010401,104.01,Census Tract 104.01,Beacon Hill,3.5,2019,0,0,0,0,,,0,,0,17543421.03,17342.9302
3415,53033010402,104.02,Census Tract 104.02,Beacon Hill,3.5,2019,1.81,1378,0.011173184,0.01174743,Low,Stable,71,,5,18759692.89,18925.04301
3416,53033010501,105.01,Census Tract 105.01,West Seattle Junction/Genesee Hill,1.3,2019,2.69,1886,0.046692607,0.0483602,Medium,Stable,1624,,20,7986746.715,12490.0968
3417,53033010102,101.02,Census Tract 101.02,Columbia City,4.2,2019,0,0,0,0,,,0,,0,17314610.04,22274.17077
3418,53033009802,98.02,Census Tract 98.02,West Seattle Junction/Genesee Hill,1.3,2019,2.99,1745,0.023972603,0.022860492,High,Stable,385,,20,9927510.523,12982.75493
3419,53033009000,90,Census Tract 90,Judkins Park,5.2,2019,2.58,1744,0.0078125,0.005767013,Medium,Stable,768,,18,9212173.197,14319.10299
3420,53033026400,264,Census Tract 264,South Park,3.1,2019,0,0,0,0,,,0,,0,461382.0486,5763.407674
3421,53033001201,12.01,Census Tract 12.01,Northgate/Maple Leaf,8.1,2020,2.2,1568,0.013824885,0.014230272,Low,Stable,1230,,22,10851861.64,15899.77334
3422,53033000404,4.04,Census Tract 4.04,Broadview/Bitter Lake,9.1,2020,2.07,1678,0,-0.000595593,Low,Decline,509,,7,6791652.724,12962.55841
3423,53033004901,49.01,Census Tract 49.01,Fremont,11.1,2020,2.48,1470,0.008130081,0.008922443,Medium,Stable,991,,108,5350888.215,9379.655767
3424,53033003601,36.01,Census Tract 36.01,Green Lake,9.4,2020,2.89,1651,-0.013651877,-0.01315003,High,Decline,860,,40,7255879.068,11894.28889
3425,53033002800,28,Census Tract 28,Greenwood/Phinney Ridge,9.3,2020,2.15,1349,0.009389671,0.008975318,Low,Stable,326,,33,10637151.82,13201.3113
3426,53033003100,31,Census Tract 31,Sunset Hill/Loyal Heights,10.3,2020,1.98,1367,0.015384615,0.017113095,Low,Stable,112,,15,23137464.05,24704.5678
3427,53033006400,64,Census Tract 64,Miller Park,6.4,2020,2.24,1893,0.018181818,0.017741935,Medium,Stable,103,,5,9726351.904,13186.77018
3428,53033004301,43.01,Census Tract 43.01,Ravenna/Bryant,7.3,2020,3.55,2288,-0.008379888,-0.008665511,High,Decline,312,,9,10539780.57,17192.70375
3429,53033002500,25,Census Tract 25,Ravenna/Bryant,7.3,2020,2.74,1991,0.003663004,0.006063669,High,Stable,64,,3,10594634.3,16442.96859
3430,53033002200,22,Census Tract 22,Wedgwood/View Ridge,7.4,2020,2.2,1874,-0.202898551,-0.202892386,Medium,Decline,164,,6,30127208.02,28505.80679
3431,53033004000,40,Census Tract 40,Laurelhurst/Sand Point,7.5,2020,1.79,1210,0.017045455,0.01424979,Low,Stable,69,,3,26374983.68,27560.01384
3432,53033005804,58.04,Census Tract 58.04,Interbay,12.2,2020,2.6,1739,-0.040590406,-0.038163717,Medium,Decline,1064,,38,25124062.74,48668.27224
3433,53033006800,68,Census Tract 68,Queen Anne,12.3,2020,3.66,2433,0.002739726,0.000822707,High,Stable,543,,26,7729250.272,11275.37735
3434,53033008102,81.02,Census Tract 81.02,Downtown Commercial Core,13.2,2020,3.82,3347,-0.079518072,-0.080494505,High,Decline,1119,,8,5987812.086,14339.99503
3435,53033008101,81.01,Census Tract 81.01,Downtown Commercial Core,13.2,2020,2.72,2373,-0.128205128,-0.127252666,High,Decline,1054,,6,2992165.479,11427.14676
3436,53033007902,79.02,Census Tract 79.02,Central Area/Squire Park,5.3,2020,2.71,1853,-0.059027778,-0.053626149,High,Decline,1212,,22,4641637.8,9715.120877
3437,53033007302,73.02,Census Tract 73.02,Cascade/Eastlake,11.3,2020,3.42,2767,-0.109375,-0.108569588,High,Decline,2391,,7,3368769.265,7802.426354
3438,53033007101,71.01,Census Tract 71.01,Queen Anne,12.3,2020,2.89,1927,-0.091194969,-0.088888889,High,Decline,1770,,28,5328474.607,9004.947227
3439,53033009300,93,Census Tract 93,Duwamish/SODO,3.3,2020,2.81,2014,-0.050675676,-0.053571429,High,Decline,765,,13,102171584.8,53946.37345
3440,53033010502,105.02,Census Tract 105.02,West Seattle Junction/Genesee Hill,1.3,2020,2.37,1603,-0.070588235,-0.071800811,Medium,Decline,1428,,28,10504351.34,14546.13624
3441,53033010001,100.01,Census Tract 100.01,North Beacon Hill/Jefferson Park,3.6,2020,2.33,1480,-0.075396825,-0.076154806,Low,Decline,596,,20,25052474.61,25628.92453
3442,53033009801,98.01,Census Tract 98.01,West Seattle Junction/Genesee Hill,1.3,2020,2.57,1725,-0.091872792,-0.089709763,Medium,Decline,537,,22,10814248.94,13291.54908
3443,53033008900,89,Census Tract 89,Madrona/Leschi,5.1,2020,2.36,1628,-0.202702703,-0.203132648,Medium,Decline,777,,18,13690717.17,19328.7464
3444,53033026300,263,Census Tract 263,Rainier Beach,4.1,2020,0,0,0,0,,,0,,0,30724.63332,954.0480244
3445,53033012000,120,Census Tract 120,Arbor Heights,1.1,2020,0,0,0,0,,,0,,0,15560990.44,16787.97428
3446,53033011101,111.01,Census Tract 111.01,Columbia City,4.2,2020,2.46,1592,0,-0.022713321,Medium,Decline,869,,14,12236718.08,15552.07435
3447,53033011001,110.01,Census Tract 110.01,South Beacon Hill/NewHolly,3.4,2020,0,0,0,0,,,0,,0,11629041.07,16287.35531
3448,53033010800,108,Census Tract 108,Riverview,2.3,2020,1.83,1282,-0.036842105,-0.034638554,Low,Decline,59,,3,44087445.22,39019.3475
3449,53033000800,8,Census Tract 8,Cedar Park/Meadowbrook,8.3,2020,0,0,0,0,,,0,,0,12290810.02,15312.08746
3450,53033003400,34,Census Tract 34,Greenwood/Phinney Ridge,9.3,2020,1.54,949,0.013157895,0.010649627,Low,Stable,93,,9,8472471.715,12629.32293
3451,53033005306,53.06,Census Tract 53.06,University District,7.2,2020,2.67,1481,-0.056537102,-0.05488194,Medium,Decline,780,,20,2157906.058,5954.872623
3452,53033004302,43.02,Census Tract 43.02,Ravenna/Bryant,7.3,2020,3.05,1856,-0.034810127,-0.031820553,High,Decline,1075,,62,3564115.67,7987.274419
3453,53033002400,24,Census Tract 24,Wedgwood/View Ridge,7.4,2020,0,0,0,0,,,0,,0,10359919.78,13151.71252
3454,53033004102,41.02,Census Tract 41.02,Laurelhurst/Sand Point,7.5,2020,2.69,1901,0.011278195,0.009023355,High,Stable,487,,7,17933927.27,23350.80029
3455,53033005600,56,Census Tract 56,Magnolia,12.1,2020,0,0,0,0,,,0,,0,32045056.14,29943.50553
3456,53033006703,67.03,Census Tract 67.03,Queen Anne,12.3,2020,2.4,1843,0,0.001086366,Medium,Stable,608,,35,6427171.884,10846.49304
3457,53033006100,61,Census Tract 61,Montlake/Portage Bay,7.1,2020,2.94,1710,-0.003389831,-0.004656577,High,Decline,1458,,86,11959193.74,21477.26483
3458,53033005700,57,Census Tract 57,Magnolia,12.1,2020,2.02,1517,0.02020202,0.018804567,Low,Stable,352,,28,53305584.43,44506.56554
3459,53033005901,59.01,Census Tract 59.01,Queen Anne,12.3,2020,2.35,1505,-0.08203125,-0.074415744,Medium,Decline,389,,29,8449086.719,19075.29242
3460,53033008401,84.01,Census Tract 84.01,Capitol Hill,6.2,2020,2.84,1814,-0.12345679,-0.124939701,High,Decline,1921,,24,2700766.609,9275.818268
3461,53033008300,83,Census Tract 83,First Hill,6.1,2020,2.84,1921,-0.062706271,-0.062011719,High,Decline,1196,,14,2561276.498,8632.134894
3462,53033007501,75.01,Census Tract 75.01,Capitol Hill,6.2,2020,2.93,1686,-0.02006689,-0.01862631,High,Decline,1934,,89,3210519.937,7219.623642
3463,53033009702,97.02,Census Tract 97.02,West Seattle Junction/Genesee Hill,1.3,2020,2.28,1474,-0.017241379,-0.016677785,Low,Decline,105,,7,23899907.43,28258.76257
3464,53033008800,88,Census Tract 88,Central Area/Squire Park,5.3,2020,2.85,1804,0.003521127,0.002222222,High,Stable,320,,30,10210038.86,13202.52686
3465,53033008500,85,Census Tract 85,First Hill,6.1,2020,3.07,2039,-0.028481013,-0.02673031,High,Decline,1556,,21,4854121.319,9025.581615
3466,53033026500,265,Census Tract 265,Highland Park,2.5,2020,0,0,0,0,,,0,,0,4617675.483,11234.96478
3467,53033011601,116.01,Census Tract 116.01,Fauntleroy/Seaview,1.2,2020,1.49,1033,0.013605442,0.008789063,Low,Stable,80,,6,16710842.89,20011.96599
3468,53033011300,113,Census Tract 113,Highland Park,2.5,2020,1.91,1539,-0.010362694,-0.01409353,Low,Decline,334,,17,37260682.97,27184.16139
3469,53033011500,115,Census Tract 115,Roxhill/Westwood,2.4,2020,1.96,1393,-0.024875622,-0.027234637,Low,Decline,250,,12,16558652.75,19887.30894
3470,53033010601,106.01,Census Tract 106.01,Fauntleroy/Seaview,1.2,2020,2.51,1535,0,-0.00259909,Medium,Decline,388,,26,11724162.32,14458.83704
3471,53033001202,12.02,Census Tract 12.02,Northgate/Maple Leaf,8.1,2020,2.53,1860,-0.023166023,-0.025667889,Medium,Decline,1205,,13,8841145.884,13324.99009
3472,53033000102,1.02,Census Tract 1.02,Cedar Park/Meadowbrook,8.3,2020,2.25,1628,0.00896861,0.008049536,Medium,Stable,770,,17,15446821.48,19552.36233
3473,53033004701,47.01,Census Tract 47.01,Ballard,10.4,2020,2.65,1838,-0.092465753,-0.091897233,High,Decline,1486,,54,6036028.326,13539.04763
3474,53033004500,45,Census Tract 45,Wallingford,11.2,2020,2.21,1933,0.004545455,0.003113648,Medium,Stable,53,,3,7222109.888,11018.30209
3475,53033002900,29,Census Tract 29,Greenwood/Phinney Ridge,9.3,2020,2.15,1539,0.009389671,0.00984252,Low,Stable,286,,25,10614791.11,13366.31967
3476,53033004201,42.01,Census Tract 42.01,Ravenna/Bryant,7.3,2020,1.88,1656,0.010752688,0.01532802,Low,Stable,178,,10,13390664.27,18286.14392
3477,53033007403,74.03,Census Tract 74.03,Capitol Hill,6.2,2020,2.68,1590,-0.079037801,-0.077726218,Medium,Decline,1586,,52,1276089.069,5227.495287
3478,53033007002,70.02,Census Tract 70.02,Queen Anne,12.3,2020,2.67,1725,-0.032608696,-0.031986532,Medium,Decline,1824,,75,4746869.846,9490.799057
3479,53033005803,58.03,Census Tract 58.03,Interbay,12.2,2020,1.95,1407,0.020942408,0.02252907,Low,Stable,382,,32,8956173.425,17129.19881
3480,53033005902,59.02,Census Tract 59.02,Queen Anne,12.3,2020,2.07,1588,0.024752475,0.020565553,Low,Stable,103,,10,11010649.89,15184.22057
3481,53033004902,49.02,Census Tract 49.02,Fremont,11.1,2020,2.88,1679,-0.04950495,-0.049263873,High,Decline,952,,65,6448262.34,10801.73149
3482,53033005801,58.01,Census Tract 58.01,Interbay,12.2,2020,2.11,1845,-0.045248869,-0.046018614,Medium,Decline,1305,,45,19618424.24,25500.01395
3483,53033007406,74.06,Census Tract 74.06,Capitol Hill,6.2,2020,2.77,1444,-0.028070175,-0.024324324,Medium,Decline,1274,,44,1623443.827,6764.477241
3484,53033007405,74.05,Census Tract 74.05,Capitol Hill,6.2,2020,2.67,1463,-0.043010753,-0.040655738,Medium,Decline,1505,,52,1418974.042,5012.79869
3485,53033009701,97.01,Census Tract 97.01,Alki/Admiral,1.4,2020,2.03,1697,0.015,0.011926058,Low,Stable,400,,36,19291172.12,29764.00034
3486,53033009600,96,Census Tract 96,Alki/Admiral,1.4,2020,1.99,1577,-0.014851485,-0.02654321,Low,Decline,469,,35,19741501.65,20745.406
3487,53033008700,87,Census Tract 87,Central Area/Squire Park,5.3,2020,2.57,1486,-0.007722008,-0.006684492,Medium,Decline,565,,42,7883013.17,11432.38421
3488,53033011402,114.02,Census Tract 114.02,Roxhill/Westwood,2.4,2020,2.27,1366,0.008888889,0.011102887,Low,Stable,449,,24,12779277.86,17351.05501
3489,53033011200,112,Census Tract 112,South Park,3.1,2020,1.42,857,0.007092199,0.007050529,Low,Stable,175,,15,26463890.03,27002.33758
3490,53033010900,109,Census Tract 109,Georgetown,3.2,2020,2.49,1247,0.008097166,0.00726979,Low,Stable,110,,11,51677122.71,44978.75384
3491,53033011002,110.02,Census Tract 110.02,South Beacon Hill/NewHolly,3.4,2020,0,0,0,0,,,0,,0,18508908.46,22511.12676
3492,53033011102,111.02,Census Tract 111.02,Seward Park,4.3,2020,1.93,1287,0.037634409,0.03125,Low,Stable,450,,22,13970026.69,20411.17006
3493,53033010702,107.02,Census Tract 107.02,High Point,2.2,2020,2.45,1727,-0.092592593,-0.094389093,Medium,Decline,114,,2,8396926.793,14935.93024
3494,53033001100,11,Census Tract 11,Olympic Hills/Victory Heights,8.2,2020,1.67,1253,-0.102150538,-0.095306859,Low,Decline,188,,11,11416399.59,14159.12735
3495,53033000700,7,Census Tract 7,Olympic Hills/Victory Heights,8.2,2020,1.97,1396,-0.015,-0.012031139,Low,Decline,980,,55,13932242.39,16134.02991
3496,53033000202,2.02,Census Tract 2.02,Olympic Hills/Victory Heights,8.2,2020,1.87,1496,0.010810811,0.010810811,Low,Stable,182,,5,15930118.49,17285.82737
3497,53033000101,1.01,Census Tract 1.01,Cedar Park/Meadowbrook,8.3,2020,2,1424,0,0.00140647,Low,Stable,1353,,34,4465058.881,8662.074215
3498,53033003301,33.01,Census Tract 33.01,Whittier Heights,10.2,2020,2.56,1539,-0.019157088,-0.017868539,Medium,Decline,825,,62,7202858.493,11177.18133
3499,53033003602,36.02,Census Tract 36.02,Green Lake,9.4,2020,2.97,1726,-0.023026316,-0.022650057,High,Decline,2463,,55,5621886.085,11471.09438
3500,53033001900,19,Census Tract 19,Northgate/Maple Leaf,8.1,2020,2.77,2032,0.007272727,0.00544285,High,Stable,516,,9,17945171.52,18948.48127
3501,53033001702,17.02,Census Tract 17.02,Greenwood/Phinney Ridge,9.3,2020,0,0,0,0,,,0,,0,13779275.76,17476.40751
3502,53033006500,65,Census Tract 65,North Capitol Hill,6.3,2020,2.68,1770,0,-0.001692047,Medium,Decline,1172,,77,12352257.76,17921.50133
3503,53033006200,62,Census Tract 62,Montlake/Portage Bay,7.1,2020,0,0,0,0,,,0,,0,24610619.74,40010.59926
3504,53033005305,53.05,Census Tract 53.05,University District,7.2,2020,2.91,1403,-0.010204082,-0.009880028,Medium,Decline,1267,,38,2292236.616,6048.609222
3505,53033002600,26,Census Tract 26,Ravenna/Bryant,7.3,2020,2.78,1730,-0.014184397,-0.011993147,High,Decline,520,,7,13398040.18,15933.9379
3506,53033002000,20,Census Tract 20,Northgate/Maple Leaf,8.1,2020,2.05,1536,-0.023809524,-0.022278803,Low,Decline,206,,9,12183878.82,15509.54571
3507,53033006300,63,Census Tract 63,Madison Park,6.5,2020,2.4,1825,-0.012345679,-0.009766685,Medium,Decline,578,,20,27750333.4,36285.84892
3508,53033006600,66,Census Tract 66,Cascade/Eastlake,11.3,2020,2.64,1754,-0.043478261,-0.045182363,Medium,Decline,1703,,85,11110296.85,21995.1063
3509,53033006900,69,Census Tract 69,Queen Anne,12.3,2020,2.46,1612,0.033613445,0.033333333,Medium,Stable,468,,34,9742176.65,15666.54395
3510,53033006000,60,Census Tract 60,Queen Anne,12.3,2020,2.61,1923,-0.01509434,-0.014856557,High,Decline,852,,56,14158764.71,19123.03263
3511,53033005201,52.01,Census Tract 52.01,Wallingford,11.2,2020,2.98,1375,-0.06875,-0.067164179,Medium,Decline,719,,26,7536632.481,14175.92406
3512,53033005000,50,Census Tract 50,Wallingford,11.2,2020,2.84,1786,-0.030716724,-0.027762657,High,Decline,1211,,68,8151942.295,11560.14801
3513,53033008600,86,Census Tract 86,First Hill,6.1,2020,2.84,1546,-0.083870968,-0.083036773,Medium,Decline,2381,,55,7656616.626,11640.72061
3514,53033008002,80.02,Census Tract 80.02,Belltown,13.1,2020,3.37,2404,-0.074175824,-0.072888546,High,Decline,2007,,18,2522029.808,7998.382466
3515,53033007901,79.01,Census Tract 79.01,Central Area/Squire Park,5.3,2020,2.45,1576,-0.068441065,-0.063020214,Medium,Decline,1053,,50,2876299.502,7879.404339
3516,53033007202,72.02,Census Tract 72.02,Cascade/Eastlake,11.3,2020,3.5,2582,-0.035812672,-0.036567164,High,Decline,2195,,14,3020075.663,7591.701883
3517,53033007301,73.01,Census Tract 73.01,Cascade/Eastlake,11.3,2020,2.66,1871,-0.166144201,-0.164732143,High,Decline,2365,,17,2699344.108,7422.610693
3518,53033010302,103.02,Census Tract 103.02,Columbia City,4.2,2020,2.69,1886,-0.035842294,-0.033316248,High,Decline,1021,,22,6804418.751,11267.2532
3519,53033009100,91,Census Tract 91,Pioneer Square/International District,13.3,2020,2.79,1777,-0.060606061,-0.058792373,High,Decline,1200,,15,4419685.266,10608.38541
3520,53033009200,92,Census Tract 92,Pioneer Square/International District,13.3,2020,2.83,1679,-0.066006601,-0.066703724,High,Decline,486,,12,3456088.55,12687.12119
3521,53033011700,117,Census Tract 117,South Beacon Hill/NewHolly,3.4,2020,0,0,0,0,,,0,,0,37826036.26,29439.62674
3522,53033000500,5,Census Tract 5,Broadview/Bitter Lake,9.1,2020,0,0,0,0,,,0,,0,30294741.05,27094.56678
3523,53033000601,6.01,Census Tract 6.01,Haller Lake,9.5,2020,2.02,1426,0.025380711,0.023689878,Low,Stable,610,,17,15404952.58,20078.95648
3524,53033003500,35,Census Tract 35,Greenwood/Phinney Ridge,9.3,2020,2.61,1289,0.031620553,0.0312,Low,Stable,313,,22,13828061.67,16634.34896
3525,53033001500,15,Census Tract 15,North Beach/Blue Ridge,10.1,2020,1.04,1202,0.019607843,0.010933558,Low,Stable,64,,5,12300447.06,13960.37955
3526,53033001400,14,Census Tract 14,North Beach/Blue Ridge,10.1,2020,1.99,1588,0.020512821,0.015994882,Low,Stable,433,,21,23073388.66,30536.33745
3527,53033001300,13,Census Tract 13,Licton Springs,9.2,2020,1.95,1215,-0.005102041,-0.001643385,Low,Decline,954,,75,12710036.99,14881.08705
3528,53033003800,38,Census Tract 38,Ravenna/Bryant,7.3,2020,3.52,1804,-0.022222222,-0.02062975,High,Decline,159,,6,6722791.394,10392.53155
3529,53033007001,70.01,Census Tract 70.01,Queen Anne,12.3,2020,2.56,1525,0.015873016,0.018024032,Medium,Stable,1377,,50,3856290.05,9530.302569
3530,53033004800,48,Census Tract 48,Fremont,11.1,2020,2.6,1557,-0.061371841,-0.058076225,Medium,Decline,350,,29,13833886.82,18822.23657
3531,53033005100,51,Census Tract 51,Wallingford,11.2,2020,2.88,1263,-0.020408163,-0.020170675,Medium,Decline,350,,24,9490350.153,13462.59155
3532,53033008200,82,Census Tract 82,First Hill,6.1,2020,3.18,2420,-0.070175439,-0.07208589,High,Decline,2009,,15,4044773.826,9102.140341
3533,53033010101,101.01,Census Tract 101.01,Columbia City,4.2,2020,2.95,1567,0.027874564,0.022178735,Medium,Stable,319,,10,9381810.131,15311.65671
3534,53033012100,121,Census Tract 121,Arbor Heights,1.1,2020,0,0,0,0,,,0,,0,18538900.93,25983.61624
3535,53033011901,119.01,Census Tract 119.01,Rainier Beach,4.1,2020,0,0,0,0,,,0,,0,18097640.74,20485.64554
3536,53033000602,6.02,Census Tract 6.02,Haller Lake,9.5,2020,1.89,1619,-0.045454545,-0.043709392,Low,Decline,396,,9,25947507.86,23221.70475
3537,53033000201,2.01,Census Tract 2.01,Olympic Hills/Victory Heights,8.2,2020,1.79,1467,0.005617978,0.008247423,Low,Stable,873,,13,19446176.32,18651.57808
3538,53033003302,33.02,Census Tract 33.02,Whittier Heights,10.2,2020,2.26,1481,0.008928571,0.008168822,Low,Stable,552,,57,6749336.486,10550.81793
3539,53033005304,53.04,Census Tract 53.04,University District,7.2,2020,0,0,0,0,,,0,,0,786047.0981,4083.126066
3540,53033004202,42.02,Census Tract 42.02,Ravenna/Bryant,7.3,2020,2.95,2040,0.013745704,0.011904762,High,Stable,115,,6,13141688.45,15651.66637
3541,53033007404,74.04,Census Tract 74.04,Capitol Hill,6.2,2020,2.77,1619,0.003623188,0.00496586,Medium,Stable,1389,,64,1654579.828,5775.699987
3542,53033006701,67.01,Census Tract 67.01,Queen Anne,12.3,2020,2.61,1942,-0.174050633,-0.173968524,High,Decline,2319,,23,3639833.178,12143.77924
3543,53033007800,78,Census Tract 78,Madrona/Leschi,5.1,2020,2.23,1728,0.009049774,0.011709602,Medium,Stable,91,,6,22245158.16,28746.37352
3544,53033007503,75.03,Census Tract 75.03,Capitol Hill,6.2,2020,2.69,1729,-0.167182663,-0.167148362,Medium,Decline,1721,,25,2018614.368,6484.389482
3545,53033007201,72.01,Census Tract 72.01,Cascade/Eastlake,11.3,2020,2.97,1987,-0.088957055,-0.086436782,High,Decline,2271,,15,1622558.9,5873.216511
3546,53033007203,72.03,Census Tract 72.03,Cascade/Eastlake,11.3,2020,3.39,2413,-0.068681319,-0.068339768,High,Decline,1770,,16,6238804.943,12493.9648
3547,53033010301,103.01,Census Tract 103.01,Columbia City,4.2,2020,1.74,1525,0.005780347,0.008597884,Low,Stable,52,,4,10792262.46,16924.36851
3548,53033009900,99,Census Tract 99,North Delridge,2.1,2020,2.69,1564,-0.007380074,-0.0082435,Medium,Decline,990,,25,70254374.71,64633.66158
3549,53033009500,95,Census Tract 95,Mt. Baker/North Rainier,4.4,2020,2.88,1359,0.003484321,0.003692762,Medium,Stable,170,,14,27424305.67,29618.2113
3550,53033009400,94,Census Tract 94,North Beacon Hill/Jefferson Park,3.6,2020,3.02,1730,-0.006578947,-0.003456221,High,Decline,689,,55,18150625.68,18874.58318
3551,53033011801,118.01,Census Tract 118.01,Rainier Beach,4.1,2020,1.78,1257,0.011363636,0.011263073,Low,Stable,258,,12,12671173.51,15849.81354
3552,53033011602,116.02,Census Tract 116.02,Fauntleroy/Seaview,1.2,2020,2.03,1400,0.035714286,0.033210332,Low,Stable,113,,13,16924173.23,24704.04057
3553,53033011401,114.01,Census Tract 114.01,Roxhill/Westwood,2.4,2020,2.02,1765,-0.094170404,-0.098109351,Medium,Decline,565,,6,13273369.14,17478.05916
3554,53033010701,107.01,Census Tract 107.01,High Point,2.2,2020,1.85,1572,-0.041450777,-0.041463415,Low,Decline,214,,5,15726285.72,21302.36518
3555,53033010602,106.02,Census Tract 106.02,Fauntleroy/Seaview,1.2,2020,2.19,1450,0.018604651,0.016830295,Low,Stable,374,,23,15462014.06,23774.94714
3556,53033000900,9,Census Tract 9,Cedar Park/Meadowbrook,8.3,2020,0,0,0,0,,,0,,0,10031158.89,20828.1662
3557,53033000402,4.02,Census Tract 4.02,Broadview/Bitter Lake,9.1,2020,1.93,1295,0.026595745,0.024525316,Low,Stable,589,,28,19362220.52,21397.1753
3558,53033000300,3,Census Tract 3,Haller Lake,9.5,2020,1.44,1090,0.014084507,0.014897579,Low,Stable,83,,7,13033864.6,17298.02954
3559,53033003202,32.02,Census Tract 32.02,Sunset Hill/Loyal Heights,10.3,2020,2.46,1666,0.008196721,0.007864489,Medium,Stable,387,,35,10289818.46,12945.39486
3560,53033003000,30,Census Tract 30,Whittier Heights,10.2,2020,2.48,1553,0.016393443,0.01503268,Medium,Stable,354,,27,16072222.01,16061.94762
3561,53033001701,17.01,Census Tract 17.01,Greenwood/Phinney Ridge,9.3,2020,2.93,1841,0.003424658,0.00436443,High,Stable,709,,35,9609026.085,17164.45478
3562,53033001600,16,Census Tract 16,North Beach/Blue Ridge,10.1,2020,3.07,1840,-0.016025641,-0.013933548,High,Decline,222,,14,20575392.71,23147.64598
3563,53033002100,21,Census Tract 21,Wedgwood/View Ridge,7.4,2020,3.34,1316,-0.020527859,-0.017910448,Medium,Decline,483,,17,14696796.74,16139.92186
3564,53033003900,39,Census Tract 39,Wedgwood/View Ridge,7.4,2020,1.83,1248,0.016666667,0.014634146,Low,Stable,108,,8,10481334.98,13200.90921
3565,53033007102,71.02,Census Tract 71.02,Queen Anne,12.3,2020,2.91,1895,-0.058252427,-0.057682745,High,Decline,1435,,28,3615500.898,11499.94075
3566,53033006702,67.02,Census Tract 67.02,Queen Anne,12.3,2020,2.7,1843,-0.221902017,-0.221377271,High,Decline,1281,,34,3280147.995,8593.864905
3567,53033005401,54.01,Census Tract 54.01,Fremont,11.1,2020,3.07,1976,-0.080838323,-0.080502559,High,Decline,1181,,38,7892270.588,19740.10787
3568,53033008004,80.04,Census Tract 80.04,Belltown,13.1,2020,2.7,2065,-0.090909091,-0.092706503,High,Decline,1067,,10,2908326.633,14944.97959
3569,53033008003,80.03,Census Tract 80.03,Belltown,13.1,2020,2.81,1840,-0.132716049,-0.13166588,High,Decline,1361,,13,2122043.711,8720.999421
3570,53033008402,84.02,Census Tract 84.02,Capitol Hill,6.2,2020,2.86,1746,-0.023890785,-0.024035774,High,Decline,1968,,41,1565507.715,5220.868487
3571,53033007303,73.03,Census Tract 73.03,Cascade/Eastlake,11.3,2020,3.52,2862,-0.108860759,-0.108966376,High,Decline,2365,,11,3374596.393,7984.863522
3572,53033010002,100.02,Census Tract 100.02,North Beacon Hill/Jefferson Park,3.6,2020,2.41,1503,-0.028225806,-0.027184466,Medium,Decline,532,,22,10204645.64,13732.76539
3573,53033011902,119.02,Census Tract 119.02,Rainier Beach,4.1,2020,0,0,0,0,,,0,,0,16290813.63,28897.59863
3574,53033011802,118.02,Census Tract 118.02,Rainier Beach,4.1,2020,2.09,1281,0.154696133,0.156137184,Low,Significant Rise,67,High,3,12323056.74,17201.54679
3575,53033004703,47.03,Census Tract 47.03,Ballard,10.4,2020,2.71,1515,-0.065517241,-0.066543438,Medium,Decline,1108,,56,13030918.14,18718.85939
3576,53033001000,10,Census Tract 10,Cedar Park/Meadowbrook,8.3,2020,1.95,1491,0.020942408,0.021232877,Low,Stable,122,,5,10270271.69,13147.0306
3577,53033000403,4.03,Census Tract 4.03,Broadview/Bitter Lake,9.1,2020,1.87,1407,-0.010582011,-0.007057163,Low,Decline,454,,12,7881185.923,14097.02669
3578,53033003201,32.01,Census Tract 32.01,Sunset Hill/Loyal Heights,10.3,2020,2.67,1718,-0.149681529,-0.147394541,Medium,Decline,1069,,29,11927788.62,32094.50339
3579,53033004600,46,Census Tract 46,Green Lake,9.4,2020,2.19,1370,0.00921659,0.010324484,Low,Stable,65,,7,27829368.76,25514.224
3580,53033004702,47.02,Census Tract 47.02,Ballard,10.4,2020,2.85,1719,-0.059405941,-0.057565789,High,Decline,1695,,45,2867507.734,6956.449675
3581,53033002700,27,Census Tract 27,Green Lake,9.4,2020,2.2,1603,0.013824885,0.010718789,Low,Stable,354,,24,17058079.28,21942.83528
3582,53033001800,18,Census Tract 18,Licton Springs,9.2,2020,2.03,1421,0.004950495,0.003531073,Low,Stable,762,,65,10182882.27,13946.10003
3583,53033005202,52.02,Census Tract 52.02,Wallingford,11.2,2020,2.7,1565,-0.049295775,-0.046894032,Medium,Decline,1573,,54,2865193.636,7845.303217
3584,53033005303,53.03,Census Tract 53.03,University District,7.2,2020,0,0,0,0,,,0,,0,24349784.49,33904.62137
3585,53033004402,44.02,Census Tract 44.02,University District,7.2,2020,2.87,1437,0.014134276,0.014114326,Medium,Stable,1310,,66,3175021.433,7487.979857
3586,53033004401,44.01,Census Tract 44.01,University District,7.2,2020,2.91,1336,-0.052117264,-0.051136364,Medium,Decline,521,,30,7479571.761,12948.97514
3587,53033005307,53.07,Census Tract 53.07,University District,7.2,2020,3.09,1295,0.006514658,-0.000771605,Medium,Stable,413,,20,1399526.48,4758.85069
3588,53033004101,41.01,Census Tract 41.01,Laurelhurst/Sand Point,7.5,2020,1.8,1180,0.011235955,0.009409752,Low,Stable,71,,3,16716852.66,24230.15794
3589,53033005402,54.02,Census Tract 54.02,Fremont,11.1,2020,2.89,1782,-0.052459016,-0.04909285,High,Decline,924,,43,4993141.865,10063.79785
3590,53033007700,77,Census Tract 77,Central Area/Squire Park,5.3,2020,3.31,1478,0.009146341,0.009562842,High,Stable,468,,23,11391208.22,15242.20976
3591,53033007502,75.02,Census Tract 75.02,Capitol Hill,6.2,2020,2.89,1716,-0.052459016,-0.052457206,High,Decline,1808,,65,3400503.555,7403.629293
3592,53033007600,76,Census Tract 76,Miller Park,6.4,2020,2.89,1681,-0.026936027,-0.027761712,High,Decline,1061,,57,6155389.389,9906.368336
3593,53033010200,102,Census Tract 102,Seward Park,4.3,2020,1.85,1286,0.010928962,0.008627451,Low,Stable,76,,4,30129079.21,33439.4694
3594,53033010401,104.01,Census Tract 104.01,Beacon Hill,3.5,2020,0,0,0,0,,,0,,0,17543421.03,17342.9302
3595,53033010402,104.02,Census Tract 104.02,Beacon Hill,3.5,2020,1.82,1386,0.005524862,0.005805515,Low,Stable,71,,5,18759692.89,18925.04301
3596,53033010501,105.01,Census Tract 105.01,West Seattle Junction/Genesee Hill,1.3,2020,2.57,1802,-0.044609665,-0.044538706,Medium,Decline,1624,,20,7986746.715,12490.0968
3597,53033010102,101.02,Census Tract 101.02,Columbia City,4.2,2020,0,0,0,0,,,0,,0,17314610.04,22274.17077
3598,53033009802,98.02,Census Tract 98.02,West Seattle Junction/Genesee Hill,1.3,2020,3.01,1750,0.006688963,0.00286533,High,Stable,390,,21,9927510.523,12982.75493
3599,53033009000,90,Census Tract 90,Judkins Park,5.2,2020,2.46,1663,-0.046511628,-0.046444954,Medium,Decline,768,,18,9212173.197,14319.10299
3600,53033026400,264,Census Tract 264,South Park,3.1,2020,0,0,0,0,,,0,,0,461382.0486,5763.407674
3601,53033001201,12.01,Census Tract 12.01,Northgate/Maple Leaf,8.1,2021,2.34,1667,0.063636364,0.063137755,Medium,Rise,1230,Medium,22,10851861.64,15899.77334
3602,53033000404,4.04,Census Tract 4.04,Broadview/Bitter Lake,9.1,2021,2.24,1815,0.082125604,0.081644815,Medium,Rise,509,Medium,7,6791652.724,12962.55841
3603,53033004901,49.01,Census Tract 49.01,Fremont,11.1,2021,2.51,1483,0.012096774,0.008843537,Low,Stable,991,,108,5350888.215,9379.655767
3604,53033003601,36.01,Census Tract 36.01,Green Lake,9.4,2021,3.09,1763,0.069204152,0.067837674,High,Rise,860,,40,7255879.068,11894.28889
3605,53033002800,28,Census Tract 28,Greenwood/Phinney Ridge,9.3,2021,2.17,1365,0.009302326,0.011860638,Low,Stable,350,,34,10637151.82,13201.3113
3606,53033003100,31,Census Tract 31,Sunset Hill/Loyal Heights,10.3,2021,2.01,1385,0.015151515,0.01316752,Low,Stable,112,,15,23137464.05,24704.5678
3607,53033006400,64,Census Tract 64,Miller Park,6.4,2021,2.3,1944,0.026785714,0.026941363,Medium,Stable,103,,5,9726351.904,13186.77018
3608,53033004301,43.01,Census Tract 43.01,Ravenna/Bryant,7.3,2021,3.71,2393,0.045070423,0.045891608,High,Stable,312,,9,10539780.57,17192.70375
3609,53033002500,25,Census Tract 25,Ravenna/Bryant,7.3,2021,2.76,2001,0.00729927,0.005022602,High,Stable,64,,3,10594634.3,16442.96859
3610,53033002200,22,Census Tract 22,Wedgwood/View Ridge,7.4,2021,2.78,2371,0.263636364,0.265208111,High,Significant Rise,164,,6,30127208.02,28505.80679
3611,53033004000,40,Census Tract 40,Laurelhurst/Sand Point,7.5,2021,1.8,1214,0.005586592,0.003305785,Low,Stable,69,,3,26374983.68,27560.01384
3612,53033005804,58.04,Census Tract 58.04,Interbay,12.2,2021,2.8,1864,0.076923077,0.071880391,Medium,Rise,1064,Medium,38,25124062.74,48668.27224
3613,53033006800,68,Census Tract 68,Queen Anne,12.3,2021,3.77,2500,0.030054645,0.027538019,High,Stable,543,,26,7729250.272,11275.37735
3614,53033008102,81.02,Census Tract 81.02,Downtown Commercial Core,13.2,2021,4.13,3623,0.081151832,0.082461906,High,Rise,1310,,9,5987812.086,14339.99503
3615,53033008101,81.01,Census Tract 81.01,Downtown Commercial Core,13.2,2021,3.08,2683,0.132352941,0.130636325,High,Significant Rise,1054,,6,2992165.479,11427.14676
3616,53033007902,79.02,Census Tract 79.02,Central Area/Squire Park,5.3,2021,2.91,1990,0.073800738,0.073934161,High,Rise,1212,,22,4641637.8,9715.120877
3617,53033007302,73.02,Census Tract 73.02,Cascade/Eastlake,11.3,2021,3.84,3108,0.122807018,0.123238164,High,Significant Rise,2391,,7,3368769.265,7802.426354
3618,53033007101,71.01,Census Tract 71.01,Queen Anne,12.3,2021,3.12,2081,0.079584775,0.079916969,High,Rise,1836,,29,5328474.607,9004.947227
3619,53033009300,93,Census Tract 93,Duwamish/SODO,3.3,2021,2.99,2144,0.06405694,0.064548163,High,Rise,780,,14,102171584.8,53946.37345
3620,53033010502,105.02,Census Tract 105.02,West Seattle Junction/Genesee Hill,1.3,2021,2.59,1754,0.092827004,0.094198378,Medium,Rise,1428,Medium,28,10504351.34,14546.13624
3621,53033010001,100.01,Census Tract 100.01,North Beacon Hill/Jefferson Park,3.6,2021,2.62,1665,0.124463519,0.125,Medium,Significant Rise,596,High,20,25052474.61,25628.92453
3622,53033009801,98.01,Census Tract 98.01,West Seattle Junction/Genesee Hill,1.3,2021,2.84,1907,0.105058366,0.105507246,Medium,Significant Rise,537,High,22,10814248.94,13291.54908
3623,53033008900,89,Census Tract 89,Madrona/Leschi,5.1,2021,3.23,2225,0.368644068,0.366707617,High,Significant Rise,852,,19,13690717.17,19328.7464
3624,53033026300,263,Census Tract 263,Rainier Beach,4.1,2021,0,0,0,0,,,0,,0,30724.63332,954.0480244
3625,53033012000,120,Census Tract 120,Arbor Heights,1.1,2021,0,0,0,0,,,0,,0,15560990.44,16787.97428
3626,53033011101,111.01,Census Tract 111.01,Columbia City,4.2,2021,2.69,1734,0.093495935,0.08919598,Medium,Rise,954,Medium,15,12236718.08,15552.07435
3627,53033011001,110.01,Census Tract 110.01,South Beacon Hill/NewHolly,3.4,2021,0,0,0,0,,,0,,0,11629041.07,16287.35531
3628,53033010800,108,Census Tract 108,Riverview,2.3,2021,1.85,1292,0.010928962,0.007800312,Low,Stable,59,,3,44087445.22,39019.3475
3629,53033000800,8,Census Tract 8,Cedar Park/Meadowbrook,8.3,2021,0,0,0,0,,,0,,0,12290810.02,15312.08746
3630,53033003400,34,Census Tract 34,Greenwood/Phinney Ridge,9.3,2021,1.55,955,0.006493506,0.006322445,Low,Stable,93,,9,8472471.715,12629.32293
3631,53033005306,53.06,Census Tract 53.06,University District,7.2,2021,2.96,1638,0.108614232,0.106009453,Medium,Significant Rise,836,High,20,2157906.058,5954.872623
3632,53033004302,43.02,Census Tract 43.02,Ravenna/Bryant,7.3,2021,3.28,1990,0.075409836,0.072198276,High,Rise,1075,,62,3564115.67,7987.274419
3633,53033002400,24,Census Tract 24,Wedgwood/View Ridge,7.4,2021,0,0,0,0,,,0,,0,10359919.78,13151.71252
3634,53033004102,41.02,Census Tract 41.02,Laurelhurst/Sand Point,7.5,2021,2.75,1949,0.022304833,0.025249868,Medium,Stable,487,,7,17933927.27,23350.80029
3635,53033005600,56,Census Tract 56,Magnolia,12.1,2021,0,0,0,0,,,0,,0,32045056.14,29943.50553
3636,53033006703,67.03,Census Tract 67.03,Queen Anne,12.3,2021,2.63,2008,0.095833333,0.089527944,Medium,Rise,608,Medium,35,6427171.884,10846.49304
3637,53033006100,61,Census Tract 61,Montlake/Portage Bay,7.1,2021,3.04,1767,0.034013605,0.033333333,Medium,Stable,1496,,87,11959193.74,21477.26483
3638,53033005700,57,Census Tract 57,Magnolia,12.1,2021,2.04,1532,0.00990099,0.009887937,Low,Stable,352,,28,53305584.43,44506.56554
3639,53033005901,59.01,Census Tract 59.01,Queen Anne,12.3,2021,2.66,1687,0.131914894,0.120930233,Medium,Significant Rise,389,High,29,8449086.719,19075.29242
3640,53033008401,84.01,Census Tract 84.01,Capitol Hill,6.2,2021,3.3,2111,0.161971831,0.163726571,High,Significant Rise,1921,,24,2700766.609,9275.818268
3641,53033008300,83,Census Tract 83,First Hill,6.1,2021,3.08,2084,0.084507042,0.08485164,High,Rise,1196,,14,2561276.498,8632.134894
3642,53033007501,75.01,Census Tract 75.01,Capitol Hill,6.2,2021,3,1725,0.023890785,0.023131673,Medium,Stable,1970,,90,3210519.937,7219.623642
3643,53033009702,97.02,Census Tract 97.02,West Seattle Junction/Genesee Hill,1.3,2021,2.44,1574,0.070175439,0.067842605,Low,Rise,105,Medium,7,23899907.43,28258.76257
3644,53033008800,88,Census Tract 88,Central Area/Squire Park,5.3,2021,2.92,1849,0.024561404,0.024944568,Medium,Stable,320,,30,10210038.86,13202.52686
3645,53033008500,85,Census Tract 85,First Hill,6.1,2021,3.32,2200,0.081433225,0.078960275,High,Rise,1556,,21,4854121.319,9025.581615
3646,53033026500,265,Census Tract 265,Highland Park,2.5,2021,0,0,0,0,,,0,,0,4617675.483,11234.96478
3647,53033011601,116.01,Census Tract 116.01,Fauntleroy/Seaview,1.2,2021,1.5,1042,0.006711409,0.008712488,Low,Stable,80,,6,16710842.89,20011.96599
3648,53033011300,113,Census Tract 113,Highland Park,2.5,2021,1.96,1579,0.02617801,0.025990903,Low,Stable,334,,17,37260682.97,27184.16139
3649,53033011500,115,Census Tract 115,Roxhill/Westwood,2.4,2021,2.05,1462,0.045918367,0.049533381,Low,Stable,250,,12,16558652.75,19887.30894
3650,53033010601,106.01,Census Tract 106.01,Fauntleroy/Seaview,1.2,2021,2.53,1550,0.007968127,0.009771987,Medium,Stable,388,,26,11724162.32,14458.83704
3651,53033001202,12.02,Census Tract 12.02,Northgate/Maple Leaf,8.1,2021,2.78,2043,0.098814229,0.098387097,High,Significant Rise,1221,,14,8841145.884,13324.99009
3652,53033000102,1.02,Census Tract 1.02,Cedar Park/Meadowbrook,8.3,2021,2.38,1720,0.057777778,0.056511057,Medium,Rise,770,Medium,17,15446821.48,19552.36233
3653,53033004701,47.01,Census Tract 47.01,Ballard,10.4,2021,2.94,2038,0.109433962,0.108813928,High,Significant Rise,1486,,54,6036028.326,13539.04763
3654,53033004500,45,Census Tract 45,Wallingford,11.2,2021,2.23,1948,0.009049774,0.007759959,Medium,Stable,53,,3,7222109.888,11018.30209
3655,53033002900,29,Census Tract 29,Greenwood/Phinney Ridge,9.3,2021,2.17,1562,0.009302326,0.014944769,Low,Stable,286,,25,10614791.11,13366.31967
3656,53033004201,42.01,Census Tract 42.01,Ravenna/Bryant,7.3,2021,1.89,1662,0.005319149,0.003623188,Low,Stable,178,,10,13390664.27,18286.14392
3657,53033007403,74.03,Census Tract 74.03,Capitol Hill,6.2,2021,2.88,1710,0.074626866,0.075471698,Medium,Rise,1586,Medium,52,1276089.069,5227.495287
3658,53033007002,70.02,Census Tract 70.02,Queen Anne,12.3,2021,2.84,1830,0.063670412,0.060869565,Medium,Rise,1824,Medium,75,4746869.846,9490.799057
3659,53033005803,58.03,Census Tract 58.03,Interbay,12.2,2021,1.98,1429,0.015384615,0.015636105,Low,Stable,382,,32,8956173.425,17129.19881
3660,53033005902,59.02,Census Tract 59.02,Queen Anne,12.3,2021,2.09,1607,0.009661836,0.011964736,Low,Stable,103,,10,11010649.89,15184.22057
3661,53033004902,49.02,Census Tract 49.02,Fremont,11.1,2021,3.14,1831,0.090277778,0.090530077,High,Rise,963,,66,6448262.34,10801.73149
3662,53033005801,58.01,Census Tract 58.01,Interbay,12.2,2021,2.31,2021,0.09478673,0.095392954,Medium,Rise,1305,Medium,45,19618424.24,25500.01395
3663,53033007406,74.06,Census Tract 74.06,Capitol Hill,6.2,2021,2.87,1498,0.036101083,0.037396122,Medium,Stable,1274,,44,1623443.827,6764.477241
3664,53033007405,74.05,Census Tract 74.05,Capitol Hill,6.2,2021,2.82,1544,0.056179775,0.055365687,Medium,Rise,1505,Medium,52,1418974.042,5012.79869
3665,53033009701,97.01,Census Tract 97.01,Alki/Admiral,1.4,2021,2.05,1715,0.009852217,0.010606953,Low,Stable,400,,36,19291172.12,29764.00034
3666,53033009600,96,Census Tract 96,Alki/Admiral,1.4,2021,2.02,1604,0.015075377,0.017121116,Low,Stable,469,,35,19741501.65,20745.406
3667,53033008700,87,Census Tract 87,Central Area/Squire Park,5.3,2021,2.68,1545,0.042801556,0.039703903,Medium,Stable,594,,43,7883013.17,11432.38421
3668,53033011402,114.02,Census Tract 114.02,Roxhill/Westwood,2.4,2021,2.31,1390,0.017621145,0.017569546,Low,Stable,510,,26,12779277.86,17351.05501
3669,53033011200,112,Census Tract 112,South Park,3.1,2021,1.43,864,0.007042254,0.008168028,Low,Stable,175,,15,26463890.03,27002.33758
3670,53033010900,109,Census Tract 109,Georgetown,3.2,2021,2.51,1257,0.008032129,0.008019246,Low,Stable,110,,11,51677122.71,44978.75384
3671,53033011002,110.02,Census Tract 110.02,South Beacon Hill/NewHolly,3.4,2021,0,0,0,0,,,0,,0,18508908.46,22511.12676
3672,53033011102,111.02,Census Tract 111.02,Seward Park,4.3,2021,2,1332,0.03626943,0.034965035,Low,Stable,450,,22,13970026.69,20411.17006
3673,53033010702,107.02,Census Tract 107.02,High Point,2.2,2021,2.61,1841,0.065306122,0.066010423,Medium,Rise,114,Medium,2,8396926.793,14935.93024
3674,53033001100,11,Census Tract 11,Olympic Hills/Victory Heights,8.2,2021,1.91,1427,0.143712575,0.13886672,Low,Significant Rise,188,High,11,11416399.59,14159.12735
3675,53033000700,7,Census Tract 7,Olympic Hills/Victory Heights,8.2,2021,2.12,1493,0.076142132,0.069484241,Low,Rise,980,Medium,55,13932242.39,16134.02991
3676,53033000202,2.02,Census Tract 2.02,Olympic Hills/Victory Heights,8.2,2021,2.03,1622,0.085561497,0.084224599,Low,Rise,182,Medium,5,15930118.49,17285.82737
3677,53033000101,1.01,Census Tract 1.01,Cedar Park/Meadowbrook,8.3,2021,2.08,1482,0.04,0.040730337,Low,Stable,1353,,34,4465058.881,8662.074215
3678,53033003301,33.01,Census Tract 33.01,Whittier Heights,10.2,2021,2.79,1675,0.08984375,0.088369071,Medium,Rise,832,Medium,63,7202858.493,11177.18133
3679,53033003602,36.02,Census Tract 36.02,Green Lake,9.4,2021,3.2,1863,0.077441077,0.079374276,High,Rise,2560,,57,5621886.085,11471.09438
3680,53033001900,19,Census Tract 19,Northgate/Maple Leaf,8.1,2021,2.95,2166,0.064981949,0.065944882,High,Rise,516,,9,17945171.52,18948.48127
3681,53033001702,17.02,Census Tract 17.02,Greenwood/Phinney Ridge,9.3,2021,0,0,0,0,,,0,,0,13779275.76,17476.40751
3682,53033006500,65,Census Tract 65,North Capitol Hill,6.3,2021,2.78,1835,0.037313433,0.036723164,Medium,Stable,1172,,77,12352257.76,17921.50133
3683,53033006200,62,Census Tract 62,Montlake/Portage Bay,7.1,2021,0,0,0,0,,,0,,0,24610619.74,40010.59926
3684,53033005305,53.05,Census Tract 53.05,University District,7.2,2021,3.15,1520,0.082474227,0.08339273,Medium,Rise,1267,Medium,38,2292236.616,6048.609222
3685,53033002600,26,Census Tract 26,Ravenna/Bryant,7.3,2021,3.03,1886,0.089928058,0.09017341,High,Rise,755,,8,13398040.18,15933.9379
3686,53033002000,20,Census Tract 20,Northgate/Maple Leaf,8.1,2021,2.19,1641,0.068292683,0.068359375,Low,Rise,206,Medium,9,12183878.82,15509.54571
3687,53033006300,63,Census Tract 63,Madison Park,6.5,2021,2.59,1963,0.079166667,0.075616438,Medium,Rise,578,Medium,20,27750333.4,36285.84892
3688,53033006600,66,Census Tract 66,Cascade/Eastlake,11.3,2021,2.81,1870,0.064393939,0.06613455,Medium,Rise,1760,Medium,85,11110296.85,21995.1063
3689,53033006900,69,Census Tract 69,Queen Anne,12.3,2021,2.43,1597,-0.012195122,-0.009305211,Low,Decline,493,,35,9742176.65,15666.54395
3690,53033006000,60,Census Tract 60,Queen Anne,12.3,2021,2.66,1963,0.019157088,0.020800832,Medium,Stable,852,,56,14158764.71,19123.03263
3691,53033005201,52.01,Census Tract 52.01,Wallingford,11.2,2021,3.4,1568,0.140939597,0.140363636,High,Significant Rise,719,,26,7536632.481,14175.92406
3692,53033005000,50,Census Tract 50,Wallingford,11.2,2021,3.02,1896,0.063380282,0.061590146,High,Rise,1211,,68,8151942.295,11560.14801
3693,53033008600,86,Census Tract 86,First Hill,6.1,2021,3.16,1718,0.112676056,0.111254851,High,Significant Rise,2386,,56,7656616.626,11640.72061
3694,53033008002,80.02,Census Tract 80.02,Belltown,13.1,2021,3.64,2596,0.080118694,0.079866889,High,Rise,1958,,17,2522029.808,7998.382466
3695,53033007901,79.01,Census Tract 79.01,Central Area/Squire Park,5.3,2021,2.63,1685,0.073469388,0.069162437,Medium,Rise,1053,Medium,50,2876299.502,7879.404339
3696,53033007202,72.02,Census Tract 72.02,Cascade/Eastlake,11.3,2021,3.85,2846,0.1,0.102246321,High,Significant Rise,2195,,14,3020075.663,7591.701883
3697,53033007301,73.01,Census Tract 73.01,Cascade/Eastlake,11.3,2021,3.2,2254,0.203007519,0.204703367,High,Significant Rise,2365,,17,2699344.108,7422.610693
3698,53033010302,103.02,Census Tract 103.02,Columbia City,4.2,2021,2.83,1980,0.05204461,0.049840933,High,Rise,1304,,24,6804418.751,11267.2532
3699,53033009100,91,Census Tract 91,Pioneer Square/International District,13.3,2021,3.06,1947,0.096774194,0.095666854,High,Significant Rise,1521,,16,4419685.266,10608.38541
3700,53033009200,92,Census Tract 92,Pioneer Square/International District,13.3,2021,3.05,1808,0.077738516,0.076831447,High,Rise,486,,12,3456088.55,12687.12119
3701,53033011700,117,Census Tract 117,South Beacon Hill/NewHolly,3.4,2021,0,0,0,0,,,0,,0,37826036.26,29439.62674
3702,53033000500,5,Census Tract 5,Broadview/Bitter Lake,9.1,2021,0,0,0,0,,,0,,0,30294741.05,27094.56678
3703,53033000601,6.01,Census Tract 6.01,Haller Lake,9.5,2021,2.1,1485,0.03960396,0.041374474,Low,Stable,610,,17,15404952.58,20078.95648
3704,53033003500,35,Census Tract 35,Greenwood/Phinney Ridge,9.3,2021,2.74,1349,0.049808429,0.046547711,Low,Rise,313,Medium,22,13828061.67,16634.34896
3705,53033001500,15,Census Tract 15,North Beach/Blue Ridge,10.1,2021,1.04,1209,0,0.005823627,Low,Stable,64,,5,12300447.06,13960.37955
3706,53033001400,14,Census Tract 14,North Beach/Blue Ridge,10.1,2021,2.04,1623,0.025125628,0.022040302,Low,Stable,433,,21,23073388.66,30536.33745
3707,53033001300,13,Census Tract 13,Licton Springs,9.2,2021,2.03,1260,0.041025641,0.037037037,Low,Stable,973,,76,12710036.99,14881.08705
3708,53033003800,38,Census Tract 38,Ravenna/Bryant,7.3,2021,3.64,1865,0.034090909,0.033813747,High,Stable,159,,6,6722791.394,10392.53155
3709,53033007001,70.01,Census Tract 70.01,Queen Anne,12.3,2021,2.58,1532,0.0078125,0.004590164,Medium,Stable,1377,,50,3856290.05,9530.302569
3710,53033004800,48,Census Tract 48,Fremont,11.1,2021,2.87,1711,0.103846154,0.098908157,Medium,Significant Rise,388,High,30,13833886.82,18822.23657
3711,53033005100,51,Census Tract 51,Wallingford,11.2,2021,2.89,1267,0.003472222,0.003167063,Low,Stable,350,,24,9490350.153,13462.59155
3712,53033008200,82,Census Tract 82,First Hill,6.1,2021,3.44,2623,0.081761006,0.083884298,High,Rise,2009,,15,4044773.826,9102.140341
3713,53033010101,101.01,Census Tract 101.01,Columbia City,4.2,2021,3.09,1639,0.047457627,0.045947671,Medium,Stable,345,,11,9381810.131,15311.65671
3714,53033012100,121,Census Tract 121,Arbor Heights,1.1,2021,0,0,0,0,,,0,,0,18538900.93,25983.61624
3715,53033011901,119.01,Census Tract 119.01,Rainier Beach,4.1,2021,0,0,0,0,,,0,,0,18097640.74,20485.64554
3716,53033000602,6.02,Census Tract 6.02,Haller Lake,9.5,2021,2.04,1742,0.079365079,0.075972823,Low,Rise,396,Medium,9,25947507.86,23221.70475
3717,53033000201,2.01,Census Tract 2.01,Olympic Hills/Victory Heights,8.2,2021,1.92,1572,0.072625698,0.071574642,Low,Rise,873,Medium,13,19446176.32,18651.57808
3718,53033003302,33.02,Census Tract 33.02,Whittier Heights,10.2,2021,2.3,1504,0.017699115,0.015530047,Low,Stable,552,,57,6749336.486,10550.81793
3719,53033005304,53.04,Census Tract 53.04,University District,7.2,2021,0,0,0,0,,,0,,0,786047.0981,4083.126066
3720,53033004202,42.02,Census Tract 42.02,Ravenna/Bryant,7.3,2021,2.98,2061,0.010169492,0.010294118,High,Stable,115,,6,13141688.45,15651.66637
3721,53033007404,74.04,Census Tract 74.04,Capitol Hill,6.2,2021,2.78,1623,0.003610108,0.002470661,Medium,Stable,1389,,64,1654579.828,5775.699987
3722,53033006701,67.01,Census Tract 67.01,Queen Anne,12.3,2021,3.13,2324,0.199233716,0.196704428,High,Significant Rise,2319,,23,3639833.178,12143.77924
3723,53033007800,78,Census Tract 78,Madrona/Leschi,5.1,2021,2.25,1738,0.00896861,0.005787037,Medium,Stable,91,,6,22245158.16,28746.37352
3724,53033007503,75.03,Census Tract 75.03,Capitol Hill,6.2,2021,3.25,2085,0.208178439,0.205899364,High,Significant Rise,1782,,26,2018614.368,6484.389482
3725,53033007201,72.01,Census Tract 72.01,Cascade/Eastlake,11.3,2021,3.32,2219,0.117845118,0.116758933,High,Significant Rise,2271,,15,1622558.9,5873.216511
3726,53033007203,72.03,Census Tract 72.03,Cascade/Eastlake,11.3,2021,3.68,2616,0.085545723,0.084127642,High,Rise,1770,,16,6238804.943,12493.9648
3727,53033010301,103.01,Census Tract 103.01,Columbia City,4.2,2021,1.76,1538,0.011494253,0.00852459,Low,Stable,52,,4,10792262.46,16924.36851
3728,53033009900,99,Census Tract 99,North Delridge,2.1,2021,2.75,1602,0.022304833,0.024296675,Medium,Stable,990,,25,70254374.71,64633.66158
3729,53033009500,95,Census Tract 95,Mt. Baker/North Rainier,4.4,2021,2.92,1378,0.013888889,0.013980868,Medium,Stable,178,,15,27424305.67,29618.2113
3730,53033009400,94,Census Tract 94,North Beacon Hill/Jefferson Park,3.6,2021,3.1,1773,0.026490066,0.024855491,High,Stable,689,,55,18150625.68,18874.58318
3731,53033011801,118.01,Census Tract 118.01,Rainier Beach,4.1,2021,1.79,1267,0.005617978,0.007955449,Low,Stable,258,,12,12671173.51,15849.81354
3732,53033011602,116.02,Census Tract 116.02,Fauntleroy/Seaview,1.2,2021,2.1,1449,0.034482759,0.035,Low,Stable,113,,13,16924173.23,24704.04057
3733,53033011401,114.01,Census Tract 114.01,Roxhill/Westwood,2.4,2021,2.27,1989,0.123762376,0.126912181,Medium,Significant Rise,565,High,6,13273369.14,17478.05916
3734,53033010701,107.01,Census Tract 107.01,High Point,2.2,2021,2.08,1766,0.124324324,0.123409669,Low,Significant Rise,214,High,5,15726285.72,21302.36518
3735,53033010602,106.02,Census Tract 106.02,Fauntleroy/Seaview,1.2,2021,2.22,1470,0.01369863,0.013793103,Low,Stable,389,,24,15462014.06,23774.94714
3736,53033000900,9,Census Tract 9,Cedar Park/Meadowbrook,8.3,2021,0,0,0,0,,,0,,0,10031158.89,20828.1662
3737,53033000402,4.02,Census Tract 4.02,Broadview/Bitter Lake,9.1,2021,1.96,1315,0.015544041,0.015444015,Low,Stable,589,,28,19362220.52,21397.1753
3738,53033000300,3,Census Tract 3,Haller Lake,9.5,2021,1.45,1099,0.006944444,0.008256881,Low,Stable,83,,7,13033864.6,17298.02954
3739,53033003202,32.02,Census Tract 32.02,Sunset Hill/Loyal Heights,10.3,2021,2.46,1673,0,0.004201681,Medium,Stable,387,,35,10289818.46,12945.39486
3740,53033003000,30,Census Tract 30,Whittier Heights,10.2,2021,2.6,1626,0.048387097,0.047005795,Medium,Stable,354,,27,16072222.01,16061.94762
3741,53033001701,17.01,Census Tract 17.01,Greenwood/Phinney Ridge,9.3,2021,3.04,1909,0.037542662,0.036936448,High,Stable,850,,36,9609026.085,17164.45478
3742,53033001600,16,Census Tract 16,North Beach/Blue Ridge,10.1,2021,3.17,1896,0.03257329,0.030434783,High,Stable,222,,14,20575392.71,23147.64598
3743,53033002100,21,Census Tract 21,Wedgwood/View Ridge,7.4,2021,3.5,1381,0.047904192,0.049392097,Medium,Rise,483,Medium,17,14696796.74,16139.92186
3744,53033003900,39,Census Tract 39,Wedgwood/View Ridge,7.4,2021,1.83,1252,0,0.003205128,Low,Stable,108,,8,10481334.98,13200.90921
3745,53033007102,71.02,Census Tract 71.02,Queen Anne,12.3,2021,3.14,2049,0.079037801,0.081266491,High,Rise,1530,,29,3615500.898,11499.94075
3746,53033006702,67.02,Census Tract 67.02,Queen Anne,12.3,2021,3.33,2273,0.233333333,0.233315247,High,Significant Rise,1288,,35,3280147.995,8593.864905
3747,53033005401,54.01,Census Tract 54.01,Fremont,11.1,2021,3.44,2212,0.120521173,0.119433198,High,Significant Rise,1181,,38,7892270.588,19740.10787
3748,53033008004,80.04,Census Tract 80.04,Belltown,13.1,2021,3.04,2328,0.125925926,0.127360775,High,Significant Rise,1067,,10,2908326.633,14944.97959
3749,53033008003,80.03,Census Tract 80.03,Belltown,13.1,2021,3.33,2181,0.185053381,0.185326087,High,Significant Rise,1361,,13,2122043.711,8720.999421
3750,53033008402,84.02,Census Tract 84.02,Capitol Hill,6.2,2021,3.06,1870,0.06993007,0.071019473,High,Rise,1968,,41,1565507.715,5220.868487
3751,53033007303,73.03,Census Tract 73.03,Cascade/Eastlake,11.3,2021,4.09,3325,0.161931818,0.161774983,High,Significant Rise,2478,,12,3374596.393,7984.863522
3752,53033010002,100.02,Census Tract 100.02,North Beacon Hill/Jefferson Park,3.6,2021,2.63,1643,0.091286307,0.093147039,Medium,Rise,671,Medium,23,10204645.64,13732.76539
3753,53033011902,119.02,Census Tract 119.02,Rainier Beach,4.1,2021,0,0,0,0,,,0,,0,16290813.63,28897.59863
3754,53033011802,118.02,Census Tract 118.02,Rainier Beach,4.1,2021,2.3,1408,0.100478469,0.099141296,Low,Significant Rise,67,High,3,12323056.74,17201.54679
3755,53033004703,47.03,Census Tract 47.03,Ballard,10.4,2021,3.13,1751,0.15498155,0.155775578,High,Significant Rise,1108,,56,13030918.14,18718.85939
3756,53033001000,10,Census Tract 10,Cedar Park/Meadowbrook,8.3,2021,2,1524,0.025641026,0.022132797,Low,Stable,122,,5,10270271.69,13147.0306
3757,53033000403,4.03,Census Tract 4.03,Broadview/Bitter Lake,9.1,2021,1.98,1487,0.058823529,0.056858564,Low,Rise,454,Medium,12,7881185.923,14097.02669
3758,53033003201,32.01,Census Tract 32.01,Sunset Hill/Loyal Heights,10.3,2021,3.24,2081,0.213483146,0.2112922,High,Significant Rise,1069,,29,11927788.62,32094.50339
3759,53033004600,46,Census Tract 46,Green Lake,9.4,2021,2.2,1377,0.00456621,0.005109489,Low,Stable,65,,7,27829368.76,25514.224
3760,53033004702,47.02,Census Tract 47.02,Ballard,10.4,2021,3.15,1894,0.105263158,0.101803374,High,Significant Rise,1748,,46,2867507.734,6956.449675
3761,53033002700,27,Census Tract 27,Green Lake,9.4,2021,2.24,1633,0.018181818,0.01871491,Low,Stable,354,,24,17058079.28,21942.83528
3762,53033001800,18,Census Tract 18,Licton Springs,9.2,2021,2.08,1459,0.024630542,0.026741731,Low,Stable,762,,65,10182882.27,13946.10003
3763,53033005202,52.02,Census Tract 52.02,Wallingford,11.2,2021,2.96,1715,0.096296296,0.095846645,Medium,Rise,1649,Medium,56,2865193.636,7845.303217
3764,53033005303,53.03,Census Tract 53.03,University District,7.2,2021,0,0,0,0,,,0,,0,24349784.49,33904.62137
3765,53033004402,44.02,Census Tract 44.02,University District,7.2,2021,2.9,1453,0.010452962,0.011134308,Medium,Stable,1310,,66,3175021.433,7487.979857
3766,53033004401,44.01,Census Tract 44.01,University District,7.2,2021,3.21,1467,0.103092784,0.098053892,Medium,Significant Rise,521,High,30,7479571.761,12948.97514
3767,53033005307,53.07,Census Tract 53.07,University District,7.2,2021,3.13,1306,0.012944984,0.008494208,Medium,Stable,413,,20,1399526.48,4758.85069
3768,53033004101,41.01,Census Tract 41.01,Laurelhurst/Sand Point,7.5,2021,1.8,1182,0,0.001694915,Low,Stable,71,,3,16716852.66,24230.15794
3769,53033005402,54.02,Census Tract 54.02,Fremont,11.1,2021,3.17,1948,0.096885813,0.09315376,High,Rise,924,,43,4993141.865,10063.79785
3770,53033007700,77,Census Tract 77,Central Area/Squire Park,5.3,2021,3.32,1484,0.003021148,0.00405954,Medium,Stable,468,,23,11391208.22,15242.20976
3771,53033007502,75.02,Census Tract 75.02,Capitol Hill,6.2,2021,3.13,1858,0.083044983,0.082750583,High,Rise,2072,,67,3400503.555,7403.629293
3772,53033007600,76,Census Tract 76,Miller Park,6.4,2021,2.99,1744,0.034602076,0.037477692,Medium,Stable,1061,,57,6155389.389,9906.368336
3773,53033010200,102,Census Tract 102,Seward Park,4.3,2021,1.86,1296,0.005405405,0.00777605,Low,Stable,76,,4,30129079.21,33439.4694
3774,53033010401,104.01,Census Tract 104.01,Beacon Hill,3.5,2021,0,0,0,0,,,0,,0,17543421.03,17342.9302
3775,53033010402,104.02,Census Tract 104.02,Beacon Hill,3.5,2021,1.84,1397,0.010989011,0.007936508,Low,Stable,71,,5,18759692.89,18925.04301
3776,53033010501,105.01,Census Tract 105.01,West Seattle Junction/Genesee Hill,1.3,2021,2.72,1901,0.058365759,0.054938957,Medium,Rise,1930,Medium,21,7986746.715,12490.0968
3777,53033010102,101.02,Census Tract 101.02,Columbia City,4.2,2021,0,0,0,0,,,0,,0,17314610.04,22274.17077
3778,53033009802,98.02,Census Tract 98.02,West Seattle Junction/Genesee Hill,1.3,2021,3.04,1764,0.009966777,0.008,Medium,Stable,390,,21,9927510.523,12982.75493
3779,53033009000,90,Census Tract 90,Judkins Park,5.2,2021,2.75,1856,0.117886179,0.116055322,Medium,Significant Rise,768,High,18,9212173.197,14319.10299
3780,53033026400,264,Census Tract 264,South Park,3.1,2021,0,0,0,0,,,0,,0,461382.0486,5763.407674
3781,53033001201,12.01,Census Tract 12.01,Northgate/Maple Leaf,8.1,2022,2.49,1769,0.064102564,0.061187762,Medium,Stable,1334,,23,10851861.64,15899.77334
3782,53033000404,4.04,Census Tract 4.04,Broadview/Bitter Lake,9.1,2022,2.31,1868,0.03125,0.029201102,Medium,Stable,509,,7,6791652.724,12962.55841
3783,53033004901,49.01,Census Tract 49.01,Fremont,11.1,2022,2.56,1513,0.019920319,0.020229265,Low,Stable,991,,108,5350888.215,9379.655767
3784,53033003601,36.01,Census Tract 36.01,Green Lake,9.4,2022,3.07,1754,-0.006472492,-0.005104935,Medium,Decline,860,,40,7255879.068,11894.28889
3785,53033002800,28,Census Tract 28,Greenwood/Phinney Ridge,9.3,2022,2.23,1398,0.02764977,0.024175824,Low,Stable,350,,34,10637151.82,13201.3113
3786,53033003100,31,Census Tract 31,Sunset Hill/Loyal Heights,10.3,2022,2.05,1412,0.019900498,0.019494585,Low,Stable,112,,15,23137464.05,24704.5678
3787,53033006400,64,Census Tract 64,Miller Park,6.4,2022,2.38,2003,0.034782609,0.030349794,Medium,Stable,103,,5,9726351.904,13186.77018
3788,53033004301,43.01,Census Tract 43.01,Ravenna/Bryant,7.3,2022,3.75,2420,0.010781671,0.011282908,High,Stable,312,,9,10539780.57,17192.70375
3789,53033002500,25,Census Tract 25,Ravenna/Bryant,7.3,2022,2.78,2018,0.007246377,0.008495752,Medium,Stable,64,,3,10594634.3,16442.96859
3790,53033002200,22,Census Tract 22,Wedgwood/View Ridge,7.4,2022,2.85,2426,0.025179856,0.023196963,High,Stable,164,,6,30127208.02,28505.80679
3791,53033004000,40,Census Tract 40,Laurelhurst/Sand Point,7.5,2022,1.8,1221,0,0.005766063,Low,Stable,69,,3,26374983.68,27560.01384
3792,53033005804,58.04,Census Tract 58.04,Interbay,12.2,2022,2.9,1934,0.035714286,0.037553648,Medium,Stable,1064,,38,25124062.74,48668.27224
3793,53033006800,68,Census Tract 68,Queen Anne,12.3,2022,3.75,2491,-0.00530504,-0.0036,High,Decline,543,,26,7729250.272,11275.37735
3794,53033008102,81.02,Census Tract 81.02,Downtown Commercial Core,13.2,2022,3.8,3330,-0.079903148,-0.080872205,High,Decline,1310,,9,5987812.086,14339.99503
3795,53033008101,81.01,Census Tract 81.01,Downtown Commercial Core,13.2,2022,3.04,2653,-0.012987013,-0.011181513,High,Decline,1054,,6,2992165.479,11427.14676
3796,53033007902,79.02,Census Tract 79.02,Central Area/Squire Park,5.3,2022,3.05,2088,0.048109966,0.049246231,High,Stable,1212,,22,4641637.8,9715.120877
3797,53033007302,73.02,Census Tract 73.02,Cascade/Eastlake,11.3,2022,3.88,3135,0.010416667,0.008687259,High,Stable,3254,,9,3368769.265,7802.426354
3798,53033007101,71.01,Census Tract 71.01,Queen Anne,12.3,2022,3.13,2087,0.003205128,0.002883229,High,Stable,1909,,30,5328474.607,9004.947227
3799,53033009300,93,Census Tract 93,Duwamish/SODO,3.3,2022,3.1,2229,0.036789298,0.039645522,High,Stable,780,,14,102171584.8,53946.37345
3800,53033010502,105.02,Census Tract 105.02,West Seattle Junction/Genesee Hill,1.3,2022,2.7,1830,0.042471042,0.043329532,Medium,Stable,1428,,28,10504351.34,14546.13624
3801,53033010001,100.01,Census Tract 100.01,North Beacon Hill/Jefferson Park,3.6,2022,2.68,1701,0.022900763,0.021621622,Medium,Stable,692,,21,25052474.61,25628.92453
3802,53033009801,98.01,Census Tract 98.01,West Seattle Junction/Genesee Hill,1.3,2022,3.02,2021,0.063380282,0.059779759,High,Stable,586,,23,10814248.94,13291.54908
3803,53033008900,89,Census Tract 89,Madrona/Leschi,5.1,2022,2.87,1980,-0.111455108,-0.11011236,High,Decline,852,,19,13690717.17,19328.7464
3804,53033026300,263,Census Tract 263,Rainier Beach,4.1,2022,0,0,0,0,,,0,,0,30724.63332,954.0480244
3805,53033012000,120,Census Tract 120,Arbor Heights,1.1,2022,0,0,0,0,,,0,,0,15560990.44,16787.97428
3806,53033011101,111.01,Census Tract 111.01,Columbia City,4.2,2022,2.81,1813,0.044609665,0.0455594,Medium,Stable,954,,15,12236718.08,15552.07435
3807,53033011001,110.01,Census Tract 110.01,South Beacon Hill/NewHolly,3.4,2022,2.73,2345,0.192139738,0.193991853,High,Rise,182,,2,11629041.07,16287.35531
3808,53033010800,108,Census Tract 108,Riverview,2.3,2022,1.87,1308,0.010810811,0.012383901,Low,Stable,59,,3,44087445.22,39019.3475
3809,53033000800,8,Census Tract 8,Cedar Park/Meadowbrook,8.3,2022,0,0,0,0,,,0,,0,12290810.02,15312.08746
3810,53033003400,34,Census Tract 34,Greenwood/Phinney Ridge,9.3,2022,1.57,969,0.012903226,0.014659686,Low,Stable,93,,9,8472471.715,12629.32293
3811,53033005306,53.06,Census Tract 53.06,University District,7.2,2022,3.03,1676,0.023648649,0.023199023,Medium,Stable,836,,20,2157906.058,5954.872623
3812,53033004302,43.02,Census Tract 43.02,Ravenna/Bryant,7.3,2022,3.18,1936,-0.030487805,-0.027135678,High,Decline,1311,,63,3564115.67,7987.274419
3813,53033002400,24,Census Tract 24,Wedgwood/View Ridge,7.4,2022,0,0,0,0,,,0,,0,10359919.78,13151.71252
3814,53033004102,41.02,Census Tract 41.02,Laurelhurst/Sand Point,7.5,2022,2.84,2011,0.032727273,0.031811185,High,Stable,487,,7,17933927.27,23350.80029
3815,53033005600,56,Census Tract 56,Magnolia,12.1,2022,0,0,0,0,,,0,,0,32045056.14,29943.50553
3816,53033006703,67.03,Census Tract 67.03,Queen Anne,12.3,2022,2.67,2041,0.015209125,0.016434263,Medium,Stable,608,,35,6427171.884,10846.49304
3817,53033006100,61,Census Tract 61,Montlake/Portage Bay,7.1,2022,3.07,1787,0.009868421,0.011318619,Medium,Stable,1496,,87,11959193.74,21477.26483
3818,53033005700,57,Census Tract 57,Magnolia,12.1,2022,2.06,1543,0.009803922,0.007180157,Low,Stable,352,,28,53305584.43,44506.56554
3819,53033005901,59.01,Census Tract 59.01,Queen Anne,12.3,2022,2.53,1615,-0.04887218,-0.042679312,Low,Decline,459,,30,8449086.719,19075.29242
3820,53033008401,84.01,Census Tract 84.01,Capitol Hill,6.2,2022,3.37,2158,0.021212121,0.02226433,High,Stable,1921,,24,2700766.609,9275.818268
3821,53033008300,83,Census Tract 83,First Hill,6.1,2022,3.06,2071,-0.006493506,-0.006238004,High,Decline,1196,,14,2561276.498,8632.134894
3822,53033007501,75.01,Census Tract 75.01,Capitol Hill,6.2,2022,3.1,1777,0.033333333,0.030144928,Medium,Stable,1970,,90,3210519.937,7219.623642
3823,53033009702,97.02,Census Tract 97.02,West Seattle Junction/Genesee Hill,1.3,2022,2.53,1633,0.036885246,0.037484117,Medium,Stable,105,,7,23899907.43,28258.76257
3824,53033008800,88,Census Tract 88,Central Area/Squire Park,5.3,2022,2.66,1684,-0.089041096,-0.089237426,Medium,Decline,752,,31,10210038.86,13202.52686
3825,53033008500,85,Census Tract 85,First Hill,6.1,2022,3.39,2247,0.021084337,0.021363636,High,Stable,1556,,21,4854121.319,9025.581615
3826,53033026500,265,Census Tract 265,Highland Park,2.5,2022,0,0,0,0,,,0,,0,4617675.483,11234.96478
3827,53033011601,116.01,Census Tract 116.01,Fauntleroy/Seaview,1.2,2022,1.52,1054,0.013333333,0.011516315,Low,Stable,80,,6,16710842.89,20011.96599
3828,53033011300,113,Census Tract 113,Highland Park,2.5,2022,2.16,1739,0.102040816,0.101329956,Low,Stable,334,,17,37260682.97,27184.16139
3829,53033011500,115,Census Tract 115,Roxhill/Westwood,2.4,2022,2.05,1462,0,0,Low,Stable,250,,12,16558652.75,19887.30894
3830,53033010601,106.01,Census Tract 106.01,Fauntleroy/Seaview,1.2,2022,2.59,1588,0.023715415,0.024516129,Low,Stable,388,,26,11724162.32,14458.83704
3831,53033001202,12.02,Census Tract 12.02,Northgate/Maple Leaf,8.1,2022,2.83,2084,0.017985612,0.020068527,High,Stable,1221,,14,8841145.884,13324.99009
3832,53033000102,1.02,Census Tract 1.02,Cedar Park/Meadowbrook,8.3,2022,2.43,1758,0.021008403,0.022093023,Medium,Stable,935,,18,15446821.48,19552.36233
3833,53033004701,47.01,Census Tract 47.01,Ballard,10.4,2022,2.98,2069,0.013605442,0.015210991,High,Stable,1486,,54,6036028.326,13539.04763
3834,53033004500,45,Census Tract 45,Wallingford,11.2,2022,2.24,1964,0.004484305,0.008213552,Medium,Stable,53,,3,7222109.888,11018.30209
3835,53033002900,29,Census Tract 29,Greenwood/Phinney Ridge,9.3,2022,2.24,1608,0.032258065,0.029449424,Low,Stable,286,,25,10614791.11,13366.31967
3836,53033004201,42.01,Census Tract 42.01,Ravenna/Bryant,7.3,2022,1.91,1674,0.010582011,0.007220217,Low,Stable,178,,10,13390664.27,18286.14392
3837,53033007403,74.03,Census Tract 74.03,Capitol Hill,6.2,2022,2.87,1705,-0.003472222,-0.002923977,Medium,Decline,1586,,52,1276089.069,5227.495287
3838,53033007002,70.02,Census Tract 70.02,Queen Anne,12.3,2022,2.83,1831,-0.003521127,0.000546448,Medium,Decline,1824,,75,4746869.846,9490.799057
3839,53033005803,58.03,Census Tract 58.03,Interbay,12.2,2022,2.01,1449,0.015151515,0.013995801,Low,Stable,382,,32,8956173.425,17129.19881
3840,53033005902,59.02,Census Tract 59.02,Queen Anne,12.3,2022,2.11,1622,0.009569378,0.009334163,Low,Stable,103,,10,11010649.89,15184.22057
3841,53033004902,49.02,Census Tract 49.02,Fremont,11.1,2022,3.18,1855,0.012738854,0.013107591,High,Stable,956,,65,6448262.34,10801.73149
3842,53033005801,58.01,Census Tract 58.01,Interbay,12.2,2022,2.38,2077,0.03030303,0.027709055,Medium,Stable,1305,,45,19618424.24,25500.01395
3843,53033007406,74.06,Census Tract 74.06,Capitol Hill,6.2,2022,3.01,1574,0.048780488,0.050734312,Medium,Stable,1274,,44,1623443.827,6764.477241
3844,53033007405,74.05,Census Tract 74.05,Capitol Hill,6.2,2022,2.89,1581,0.024822695,0.023963731,Medium,Stable,1505,,52,1418974.042,5012.79869
3845,53033009701,97.01,Census Tract 97.01,Alki/Admiral,1.4,2022,2.1,1760,0.024390244,0.026239067,Low,Stable,400,,36,19291172.12,29764.00034
3846,53033009600,96,Census Tract 96,Alki/Admiral,1.4,2022,2.06,1639,0.01980198,0.021820449,Low,Stable,469,,35,19741501.65,20745.406
3847,53033008700,87,Census Tract 87,Central Area/Squire Park,5.3,2022,2.77,1597,0.03358209,0.033656958,Medium,Stable,588,,42,7883013.17,11432.38421
3848,53033011402,114.02,Census Tract 114.02,Roxhill/Westwood,2.4,2022,2.36,1416,0.021645022,0.018705036,Low,Stable,510,,26,12779277.86,17351.05501
3849,53033011200,112,Census Tract 112,South Park,3.1,2022,1.45,875,0.013986014,0.012731481,Low,Stable,175,,15,26463890.03,27002.33758
3850,53033010900,109,Census Tract 109,Georgetown,3.2,2022,2.58,1289,0.027888446,0.025457438,Low,Stable,110,,11,51677122.71,44978.75384
3851,53033011002,110.02,Census Tract 110.02,South Beacon Hill/NewHolly,3.4,2022,0,0,0,0,,,0,,0,18508908.46,22511.12676
3852,53033011102,111.02,Census Tract 111.02,Seward Park,4.3,2022,2.08,1383,0.04,0.038288288,Low,Stable,450,,22,13970026.69,20411.17006
3853,53033010702,107.02,Census Tract 107.02,High Point,2.2,2022,2.71,1914,0.038314176,0.039652363,Medium,Stable,114,,2,8396926.793,14935.93024
3854,53033001100,11,Census Tract 11,Olympic Hills/Victory Heights,8.2,2022,1.94,1443,0.015706806,0.011212334,Low,Stable,188,,11,11416399.59,14159.12735
3855,53033000700,7,Census Tract 7,Olympic Hills/Victory Heights,8.2,2022,2.15,1515,0.014150943,0.014735432,Low,Stable,980,,55,13932242.39,16134.02991
3856,53033000202,2.02,Census Tract 2.02,Olympic Hills/Victory Heights,8.2,2022,2.09,1670,0.02955665,0.029593095,Low,Stable,182,,5,15930118.49,17285.82737
3857,53033000101,1.01,Census Tract 1.01,Cedar Park/Meadowbrook,8.3,2022,2.1,1495,0.009615385,0.00877193,Low,Stable,1353,,34,4465058.881,8662.074215
3858,53033003301,33.01,Census Tract 33.01,Whittier Heights,10.2,2022,2.9,1739,0.039426523,0.038208955,Medium,Stable,832,,63,7202858.493,11177.18133
3859,53033003602,36.02,Census Tract 36.02,Green Lake,9.4,2022,3.27,1905,0.021875,0.022544283,High,Stable,2741,,59,5621886.085,11471.09438
3860,53033001900,19,Census Tract 19,Northgate/Maple Leaf,8.1,2022,2.98,2188,0.010169492,0.010156971,High,Stable,516,,9,17945171.52,18948.48127
3861,53033001702,17.02,Census Tract 17.02,Greenwood/Phinney Ridge,9.3,2022,0,0,0,0,,,0,,0,13779275.76,17476.40751
3862,53033006500,65,Census Tract 65,North Capitol Hill,6.3,2022,2.83,1865,0.017985612,0.016348774,Medium,Stable,1172,,77,12352257.76,17921.50133
3863,53033006200,62,Census Tract 62,Montlake/Portage Bay,7.1,2022,0,0,0,0,,,0,,0,24610619.74,40010.59926
3864,53033005305,53.05,Census Tract 53.05,University District,7.2,2022,3.14,1514,-0.003174603,-0.003947368,Medium,Decline,1267,,38,2292236.616,6048.609222
3865,53033002600,26,Census Tract 26,Ravenna/Bryant,7.3,2022,3.13,1949,0.0330033,0.03340403,High,Stable,755,,8,13398040.18,15933.9379
3866,53033002000,20,Census Tract 20,Northgate/Maple Leaf,8.1,2022,2.25,1689,0.02739726,0.029250457,Low,Stable,206,,9,12183878.82,15509.54571
3867,53033006300,63,Census Tract 63,Madison Park,6.5,2022,2.66,2017,0.027027027,0.027508915,Medium,Stable,578,,20,27750333.4,36285.84892
3868,53033006600,66,Census Tract 66,Cascade/Eastlake,11.3,2022,2.88,1914,0.024911032,0.023529412,Medium,Stable,1755,,84,11110296.85,21995.1063
3869,53033006900,69,Census Tract 69,Queen Anne,12.3,2022,2.52,1649,0.037037037,0.032561052,Medium,Stable,493,,35,9742176.65,15666.54395
3870,53033006000,60,Census Tract 60,Queen Anne,12.3,2022,2.71,2001,0.018796992,0.019358125,Medium,Stable,852,,56,14158764.71,19123.03263
3871,53033005201,52.01,Census Tract 52.01,Wallingford,11.2,2022,3.39,1566,-0.002941176,-0.00127551,Medium,Decline,719,,26,7536632.481,14175.92406
3872,53033005000,50,Census Tract 50,Wallingford,11.2,2022,2.99,1876,-0.009933775,-0.010548523,Medium,Decline,1371,,70,8151942.295,11560.14801
3873,53033008600,86,Census Tract 86,First Hill,6.1,2022,3.24,1758,0.025316456,0.023282887,High,Stable,2493,,57,7656616.626,11640.72061
3874,53033008002,80.02,Census Tract 80.02,Belltown,13.1,2022,3.31,2362,-0.090659341,-0.090138675,High,Decline,2174,,18,2522029.808,7998.382466
3875,53033007901,79.01,Census Tract 79.01,Central Area/Squire Park,5.3,2022,2.66,1703,0.011406844,0.010682493,Medium,Stable,1053,,50,2876299.502,7879.404339
3876,53033007202,72.02,Census Tract 72.02,Cascade/Eastlake,11.3,2022,3.81,2816,-0.01038961,-0.01054111,High,Decline,2195,,14,3020075.663,7591.701883
3877,53033007301,73.01,Census Tract 73.01,Cascade/Eastlake,11.3,2022,3.26,2292,0.01875,0.016858917,High,Stable,2365,,17,2699344.108,7422.610693
3878,53033010302,103.02,Census Tract 103.02,Columbia City,4.2,2022,2.9,2033,0.024734982,0.026767677,High,Stable,1304,,24,6804418.751,11267.2532
3879,53033009100,91,Census Tract 91,Pioneer Square/International District,13.3,2022,2.94,1870,-0.039215686,-0.039548023,Medium,Decline,2071,,17,4419685.266,10608.38541
3880,53033009200,92,Census Tract 92,Pioneer Square/International District,13.3,2022,3.09,1832,0.013114754,0.013274336,High,Stable,486,,12,3456088.55,12687.12119
3881,53033011700,117,Census Tract 117,South Beacon Hill/NewHolly,3.4,2022,0,0,0,0,,,0,,0,37826036.26,29439.62674
3882,53033000500,5,Census Tract 5,Broadview/Bitter Lake,9.1,2022,0,0,0,0,,,0,,0,30294741.05,27094.56678
3883,53033000601,6.01,Census Tract 6.01,Haller Lake,9.5,2022,2.19,1550,0.042857143,0.043771044,Low,Stable,610,,17,15404952.58,20078.95648
3884,53033003500,35,Census Tract 35,Greenwood/Phinney Ridge,9.3,2022,2.77,1362,0.010948905,0.009636768,Low,Stable,313,,22,13828061.67,16634.34896
3885,53033001500,15,Census Tract 15,North Beach/Blue Ridge,10.1,2022,1.06,1227,0.019230769,0.014888337,Low,Stable,64,,5,12300447.06,13960.37955
3886,53033001400,14,Census Tract 14,North Beach/Blue Ridge,10.1,2022,2.09,1666,0.024509804,0.026494147,Low,Stable,433,,21,23073388.66,30536.33745
3887,53033001300,13,Census Tract 13,Licton Springs,9.2,2022,2.12,1315,0.044334975,0.043650794,Low,Stable,973,,76,12710036.99,14881.08705
3888,53033003800,38,Census Tract 38,Ravenna/Bryant,7.3,2022,3.85,1971,0.057692308,0.056836461,High,Stable,159,,6,6722791.394,10392.53155
3889,53033007001,70.01,Census Tract 70.01,Queen Anne,12.3,2022,2.6,1545,0.007751938,0.00848564,Low,Stable,1345,,49,3856290.05,9530.302569
3890,53033004800,48,Census Tract 48,Fremont,11.1,2022,2.85,1703,-0.006968641,-0.004675628,Medium,Decline,388,,30,13833886.82,18822.23657
3891,53033005100,51,Census Tract 51,Wallingford,11.2,2022,2.97,1300,0.027681661,0.026045777,Low,Stable,350,,24,9490350.153,13462.59155
3892,53033008200,82,Census Tract 82,First Hill,6.1,2022,3.04,2319,-0.11627907,-0.115897827,High,Decline,2557,,16,4044773.826,9102.140341
3893,53033010101,101.01,Census Tract 101.01,Columbia City,4.2,2022,3.16,1675,0.022653722,0.021964613,Medium,Stable,345,,11,9381810.131,15311.65671
3894,53033012100,121,Census Tract 121,Arbor Heights,1.1,2022,0,0,0,0,,,0,,0,18538900.93,25983.61624
3895,53033011901,119.01,Census Tract 119.01,Rainier Beach,4.1,2022,0,0,0,0,,,0,,0,18097640.74,20485.64554
3896,53033000602,6.02,Census Tract 6.02,Haller Lake,9.5,2022,2.37,2022,0.161764706,0.160734788,Medium,Stable,396,,9,25947507.86,23221.70475
3897,53033000201,2.01,Census Tract 2.01,Olympic Hills/Victory Heights,8.2,2022,2.04,1668,0.0625,0.061068702,Low,Stable,873,,13,19446176.32,18651.57808
3898,53033003302,33.02,Census Tract 33.02,Whittier Heights,10.2,2022,2.32,1519,0.008695652,0.009973404,Low,Stable,552,,57,6749336.486,10550.81793
3899,53033005304,53.04,Census Tract 53.04,University District,7.2,2022,0,0,0,0,,,0,,0,786047.0981,4083.126066
3900,53033004202,42.02,Census Tract 42.02,Ravenna/Bryant,7.3,2022,2.96,2049,-0.006711409,-0.005822416,High,Decline,213,,7,13141688.45,15651.66637
3901,53033007404,74.04,Census Tract 74.04,Capitol Hill,6.2,2022,2.8,1638,0.007194245,0.009242144,Medium,Stable,1389,,64,1654579.828,5775.699987
3902,53033006701,67.01,Census Tract 67.01,Queen Anne,12.3,2022,3.17,2357,0.012779553,0.014199656,High,Stable,2319,,23,3639833.178,12143.77924
3903,53033007800,78,Census Tract 78,Madrona/Leschi,5.1,2022,2.28,1762,0.013333333,0.013808976,Low,Stable,91,,6,22245158.16,28746.37352
3904,53033007503,75.03,Census Tract 75.03,Capitol Hill,6.2,2022,3.3,2121,0.015384615,0.017266187,High,Stable,1782,,26,2018614.368,6484.389482
3905,53033007201,72.01,Census Tract 72.01,Cascade/Eastlake,11.3,2022,3.23,2155,-0.027108434,-0.028841821,High,Decline,2271,,15,1622558.9,5873.216511
3906,53033007203,72.03,Census Tract 72.03,Cascade/Eastlake,11.3,2022,3.53,2514,-0.04076087,-0.038990826,High,Decline,2144,,17,6238804.943,12493.9648
3907,53033010301,103.01,Census Tract 103.01,Columbia City,4.2,2022,1.81,1580,0.028409091,0.027308192,Low,Stable,52,,4,10792262.46,16924.36851
3908,53033009900,99,Census Tract 99,North Delridge,2.1,2022,2.81,1635,0.021818182,0.020599251,Medium,Stable,990,,25,70254374.71,64633.66158
3909,53033009500,95,Census Tract 95,Mt. Baker/North Rainier,4.4,2022,2.91,1374,-0.003424658,-0.002902758,Medium,Decline,314,,16,27424305.67,29618.2113
3910,53033009400,94,Census Tract 94,North Beacon Hill/Jefferson Park,3.6,2022,3.14,1796,0.012903226,0.012972363,High,Stable,875,,56,18150625.68,18874.58318
3911,53033011801,118.01,Census Tract 118.01,Rainier Beach,4.1,2022,1.85,1303,0.033519553,0.028413575,Low,Stable,258,,12,12671173.51,15849.81354
3912,53033011602,116.02,Census Tract 116.02,Fauntleroy/Seaview,1.2,2022,2.18,1501,0.038095238,0.035886818,Low,Stable,113,,13,16924173.23,24704.04057
3913,53033011401,114.01,Census Tract 114.01,Roxhill/Westwood,2.4,2022,2.37,2079,0.044052863,0.045248869,Medium,Stable,565,,6,13273369.14,17478.05916
3914,53033010701,107.01,Census Tract 107.01,High Point,2.2,2022,2.27,1930,0.091346154,0.092865232,Medium,Stable,214,,5,15726285.72,21302.36518
3915,53033010602,106.02,Census Tract 106.02,Fauntleroy/Seaview,1.2,2022,2.26,1493,0.018018018,0.015646259,Low,Stable,389,,24,15462014.06,23774.94714
3916,53033000900,9,Census Tract 9,Cedar Park/Meadowbrook,8.3,2022,0,0,0,0,,,0,,0,10031158.89,20828.1662
3917,53033000402,4.02,Census Tract 4.02,Broadview/Bitter Lake,9.1,2022,1.98,1331,0.010204082,0.0121673,Low,Stable,589,,28,19362220.52,21397.1753
3918,53033000300,3,Census Tract 3,Haller Lake,9.5,2022,1.47,1117,0.013793103,0.016378526,Low,Stable,83,,7,13033864.6,17298.02954
3919,53033003202,32.02,Census Tract 32.02,Sunset Hill/Loyal Heights,10.3,2022,2.49,1688,0.012195122,0.008965929,Medium,Stable,387,,35,10289818.46,12945.39486
3920,53033003000,30,Census Tract 30,Whittier Heights,10.2,2022,2.73,1709,0.05,0.05104551,Medium,Stable,354,,27,16072222.01,16061.94762
3921,53033001701,17.01,Census Tract 17.01,Greenwood/Phinney Ridge,9.3,2022,3.1,1945,0.019736842,0.018858041,High,Stable,1053,,37,9609026.085,17164.45478
3922,53033001600,16,Census Tract 16,North Beach/Blue Ridge,10.1,2022,3.19,1910,0.006309148,0.007383966,High,Stable,222,,14,20575392.71,23147.64598
3923,53033002100,21,Census Tract 21,Wedgwood/View Ridge,7.4,2022,3.55,1402,0.014285714,0.015206372,Medium,Stable,483,,17,14696796.74,16139.92186
3924,53033003900,39,Census Tract 39,Wedgwood/View Ridge,7.4,2022,1.84,1259,0.005464481,0.005591054,Low,Stable,108,,8,10481334.98,13200.90921
3925,53033007102,71.02,Census Tract 71.02,Queen Anne,12.3,2022,3.12,2035,-0.006369427,-0.006832601,High,Decline,1530,,29,3615500.898,11499.94075
3926,53033006702,67.02,Census Tract 67.02,Queen Anne,12.3,2022,3.37,2299,0.012012012,0.011438627,High,Stable,1288,,35,3280147.995,8593.864905
3927,53033005401,54.01,Census Tract 54.01,Fremont,11.1,2022,3.44,2214,0,0.000904159,High,Stable,1181,,38,7892270.588,19740.10787
3928,53033008004,80.04,Census Tract 80.04,Belltown,13.1,2022,2.86,2192,-0.059210526,-0.058419244,High,Decline,1067,,10,2908326.633,14944.97959
3929,53033008003,80.03,Census Tract 80.03,Belltown,13.1,2022,3.25,2125,-0.024024024,-0.025676295,High,Decline,1361,,13,2122043.711,8720.999421
3930,53033008402,84.02,Census Tract 84.02,Capitol Hill,6.2,2022,3.14,1922,0.026143791,0.027807487,High,Stable,2033,,42,1565507.715,5220.868487
3931,53033007303,73.03,Census Tract 73.03,Cascade/Eastlake,11.3,2022,4.18,3396,0.02200489,0.021353383,High,Stable,3277,,13,3374596.393,7984.863522
3932,53033010002,100.02,Census Tract 100.02,North Beacon Hill/Jefferson Park,3.6,2022,2.81,1753,0.068441065,0.0669507,Medium,Stable,671,,23,10204645.64,13732.76539
3933,53033011902,119.02,Census Tract 119.02,Rainier Beach,4.1,2022,0,0,0,0,,,0,,0,16290813.63,28897.59863
3934,53033011802,118.02,Census Tract 118.02,Rainier Beach,4.1,2022,2.52,1542,0.095652174,0.095170455,Low,Stable,67,,3,12323056.74,17201.54679
3935,53033004703,47.03,Census Tract 47.03,Ballard,10.4,2022,3.16,1767,0.009584665,0.009137636,High,Stable,1108,,56,13030918.14,18718.85939
3936,53033001000,10,Census Tract 10,Cedar Park/Meadowbrook,8.3,2022,2.04,1559,0.02,0.022965879,Low,Stable,122,,5,10270271.69,13147.0306
3937,53033000403,4.03,Census Tract 4.03,Broadview/Bitter Lake,9.1,2022,2.12,1589,0.070707071,0.068594486,Low,Stable,454,,12,7881185.923,14097.02669
3938,53033003201,32.01,Census Tract 32.01,Sunset Hill/Loyal Heights,10.3,2022,3.27,2096,0.009259259,0.007208073,High,Stable,1240,,30,11927788.62,32094.50339
3939,53033004600,46,Census Tract 46,Green Lake,9.4,2022,2.23,1393,0.013636364,0.011619463,Low,Stable,65,,7,27829368.76,25514.224
3940,53033004702,47.02,Census Tract 47.02,Ballard,10.4,2022,3.16,1905,0.003174603,0.005807814,High,Stable,1748,,46,2867507.734,6956.449675
3941,53033002700,27,Census Tract 27,Green Lake,9.4,2022,2.3,1678,0.026785714,0.027556644,Low,Stable,359,,25,17058079.28,21942.83528
3942,53033001800,18,Census Tract 18,Licton Springs,9.2,2022,2.11,1481,0.014423077,0.015078821,Low,Stable,762,,65,10182882.27,13946.10003
3943,53033005202,52.02,Census Tract 52.02,Wallingford,11.2,2022,3.03,1753,0.023648649,0.022157434,Medium,Stable,1708,,57,2865193.636,7845.303217
3944,53033005303,53.03,Census Tract 53.03,University District,7.2,2022,0,0,0,0,,,0,,0,24349784.49,33904.62137
3945,53033004402,44.02,Census Tract 44.02,University District,7.2,2022,2.98,1490,0.027586207,0.025464556,Medium,Stable,1310,,66,3175021.433,7487.979857
3946,53033004401,44.01,Census Tract 44.01,University District,7.2,2022,3.26,1490,0.015576324,0.015678255,Medium,Stable,559,,32,7479571.761,12948.97514
3947,53033005307,53.07,Census Tract 53.07,University District,7.2,2022,3.15,1314,0.006389776,0.006125574,Medium,Stable,491,,21,1399526.48,4758.85069
3948,53033004101,41.01,Census Tract 41.01,Laurelhurst/Sand Point,7.5,2022,1.81,1186,0.005555556,0.003384095,Low,Stable,71,,3,16716852.66,24230.15794
3949,53033005402,54.02,Census Tract 54.02,Fremont,11.1,2022,3.28,2016,0.034700315,0.034907598,High,Stable,924,,43,4993141.865,10063.79785
3950,53033007700,77,Census Tract 77,Central Area/Squire Park,5.3,2022,3.36,1500,0.012048193,0.010781671,Medium,Stable,468,,23,11391208.22,15242.20976
3951,53033007502,75.02,Census Tract 75.02,Capitol Hill,6.2,2022,3.26,1937,0.041533546,0.042518837,High,Stable,2072,,67,3400503.555,7403.629293
3952,53033007600,76,Census Tract 76,Miller Park,6.4,2022,3.09,1800,0.033444816,0.032110092,Medium,Stable,1061,,57,6155389.389,9906.368336
3953,53033010200,102,Census Tract 102,Seward Park,4.3,2022,1.91,1333,0.02688172,0.028549383,Low,Stable,76,,4,30129079.21,33439.4694
3954,53033010401,104.01,Census Tract 104.01,Beacon Hill,3.5,2022,0,0,0,0,,,0,,0,17543421.03,17342.9302
3955,53033010402,104.02,Census Tract 104.02,Beacon Hill,3.5,2022,1.88,1426,0.02173913,0.020758769,Low,Stable,71,,5,18759692.89,18925.04301
3956,53033010501,105.01,Census Tract 105.01,West Seattle Junction/Genesee Hill,1.3,2022,2.9,2030,0.066176471,0.067859022,High,Stable,1930,,21,7986746.715,12490.0968
3957,53033010102,101.02,Census Tract 101.02,Columbia City,4.2,2022,0,0,0,0,,,0,,0,17314610.04,22274.17077
3958,53033009802,98.02,Census Tract 98.02,West Seattle Junction/Genesee Hill,1.3,2022,3.11,1820,0.023026316,0.031746032,High,Stable,390,,21,9927510.523,12982.75493
3959,53033009000,90,Census Tract 90,Judkins Park,5.2,2022,2.85,1924,0.036363636,0.036637931,Medium,Stable,779,,19,9212173.197,14319.10299
3960,53033026400,264,Census Tract 264,South Park,3.1,2022,0,0,0,0,,,0,,0,461382.0486,5763.407674
3961,53033001201,12.01,Census Tract 12.01,Northgate/Maple Leaf,8.1,2023,2.54,1805,0.020080321,0.02035048,Medium,Stable,1334,,23,10851861.64,15899.77334
3962,53033000404,4.04,Census Tract 4.04,Broadview/Bitter Lake,9.1,2023,2.33,1885,0.008658009,0.009100642,Medium,Stable,509,,7,6791652.724,12962.55841
3963,53033004901,49.01,Census Tract 49.01,Fremont,11.1,2023,2.58,1526,0.0078125,0.008592201,Low,Stable,1084,,109,5350888.215,9379.655767
3964,53033003601,36.01,Census Tract 36.01,Green Lake,9.4,2023,3.15,1801,0.026058632,0.026795895,High,Stable,860,,40,7255879.068,11894.28889
3965,53033002800,28,Census Tract 28,Greenwood/Phinney Ridge,9.3,2023,2.25,1409,0.00896861,0.007868383,Low,Stable,376,,35,10637151.82,13201.3113
3966,53033003100,31,Census Tract 31,Sunset Hill/Loyal Heights,10.3,2023,2.08,1436,0.014634146,0.016997167,Low,Stable,112,,15,23137464.05,24704.5678
3967,53033006400,64,Census Tract 64,Miller Park,6.4,2023,2.42,2043,0.016806723,0.019970045,Medium,Stable,103,,5,9726351.904,13186.77018
3968,53033004301,43.01,Census Tract 43.01,Ravenna/Bryant,7.3,2023,3.7,2384,-0.013333333,-0.014876033,High,Decline,606,,10,10539780.57,17192.70375
3969,53033002500,25,Census Tract 25,Ravenna/Bryant,7.3,2023,2.8,2032,0.007194245,0.006937562,Medium,Stable,64,,3,10594634.3,16442.96859
3970,53033002200,22,Census Tract 22,Wedgwood/View Ridge,7.4,2023,2.77,2362,-0.028070175,-0.026380874,High,Decline,164,,6,30127208.02,28505.80679
3971,53033004000,40,Census Tract 40,Laurelhurst/Sand Point,7.5,2023,1.81,1226,0.005555556,0.004095004,Low,Stable,69,,3,26374983.68,27560.01384
3972,53033005804,58.04,Census Tract 58.04,Interbay,12.2,2023,2.93,1953,0.010344828,0.009824199,Medium,Stable,1064,,38,25124062.74,48668.27224
3973,53033006800,68,Census Tract 68,Queen Anne,12.3,2023,3.81,2532,0.016,0.016459253,High,Stable,543,,26,7729250.272,11275.37735
3974,53033008102,81.02,Census Tract 81.02,Downtown Commercial Core,13.2,2023,3.96,3472,0.042105263,0.042642643,High,Stable,1310,,9,5987812.086,14339.99503
3975,53033008101,81.01,Census Tract 81.01,Downtown Commercial Core,13.2,2023,3.11,2714,0.023026316,0.022992838,High,Stable,1054,,6,2992165.479,11427.14676
3976,53033007902,79.02,Census Tract 79.02,Central Area/Squire Park,5.3,2023,3.01,2057,-0.013114754,-0.014846743,High,Decline,1212,,22,4641637.8,9715.120877
3977,53033007302,73.02,Census Tract 73.02,Cascade/Eastlake,11.3,2023,3.94,3185,0.015463918,0.015948963,High,Stable,3254,,9,3368769.265,7802.426354
3978,53033007101,71.01,Census Tract 71.01,Queen Anne,12.3,2023,3.17,2109,0.012779553,0.010541447,High,Stable,2052,,31,5328474.607,9004.947227
3979,53033009300,93,Census Tract 93,Duwamish/SODO,3.3,2023,3.15,2261,0.016129032,0.014356214,High,Stable,780,,14,102171584.8,53946.37345
3980,53033010502,105.02,Census Tract 105.02,West Seattle Junction/Genesee Hill,1.3,2023,2.79,1889,0.033333333,0.032240437,Medium,Stable,1428,,28,10504351.34,14546.13624
3981,53033010001,100.01,Census Tract 100.01,North Beacon Hill/Jefferson Park,3.6,2023,2.68,1705,0,0.002351558,Medium,Stable,692,,21,25052474.61,25628.92453
3982,53033009801,98.01,Census Tract 98.01,West Seattle Junction/Genesee Hill,1.3,2023,3.11,2085,0.029801325,0.031667491,High,Stable,586,,23,10814248.94,13291.54908
3983,53033008900,89,Census Tract 89,Madrona/Leschi,5.1,2023,3.16,2181,0.101045296,0.101515152,High,Stable,852,,19,13690717.17,19328.7464
3984,53033026300,263,Census Tract 263,Rainier Beach,4.1,2023,0,0,0,0,,,0,,0,30724.63332,954.0480244
3985,53033012000,120,Census Tract 120,Arbor Heights,1.1,2023,0,0,0,0,,,0,,0,15560990.44,16787.97428
3986,53033011101,111.01,Census Tract 111.01,Columbia City,4.2,2023,2.76,1778,-0.017793594,-0.019305019,Medium,Decline,944,,14,12236718.08,15552.07435
3987,53033011001,110.01,Census Tract 110.01,South Beacon Hill/NewHolly,3.4,2023,2.32,1991,-0.15018315,-0.150959488,Medium,Decline,182,,2,11629041.07,16287.35531
3988,53033010800,108,Census Tract 108,Riverview,2.3,2023,1.89,1324,0.010695187,0.012232416,Low,Stable,59,,3,44087445.22,39019.3475
3989,53033000800,8,Census Tract 8,Cedar Park/Meadowbrook,8.3,2023,0,0,0,0,,,0,,0,12290810.02,15312.08746
3990,53033003400,34,Census Tract 34,Greenwood/Phinney Ridge,9.3,2023,1.59,980,0.012738854,0.011351909,Low,Stable,105,,10,8472471.715,12629.32293
3991,53033005306,53.06,Census Tract 53.06,University District,7.2,2023,3.08,1707,0.01650165,0.01849642,Medium,Stable,836,,20,2157906.058,5954.872623
3992,53033004302,43.02,Census Tract 43.02,Ravenna/Bryant,7.3,2023,3.26,1979,0.025157233,0.022210744,High,Stable,1344,,64,3564115.67,7987.274419
3993,53033002400,24,Census Tract 24,Wedgwood/View Ridge,7.4,2023,0,0,0,0,,,0,,0,10359919.78,13151.71252
3994,53033004102,41.02,Census Tract 41.02,Laurelhurst/Sand Point,7.5,2023,2.91,2061,0.024647887,0.024863252,High,Stable,487,,7,17933927.27,23350.80029
3995,53033005600,56,Census Tract 56,Magnolia,12.1,2023,0,0,0,0,,,0,,0,32045056.14,29943.50553
3996,53033006703,67.03,Census Tract 67.03,Queen Anne,12.3,2023,2.67,2043,0,0.000979912,Medium,Stable,608,,35,6427171.884,10846.49304
3997,53033006100,61,Census Tract 61,Montlake/Portage Bay,7.1,2023,3.14,1828,0.022801303,0.022943481,High,Stable,1496,,87,11959193.74,21477.26483
3998,53033005700,57,Census Tract 57,Magnolia,12.1,2023,2.06,1545,0,0.001296176,Low,Stable,352,,28,53305584.43,44506.56554
3999,53033005901,59.01,Census Tract 59.01,Queen Anne,12.3,2023,2.66,1687,0.051383399,0.044582043,Medium,Stable,459,,30,8449086.719,19075.29242
4000,53033008401,84.01,Census Tract 84.01,Capitol Hill,6.2,2023,3.31,2117,-0.017804154,-0.018999073,High,Decline,2099,,25,2700766.609,9275.818268
4001,53033008300,83,Census Tract 83,First Hill,6.1,2023,3.03,2046,-0.009803922,-0.012071463,High,Decline,1196,,14,2561276.498,8632.134894
4002,53033007501,75.01,Census Tract 75.01,Capitol Hill,6.2,2023,3.14,1803,0.012903226,0.014631401,Medium,Stable,1970,,90,3210519.937,7219.623642
4003,53033009702,97.02,Census Tract 97.02,West Seattle Junction/Genesee Hill,1.3,2023,2.59,1668,0.023715415,0.021432945,Medium,Stable,105,,7,23899907.43,28258.76257
4004,53033008800,88,Census Tract 88,Central Area/Squire Park,5.3,2023,2.57,1628,-0.033834586,-0.033254157,Low,Decline,752,,31,10210038.86,13202.52686
4005,53033008500,85,Census Tract 85,First Hill,6.1,2023,3.43,2275,0.01179941,0.012461059,High,Stable,1556,,21,4854121.319,9025.581615
4006,53033026500,265,Census Tract 265,Highland Park,2.5,2023,0,0,0,0,,,0,,0,4617675.483,11234.96478
4007,53033011601,116.01,Census Tract 116.01,Fauntleroy/Seaview,1.2,2023,1.56,1088,0.026315789,0.032258065,Low,Stable,80,,6,16710842.89,20011.96599
4008,53033011300,113,Census Tract 113,Highland Park,2.5,2023,2.06,1667,-0.046296296,-0.041403105,Low,Decline,334,,17,37260682.97,27184.16139
4009,53033011500,115,Census Tract 115,Roxhill/Westwood,2.4,2023,2.13,1522,0.03902439,0.041039672,Low,Stable,294,,13,16558652.75,19887.30894
4010,53033010601,106.01,Census Tract 106.01,Fauntleroy/Seaview,1.2,2023,2.63,1608,0.015444015,0.012594458,Medium,Stable,388,,26,11724162.32,14458.83704
4011,53033001202,12.02,Census Tract 12.02,Northgate/Maple Leaf,8.1,2023,2.86,2106,0.010600707,0.010556622,High,Stable,1221,,14,8841145.884,13324.99009
4012,53033000102,1.02,Census Tract 1.02,Cedar Park/Meadowbrook,8.3,2023,2.44,1770,0.004115226,0.006825939,Medium,Stable,1195,,19,15446821.48,19552.36233
4013,53033004701,47.01,Census Tract 47.01,Ballard,10.4,2023,3.08,2134,0.033557047,0.031416143,High,Stable,1486,,54,6036028.326,13539.04763
4014,53033004500,45,Census Tract 45,Wallingford,11.2,2023,2.26,1977,0.008928571,0.006619145,Medium,Stable,53,,3,7222109.888,11018.30209
4015,53033002900,29,Census Tract 29,Greenwood/Phinney Ridge,9.3,2023,2.78,1966,0.241071429,0.222636816,Medium,Rise,321,Medium,26,10614791.11,13366.31967
4016,53033004201,42.01,Census Tract 42.01,Ravenna/Bryant,7.3,2023,1.91,1678,0,0.002389486,Low,Stable,178,,10,13390664.27,18286.14392
4017,53033007403,74.03,Census Tract 74.03,Capitol Hill,6.2,2023,2.95,1753,0.027874564,0.028152493,Medium,Stable,1586,,52,1276089.069,5227.495287
4018,53033007002,70.02,Census Tract 70.02,Queen Anne,12.3,2023,2.87,1865,0.014134276,0.018569088,Medium,Stable,1758,,74,4746869.846,9490.799057
4019,53033005803,58.03,Census Tract 58.03,Interbay,12.2,2023,2.03,1468,0.009950249,0.013112491,Low,Stable,382,,32,8956173.425,17129.19881
4020,53033005902,59.02,Census Tract 59.02,Queen Anne,12.3,2023,2.13,1635,0.009478673,0.008014797,Low,Stable,103,,10,11010649.89,15184.22057
4021,53033004902,49.02,Census Tract 49.02,Fremont,11.1,2023,3.26,1897,0.025157233,0.022641509,High,Stable,956,,65,6448262.34,10801.73149
4022,53033005801,58.01,Census Tract 58.01,Interbay,12.2,2023,2.37,2077,-0.004201681,0,Medium,Decline,1305,,45,19618424.24,25500.01395
4023,53033007406,74.06,Census Tract 74.06,Capitol Hill,6.2,2023,3.07,1608,0.019933555,0.021601017,Medium,Stable,1274,,44,1623443.827,6764.477241
4024,53033007405,74.05,Census Tract 74.05,Capitol Hill,6.2,2023,2.92,1597,0.010380623,0.010120177,Medium,Stable,1505,,52,1418974.042,5012.79869
4025,53033009701,97.01,Census Tract 97.01,Alki/Admiral,1.4,2023,2.15,1796,0.023809524,0.020454545,Low,Stable,400,,36,19291172.12,29764.00034
4026,53033009600,96,Census Tract 96,Alki/Admiral,1.4,2023,2.09,1661,0.014563107,0.013422819,Low,Stable,469,,35,19741501.65,20745.406
4027,53033008700,87,Census Tract 87,Central Area/Squire Park,5.3,2023,2.79,1608,0.007220217,0.006887915,Medium,Stable,588,,42,7883013.17,11432.38421
4028,53033011402,114.02,Census Tract 114.02,Roxhill/Westwood,2.4,2023,2.37,1425,0.004237288,0.006355932,Low,Stable,617,,28,12779277.86,17351.05501
4029,53033011200,112,Census Tract 112,South Park,3.1,2023,1.46,886,0.006896552,0.012571429,Low,Stable,175,,15,26463890.03,27002.33758
4030,53033010900,109,Census Tract 109,Georgetown,3.2,2023,2.61,1306,0.011627907,0.013188518,Low,Stable,110,,11,51677122.71,44978.75384
4031,53033011002,110.02,Census Tract 110.02,South Beacon Hill/NewHolly,3.4,2023,0,0,0,0,,,0,,0,18508908.46,22511.12676
4032,53033011102,111.02,Census Tract 111.02,Seward Park,4.3,2023,2.15,1424,0.033653846,0.029645698,Low,Stable,450,,22,13970026.69,20411.17006
4033,53033010702,107.02,Census Tract 107.02,High Point,2.2,2023,2.71,1908,0,-0.003134796,Medium,Decline,114,,2,8396926.793,14935.93024
4034,53033001100,11,Census Tract 11,Olympic Hills/Victory Heights,8.2,2023,1.99,1484,0.025773196,0.028413028,Low,Stable,188,,11,11416399.59,14159.12735
4035,53033000700,7,Census Tract 7,Olympic Hills/Victory Heights,8.2,2023,2.15,1517,0,0.001320132,Low,Stable,980,,55,13932242.39,16134.02991
4036,53033000202,2.02,Census Tract 2.02,Olympic Hills/Victory Heights,8.2,2023,1.98,1583,-0.052631579,-0.052095808,Low,Decline,182,,5,15930118.49,17285.82737
4037,53033000101,1.01,Census Tract 1.01,Cedar Park/Meadowbrook,8.3,2023,2.17,1547,0.033333333,0.034782609,Low,Stable,1353,,34,4465058.881,8662.074215
4038,53033003301,33.01,Census Tract 33.01,Whittier Heights,10.2,2023,2.87,1723,-0.010344828,-0.00920069,Medium,Decline,832,,63,7202858.493,11177.18133
4039,53033003602,36.02,Census Tract 36.02,Green Lake,9.4,2023,3.38,1969,0.033639144,0.033595801,High,Stable,2741,,59,5621886.085,11471.09438
4040,53033001900,19,Census Tract 19,Northgate/Maple Leaf,8.1,2023,3.03,2220,0.016778523,0.014625229,High,Stable,516,,9,17945171.52,18948.48127
4041,53033001702,17.02,Census Tract 17.02,Greenwood/Phinney Ridge,9.3,2023,0,0,0,0,,,0,,0,13779275.76,17476.40751
4042,53033006500,65,Census Tract 65,North Capitol Hill,6.3,2023,2.78,1834,-0.017667845,-0.016621984,Medium,Decline,1210,,78,12352257.76,17921.50133
4043,53033006200,62,Census Tract 62,Montlake/Portage Bay,7.1,2023,0,0,0,0,,,0,,0,24610619.74,40010.59926
4044,53033005305,53.05,Census Tract 53.05,University District,7.2,2023,3.2,1543,0.01910828,0.019154557,Medium,Stable,1267,,38,2292236.616,6048.609222
4045,53033002600,26,Census Tract 26,Ravenna/Bryant,7.3,2023,3.19,1985,0.019169329,0.018471011,High,Stable,755,,8,13398040.18,15933.9379
4046,53033002000,20,Census Tract 20,Northgate/Maple Leaf,8.1,2023,2.31,1729,0.026666667,0.023682652,Low,Stable,206,,9,12183878.82,15509.54571
4047,53033006300,63,Census Tract 63,Madison Park,6.5,2023,2.7,2049,0.015037594,0.015865146,Medium,Stable,578,,20,27750333.4,36285.84892
4048,53033006600,66,Census Tract 66,Cascade/Eastlake,11.3,2023,2.88,1913,0,-0.000522466,Medium,Decline,1768,,85,11110296.85,21995.1063
4049,53033006900,69,Census Tract 69,Queen Anne,12.3,2023,2.57,1685,0.01984127,0.021831413,Medium,Stable,493,,35,9742176.65,15666.54395
4050,53033006000,60,Census Tract 60,Queen Anne,12.3,2023,2.75,2027,0.014760148,0.012993503,Medium,Stable,852,,56,14158764.71,19123.03263
4051,53033005201,52.01,Census Tract 52.01,Wallingford,11.2,2023,3.34,1541,-0.014749263,-0.01596424,Medium,Decline,719,,26,7536632.481,14175.92406
4052,53033005000,50,Census Tract 50,Wallingford,11.2,2023,3.11,1953,0.040133779,0.041044776,High,Stable,1371,,70,8151942.295,11560.14801
4053,53033008600,86,Census Tract 86,First Hill,6.1,2023,3.21,1742,-0.009259259,-0.009101251,Medium,Decline,2811,,59,7656616.626,11640.72061
4054,53033008002,80.02,Census Tract 80.02,Belltown,13.1,2023,3.36,2397,0.01510574,0.014817951,High,Stable,2174,,18,2522029.808,7998.382466
4055,53033007901,79.01,Census Tract 79.01,Central Area/Squire Park,5.3,2023,2.66,1703,0,0,Medium,Stable,1053,,50,2876299.502,7879.404339
4056,53033007202,72.02,Census Tract 72.02,Cascade/Eastlake,11.3,2023,3.9,2878,0.023622047,0.022017045,High,Stable,2195,,14,3020075.663,7591.701883
4057,53033007301,73.01,Census Tract 73.01,Cascade/Eastlake,11.3,2023,3.27,2299,0.003067485,0.003054101,High,Stable,2365,,17,2699344.108,7422.610693
4058,53033010302,103.02,Census Tract 103.02,Columbia City,4.2,2023,2.94,2057,0.013793103,0.011805214,High,Stable,1424,,25,6804418.751,11267.2532
4059,53033009100,91,Census Tract 91,Pioneer Square/International District,13.3,2023,2.99,1900,0.017006803,0.016042781,Medium,Stable,2071,,17,4419685.266,10608.38541
4060,53033009200,92,Census Tract 92,Pioneer Square/International District,13.3,2023,2.99,1773,-0.03236246,-0.03220524,Medium,Decline,486,,12,3456088.55,12687.12119
4061,53033011700,117,Census Tract 117,South Beacon Hill/NewHolly,3.4,2023,0,0,0,0,,,0,,0,37826036.26,29439.62674
4062,53033000500,5,Census Tract 5,Broadview/Bitter Lake,9.1,2023,0,0,0,0,,,0,,0,30294741.05,27094.56678
4063,53033000601,6.01,Census Tract 6.01,Haller Lake,9.5,2023,2.21,1558,0.00913242,0.00516129,Low,Stable,626,,18,15404952.58,20078.95648
4064,53033003500,35,Census Tract 35,Greenwood/Phinney Ridge,9.3,2023,2.74,1347,-0.010830325,-0.011013216,Low,Decline,313,,22,13828061.67,16634.34896
4065,53033001500,15,Census Tract 15,North Beach/Blue Ridge,10.1,2023,1.07,1241,0.009433962,0.011409943,Low,Stable,64,,5,12300447.06,13960.37955
4066,53033001400,14,Census Tract 14,North Beach/Blue Ridge,10.1,2023,2.12,1697,0.014354067,0.018607443,Low,Stable,433,,21,23073388.66,30536.33745
4067,53033001300,13,Census Tract 13,Licton Springs,9.2,2023,2.12,1319,0,0.003041825,Low,Stable,973,,76,12710036.99,14881.08705
4068,53033003800,38,Census Tract 38,Ravenna/Bryant,7.3,2023,3.85,1972,0,0.000507357,High,Stable,159,,6,6722791.394,10392.53155
4069,53033007001,70.01,Census Tract 70.01,Queen Anne,12.3,2023,2.61,1551,0.003846154,0.003883495,Low,Stable,1438,,50,3856290.05,9530.302569
4070,53033004800,48,Census Tract 48,Fremont,11.1,2023,3.08,1834,0.080701754,0.076923077,Medium,Stable,388,,30,13833886.82,18822.23657
4071,53033005100,51,Census Tract 51,Wallingford,11.2,2023,3.01,1317,0.013468013,0.013076923,Low,Stable,350,,24,9490350.153,13462.59155
4072,53033008200,82,Census Tract 82,First Hill,6.1,2023,3.15,2397,0.036184211,0.033635188,High,Stable,2557,,16,4044773.826,9102.140341
4073,53033010101,101.01,Census Tract 101.01,Columbia City,4.2,2023,3.23,1707,0.022151899,0.019104478,Medium,Stable,345,,11,9381810.131,15311.65671
4074,53033012100,121,Census Tract 121,Arbor Heights,1.1,2023,0,0,0,0,,,0,,0,18538900.93,25983.61624
4075,53033011901,119.01,Census Tract 119.01,Rainier Beach,4.1,2023,0,0,0,0,,,0,,0,18097640.74,20485.64554
4076,53033000602,6.02,Census Tract 6.02,Haller Lake,9.5,2023,2.29,1953,-0.033755274,-0.034124629,Medium,Decline,396,,9,25947507.86,23221.70475
4077,53033000201,2.01,Census Tract 2.01,Olympic Hills/Victory Heights,8.2,2023,2.08,1705,0.019607843,0.022182254,Low,Stable,873,,13,19446176.32,18651.57808
4078,53033003302,33.02,Census Tract 33.02,Whittier Heights,10.2,2023,2.34,1529,0.00862069,0.006583278,Low,Stable,552,,57,6749336.486,10550.81793
4079,53033005304,53.04,Census Tract 53.04,University District,7.2,2023,0,0,0,0,,,0,,0,786047.0981,4083.126066
4080,53033004202,42.02,Census Tract 42.02,Ravenna/Bryant,7.3,2023,3.02,2086,0.02027027,0.018057589,High,Stable,213,,7,13141688.45,15651.66637
4081,53033007404,74.04,Census Tract 74.04,Capitol Hill,6.2,2023,2.84,1659,0.014285714,0.012820513,Medium,Stable,1389,,64,1654579.828,5775.699987
4082,53033006701,67.01,Census Tract 67.01,Queen Anne,12.3,2023,3.22,2397,0.015772871,0.016970725,High,Stable,2479,,24,3639833.178,12143.77924
4083,53033007800,78,Census Tract 78,Madrona/Leschi,5.1,2023,2.3,1777,0.00877193,0.008513053,Low,Stable,91,,6,22245158.16,28746.37352
4084,53033007503,75.03,Census Tract 75.03,Capitol Hill,6.2,2023,3.3,2120,0,-0.000471476,High,Decline,1782,,26,2018614.368,6484.389482
4085,53033007201,72.01,Census Tract 72.01,Cascade/Eastlake,11.3,2023,3.28,2193,0.015479876,0.017633411,High,Stable,2271,,15,1622558.9,5873.216511
4086,53033007203,72.03,Census Tract 72.03,Cascade/Eastlake,11.3,2023,3.73,2656,0.056657224,0.056483691,High,Stable,2144,,17,6238804.943,12493.9648
4087,53033010301,103.01,Census Tract 103.01,Columbia City,4.2,2023,1.83,1600,0.011049724,0.012658228,Low,Stable,52,,4,10792262.46,16924.36851
4088,53033009900,99,Census Tract 99,North Delridge,2.1,2023,2.81,1637,0,0.001223242,Medium,Stable,1041,,27,70254374.71,64633.66158
4089,53033009500,95,Census Tract 95,Mt. Baker/North Rainier,4.4,2023,2.93,1381,0.006872852,0.005094614,Low,Stable,347,,17,27424305.67,29618.2113
4090,53033009400,94,Census Tract 94,North Beacon Hill/Jefferson Park,3.6,2023,3.21,1834,0.022292994,0.021158129,High,Stable,886,,57,18150625.68,18874.58318
4091,53033011801,118.01,Census Tract 118.01,Rainier Beach,4.1,2023,1.87,1320,0.010810811,0.013046815,Low,Stable,258,,12,12671173.51,15849.81354
4092,53033011602,116.02,Census Tract 116.02,Fauntleroy/Seaview,1.2,2023,2.2,1514,0.009174312,0.008660893,Low,Stable,113,,13,16924173.23,24704.04057
4093,53033011401,114.01,Census Tract 114.01,Roxhill/Westwood,2.4,2023,2.37,2073,0,-0.002886003,Medium,Decline,565,,6,13273369.14,17478.05916
4094,53033010701,107.01,Census Tract 107.01,High Point,2.2,2023,2.21,1881,-0.026431718,-0.025388601,Low,Decline,214,,5,15726285.72,21302.36518
4095,53033010602,106.02,Census Tract 106.02,Fauntleroy/Seaview,1.2,2023,2.3,1522,0.017699115,0.019423979,Low,Stable,389,,24,15462014.06,23774.94714
4096,53033000900,9,Census Tract 9,Cedar Park/Meadowbrook,8.3,2023,0,0,0,0,,,0,,0,10031158.89,20828.1662
4097,53033000402,4.02,Census Tract 4.02,Broadview/Bitter Lake,9.1,2023,2.01,1349,0.015151515,0.013523666,Low,Stable,589,,28,19362220.52,21397.1753
4098,53033000300,3,Census Tract 3,Haller Lake,9.5,2023,1.48,1123,0.006802721,0.005371531,Low,Stable,83,,7,13033864.6,17298.02954
4099,53033003202,32.02,Census Tract 32.02,Sunset Hill/Loyal Heights,10.3,2023,2.53,1719,0.016064257,0.018364929,Medium,Stable,387,,35,10289818.46,12945.39486
4100,53033003000,30,Census Tract 30,Whittier Heights,10.2,2023,2.78,1741,0.018315018,0.0187244,Medium,Stable,354,,27,16072222.01,16061.94762
4101,53033001701,17.01,Census Tract 17.01,Greenwood/Phinney Ridge,9.3,2023,2.9,1825,-0.064516129,-0.061696658,Medium,Decline,1350,,38,9609026.085,17164.45478
4102,53033001600,16,Census Tract 16,North Beach/Blue Ridge,10.1,2023,3.22,1930,0.009404389,0.010471204,High,Stable,222,,14,20575392.71,23147.64598
4103,53033002100,21,Census Tract 21,Wedgwood/View Ridge,7.4,2023,3.42,1351,-0.036619718,-0.036376605,Medium,Decline,483,,17,14696796.74,16139.92186
4104,53033003900,39,Census Tract 39,Wedgwood/View Ridge,7.4,2023,1.85,1264,0.005434783,0.003971406,Low,Stable,108,,8,10481334.98,13200.90921
4105,53033007102,71.02,Census Tract 71.02,Queen Anne,12.3,2023,3.11,2025,-0.003205128,-0.004914005,High,Decline,1530,,29,3615500.898,11499.94075
4106,53033006702,67.02,Census Tract 67.02,Queen Anne,12.3,2023,3.43,2340,0.017804154,0.017833841,High,Stable,1288,,35,3280147.995,8593.864905
4107,53033005401,54.01,Census Tract 54.01,Fremont,11.1,2023,3.56,2289,0.034883721,0.033875339,High,Stable,1181,,38,7892270.588,19740.10787
4108,53033008004,80.04,Census Tract 80.04,Belltown,13.1,2023,2.91,2225,0.017482517,0.015054745,High,Stable,1067,,10,2908326.633,14944.97959
4109,53033008003,80.03,Census Tract 80.03,Belltown,13.1,2023,3.22,2106,-0.009230769,-0.008941176,High,Decline,1361,,13,2122043.711,8720.999421
4110,53033008402,84.02,Census Tract 84.02,Capitol Hill,6.2,2023,3.12,1908,-0.006369427,-0.007284079,High,Decline,2033,,42,1565507.715,5220.868487
4111,53033007303,73.03,Census Tract 73.03,Cascade/Eastlake,11.3,2023,3.97,3227,-0.050239234,-0.049764429,High,Decline,3277,,13,3374596.393,7984.863522
4112,53033010002,100.02,Census Tract 100.02,North Beacon Hill/Jefferson Park,3.6,2023,2.87,1790,0.021352313,0.021106674,Medium,Stable,671,,23,10204645.64,13732.76539
4113,53033011902,119.02,Census Tract 119.02,Rainier Beach,4.1,2023,0,0,0,0,,,0,,0,16290813.63,28897.59863
4114,53033011802,118.02,Census Tract 118.02,Rainier Beach,4.1,2023,2.53,1550,0.003968254,0.005188067,Low,Stable,67,,3,12323056.74,17201.54679
4115,53033004703,47.03,Census Tract 47.03,Ballard,10.4,2023,3.19,1780,0.009493671,0.007357102,High,Stable,1194,,57,13030918.14,18718.85939
4116,53033001000,10,Census Tract 10,Cedar Park/Meadowbrook,8.3,2023,2.09,1594,0.024509804,0.022450289,Low,Stable,122,,5,10270271.69,13147.0306
4117,53033000403,4.03,Census Tract 4.03,Broadview/Bitter Lake,9.1,2023,2.11,1581,-0.004716981,-0.005034613,Low,Decline,454,,12,7881185.923,14097.02669
4118,53033003201,32.01,Census Tract 32.01,Sunset Hill/Loyal Heights,10.3,2023,3.28,2107,0.003058104,0.005248092,High,Stable,1240,,30,11927788.62,32094.50339
4119,53033004600,46,Census Tract 46,Green Lake,9.4,2023,2.25,1405,0.00896861,0.008614501,Low,Stable,65,,7,27829368.76,25514.224
4120,53033004702,47.02,Census Tract 47.02,Ballard,10.4,2023,3.32,2004,0.050632911,0.051968504,High,Stable,1748,,46,2867507.734,6956.449675
4121,53033002700,27,Census Tract 27,Green Lake,9.4,2023,2.33,1702,0.013043478,0.014302741,Low,Stable,359,,25,17058079.28,21942.83528
4122,53033001800,18,Census Tract 18,Licton Springs,9.2,2023,2.12,1488,0.004739336,0.004726536,Low,Stable,762,,65,10182882.27,13946.10003
4123,53033005202,52.02,Census Tract 52.02,Wallingford,11.2,2023,3.01,1741,-0.00660066,-0.006845408,Medium,Decline,1708,,57,2865193.636,7845.303217
4124,53033005303,53.03,Census Tract 53.03,University District,7.2,2023,0,0,0,0,,,0,,0,24349784.49,33904.62137
4125,53033004402,44.02,Census Tract 44.02,University District,7.2,2023,3.04,1518,0.020134228,0.018791946,Medium,Stable,1310,,66,3175021.433,7487.979857
4126,53033004401,44.01,Census Tract 44.01,University District,7.2,2023,3.3,1512,0.012269939,0.014765101,Medium,Stable,559,,32,7479571.761,12948.97514
4127,53033005307,53.07,Census Tract 53.07,University District,7.2,2023,3.23,1345,0.025396825,0.023592085,Medium,Stable,491,,21,1399526.48,4758.85069
4128,53033004101,41.01,Census Tract 41.01,Laurelhurst/Sand Point,7.5,2023,1.81,1190,0,0.003372681,Low,Stable,71,,3,16716852.66,24230.15794
4129,53033005402,54.02,Census Tract 54.02,Fremont,11.1,2023,3.31,2035,0.009146341,0.009424603,High,Stable,924,,43,4993141.865,10063.79785
4130,53033007700,77,Census Tract 77,Central Area/Squire Park,5.3,2023,3.32,1484,-0.011904762,-0.010666667,Medium,Decline,468,,23,11391208.22,15242.20976
4131,53033007502,75.02,Census Tract 75.02,Capitol Hill,6.2,2023,3.26,1934,0,-0.001548787,High,Decline,2092,,68,3400503.555,7403.629293
4132,53033007600,76,Census Tract 76,Miller Park,6.4,2023,3.13,1826,0.012944984,0.014444444,High,Stable,1104,,58,6155389.389,9906.368336
4133,53033010200,102,Census Tract 102,Seward Park,4.3,2023,1.94,1350,0.015706806,0.012753188,Low,Stable,76,,4,30129079.21,33439.4694
4134,53033010401,104.01,Census Tract 104.01,Beacon Hill,3.5,2023,0,0,0,0,,,0,,0,17543421.03,17342.9302
4135,53033010402,104.02,Census Tract 104.02,Beacon Hill,3.5,2023,1.9,1446,0.010638298,0.014025245,Low,Stable,71,,5,18759692.89,18925.04301
4136,53033010501,105.01,Census Tract 105.01,West Seattle Junction/Genesee Hill,1.3,2023,2.98,2082,0.027586207,0.025615764,High,Stable,1930,,21,7986746.715,12490.0968
4137,53033010102,101.02,Census Tract 101.02,Columbia City,4.2,2023,0,0,0,0,,,0,,0,17314610.04,22274.17077
4138,53033009802,98.02,Census Tract 98.02,West Seattle Junction/Genesee Hill,1.3,2023,3.16,1851,0.01607717,0.017032967,High,Stable,390,,21,9927510.523,12982.75493
4139,53033009000,90,Census Tract 90,Judkins Park,5.2,2023,2.78,1878,-0.024561404,-0.023908524,Medium,Decline,800,,21,9212173.197,14319.10299
4140,53033026400,264,Census Tract 264,South Park,3.1,2023,0,0,0,0,,,0,,0,461382.0486,5763.407674
4141,53033001201,12.01,Census Tract 12.01,Northgate/Maple Leaf,8.1,2024,2.47,1758,-0.027559055,-0.026038781,Low,Decline,1629,,24,10851861.64,15899.77334
4142,53033000404,4.04,Census Tract 4.04,Broadview/Bitter Lake,9.1,2024,2.32,1882,-0.004291845,-0.001591512,Medium,Decline,509,,7,6791652.724,12962.55841
4143,53033004901,49.01,Census Tract 49.01,Fremont,11.1,2024,2.59,1533,0.003875969,0.004587156,Low,Stable,1084,,109,5350888.215,9379.655767
4144,53033003601,36.01,Census Tract 36.01,Green Lake,9.4,2024,3.19,1820,0.012698413,0.010549695,High,Stable,999,,41,7255879.068,11894.28889
4145,53033002800,28,Census Tract 28,Greenwood/Phinney Ridge,9.3,2024,2.27,1417,0.008888889,0.005677786,Low,Stable,376,,35,10637151.82,13201.3113
4146,53033003100,31,Census Tract 31,Sunset Hill/Loyal Heights,10.3,2024,2.12,1462,0.019230769,0.01810585,Low,Stable,112,,15,23137464.05,24704.5678
4147,53033006400,64,Census Tract 64,Miller Park,6.4,2024,2.47,2078,0.020661157,0.017131669,Medium,Stable,103,,5,9726351.904,13186.77018
4148,53033004301,43.01,Census Tract 43.01,Ravenna/Bryant,7.3,2024,4.13,2664,0.116216216,0.117449664,High,Rise,606,,10,10539780.57,17192.70375
4149,53033002500,25,Census Tract 25,Ravenna/Bryant,7.3,2024,2.82,2047,0.007142857,0.00738189,Medium,Stable,64,,3,10594634.3,16442.96859
4150,53033002200,22,Census Tract 22,Wedgwood/View Ridge,7.4,2024,2.81,2394,0.014440433,0.013547841,High,Stable,164,,6,30127208.02,28505.80679
4151,53033004000,40,Census Tract 40,Laurelhurst/Sand Point,7.5,2024,1.83,1236,0.011049724,0.008156607,Low,Stable,69,,3,26374983.68,27560.01384
4152,53033005804,58.04,Census Tract 58.04,Interbay,12.2,2024,2.96,1974,0.010238908,0.010752688,High,Stable,1064,,38,25124062.74,48668.27224
4153,53033006800,68,Census Tract 68,Queen Anne,12.3,2024,3.79,2517,-0.005249344,-0.005924171,High,Decline,868,,27,7729250.272,11275.37735
4154,53033008102,81.02,Census Tract 81.02,Downtown Commercial Core,13.2,2024,3.85,3371,-0.027777778,-0.029089862,High,Decline,1310,,9,5987812.086,14339.99503
4155,53033008101,81.01,Census Tract 81.01,Downtown Commercial Core,13.2,2024,3.25,2831,0.045016077,0.043109801,High,Stable,1054,,6,2992165.479,11427.14676
4156,53033007902,79.02,Census Tract 79.02,Central Area/Squire Park,5.3,2024,3.1,2121,0.029900332,0.031113272,High,Stable,1212,,22,4641637.8,9715.120877
4157,53033007302,73.02,Census Tract 73.02,Cascade/Eastlake,11.3,2024,4.09,3310,0.038071066,0.039246468,High,Stable,3708,,10,3368769.265,7802.426354
4158,53033007101,71.01,Census Tract 71.01,Queen Anne,12.3,2024,3.27,2178,0.031545741,0.032716927,High,Stable,2228,,33,5328474.607,9004.947227
4159,53033009300,93,Census Tract 93,Duwamish/SODO,3.3,2024,3.15,2259,0,-0.000884564,High,Decline,780,,14,102171584.8,53946.37345
4160,53033010502,105.02,Census Tract 105.02,West Seattle Junction/Genesee Hill,1.3,2024,2.87,1944,0.028673835,0.029115934,Medium,Stable,1520,,30,10504351.34,14546.13624
4161,53033010001,100.01,Census Tract 100.01,North Beacon Hill/Jefferson Park,3.6,2024,2.71,1720,0.01119403,0.008797654,Medium,Stable,692,,21,25052474.61,25628.92453
4162,53033009801,98.01,Census Tract 98.01,West Seattle Junction/Genesee Hill,1.3,2024,3.17,2123,0.019292605,0.01822542,High,Stable,586,,23,10814248.94,13291.54908
4163,53033008900,89,Census Tract 89,Madrona/Leschi,5.1,2024,3.07,2118,-0.028481013,-0.028885832,High,Decline,852,,19,13690717.17,19328.7464
4164,53033026300,263,Census Tract 263,Rainier Beach,4.1,2024,0,0,0,0,,,0,,0,30724.63332,954.0480244
4165,53033012000,120,Census Tract 120,Arbor Heights,1.1,2024,0,0,0,0,,,0,,0,15560990.44,16787.97428
4166,53033011101,111.01,Census Tract 111.01,Columbia City,4.2,2024,2.64,1703,-0.043478261,-0.042182227,Medium,Decline,944,,14,12236718.08,15552.07435
4167,53033011001,110.01,Census Tract 110.01,South Beacon Hill/NewHolly,3.4,2024,2.7,2317,0.163793103,0.163736816,High,Rise,182,,2,11629041.07,16287.35531
4168,53033010800,108,Census Tract 108,Riverview,2.3,2024,1.9,1330,0.005291005,0.004531722,Low,Stable,59,,3,44087445.22,39019.3475
4169,53033000800,8,Census Tract 8,Cedar Park/Meadowbrook,8.3,2024,0,0,0,0,,,0,,0,12290810.02,15312.08746
4170,53033003400,34,Census Tract 34,Greenwood/Phinney Ridge,9.3,2024,1.61,993,0.012578616,0.013265306,Low,Stable,105,,10,8472471.715,12629.32293
4171,53033005306,53.06,Census Tract 53.06,University District,7.2,2024,3.18,1758,0.032467532,0.029876977,Medium,Stable,836,,20,2157906.058,5954.872623
4172,53033004302,43.02,Census Tract 43.02,Ravenna/Bryant,7.3,2024,3.27,1985,0.003067485,0.003031834,High,Stable,1334,,63,3564115.67,7987.274419
4173,53033002400,24,Census Tract 24,Wedgwood/View Ridge,7.4,2024,0,0,0,0,,,0,,0,10359919.78,13151.71252
4174,53033004102,41.02,Census Tract 41.02,Laurelhurst/Sand Point,7.5,2024,2.95,2085,0.013745704,0.011644833,High,Stable,487,,7,17933927.27,23350.80029
4175,53033005600,56,Census Tract 56,Magnolia,12.1,2024,0,0,0,0,,,0,,0,32045056.14,29943.50553
4176,53033006703,67.03,Census Tract 67.03,Queen Anne,12.3,2024,2.7,2067,0.011235955,0.01174743,Medium,Stable,608,,35,6427171.884,10846.49304
4177,53033006100,61,Census Tract 61,Montlake/Portage Bay,7.1,2024,3.16,1838,0.006369427,0.00547046,High,Stable,1812,,90,11959193.74,21477.26483
4178,53033005700,57,Census Tract 57,Magnolia,12.1,2024,2.08,1561,0.009708738,0.010355987,Low,Stable,352,,28,53305584.43,44506.56554
4179,53033005901,59.01,Census Tract 59.01,Queen Anne,12.3,2024,2.66,1689,0,0.001185536,Medium,Stable,459,,30,8449086.719,19075.29242
4180,53033008401,84.01,Census Tract 84.01,Capitol Hill,6.2,2024,3.3,2111,-0.003021148,-0.002834199,High,Decline,2326,,26,2700766.609,9275.818268
4181,53033008300,83,Census Tract 83,First Hill,6.1,2024,2.99,2019,-0.01320132,-0.013196481,High,Decline,1196,,14,2561276.498,8632.134894
4182,53033007501,75.01,Census Tract 75.01,Capitol Hill,6.2,2024,3.13,1804,-0.003184713,0.000554631,Medium,Decline,2096,,92,3210519.937,7219.623642
4183,53033009702,97.02,Census Tract 97.02,West Seattle Junction/Genesee Hill,1.3,2024,2.66,1717,0.027027027,0.029376499,Medium,Stable,105,,7,23899907.43,28258.76257
4184,53033008800,88,Census Tract 88,Central Area/Squire Park,5.3,2024,2.98,1890,0.159533074,0.160933661,Medium,Rise,752,Medium,31,10210038.86,13202.52686
4185,53033008500,85,Census Tract 85,First Hill,6.1,2024,3.42,2271,-0.002915452,-0.001758242,High,Decline,1556,,21,4854121.319,9025.581615
4186,53033026500,265,Census Tract 265,Highland Park,2.5,2024,0,0,0,0,,,0,,0,4617675.483,11234.96478
4187,53033011601,116.01,Census Tract 116.01,Fauntleroy/Seaview,1.2,2024,1.6,1111,0.025641026,0.021139706,Low,Stable,80,,6,16710842.89,20011.96599
4188,53033011300,113,Census Tract 113,Highland Park,2.5,2024,1.93,1561,-0.063106796,-0.063587283,Low,Decline,334,,17,37260682.97,27184.16139
4189,53033011500,115,Census Tract 115,Roxhill/Westwood,2.4,2024,2.14,1525,0.004694836,0.001971091,Low,Stable,294,,13,16558652.75,19887.30894
4190,53033010601,106.01,Census Tract 106.01,Fauntleroy/Seaview,1.2,2024,2.64,1618,0.003802281,0.006218905,Low,Stable,432,,27,11724162.32,14458.83704
4191,53033001202,12.02,Census Tract 12.02,Northgate/Maple Leaf,8.1,2024,2.74,2015,-0.041958042,-0.043209877,Medium,Decline,1865,,16,8841145.884,13324.99009
4192,53033000102,1.02,Census Tract 1.02,Cedar Park/Meadowbrook,8.3,2024,2.46,1773,0.008196721,0.001694915,Medium,Stable,1195,,19,15446821.48,19552.36233
4193,53033004701,47.01,Census Tract 47.01,Ballard,10.4,2024,3.03,2105,-0.016233766,-0.013589503,High,Decline,1486,,54,6036028.326,13539.04763
4194,53033004500,45,Census Tract 45,Wallingford,11.2,2024,2.28,1991,0.008849558,0.007081437,Medium,Stable,53,,3,7222109.888,11018.30209
4195,53033002900,29,Census Tract 29,Greenwood/Phinney Ridge,9.3,2024,2.79,1979,0.003597122,0.006612411,Medium,Stable,321,,26,10614791.11,13366.31967
4196,53033004201,42.01,Census Tract 42.01,Ravenna/Bryant,7.3,2024,1.92,1686,0.005235602,0.00476758,Low,Stable,178,,10,13390664.27,18286.14392
4197,53033007403,74.03,Census Tract 74.03,Capitol Hill,6.2,2024,2.9,1723,-0.016949153,-0.01711352,Medium,Decline,1586,,52,1276089.069,5227.495287
4198,53033007002,70.02,Census Tract 70.02,Queen Anne,12.3,2024,2.93,1901,0.020905923,0.019302949,Medium,Stable,1758,,74,4746869.846,9490.799057
4199,53033005803,58.03,Census Tract 58.03,Interbay,12.2,2024,2.07,1493,0.019704433,0.017029973,Low,Stable,382,,32,8956173.425,17129.19881
4200,53033005902,59.02,Census Tract 59.02,Queen Anne,12.3,2024,2.14,1642,0.004694836,0.004281346,Low,Stable,103,,10,11010649.89,15184.22057
4201,53033004902,49.02,Census Tract 49.02,Fremont,11.1,2024,3.25,1896,-0.003067485,-0.000527148,High,Decline,1064,,68,6448262.34,10801.73149
4202,53033005801,58.01,Census Tract 58.01,Interbay,12.2,2024,2.39,2094,0.008438819,0.008184882,Medium,Stable,1305,,45,19618424.24,25500.01395
4203,53033007406,74.06,Census Tract 74.06,Capitol Hill,6.2,2024,3.03,1588,-0.013029316,-0.012437811,Medium,Decline,1442,,45,1623443.827,6764.477241
4204,53033007405,74.05,Census Tract 74.05,Capitol Hill,6.2,2024,2.92,1600,0,0.001878522,Medium,Stable,1505,,52,1418974.042,5012.79869
4205,53033009701,97.01,Census Tract 97.01,Alki/Admiral,1.4,2024,2.23,1868,0.037209302,0.040089087,Low,Stable,400,,36,19291172.12,29764.00034
4206,53033009600,96,Census Tract 96,Alki/Admiral,1.4,2024,2.11,1679,0.009569378,0.010836845,Low,Stable,469,,35,19741501.65,20745.406
4207,53033008700,87,Census Tract 87,Central Area/Squire Park,5.3,2024,2.87,1656,0.028673835,0.029850746,Medium,Stable,626,,43,7883013.17,11432.38421
4208,53033011402,114.02,Census Tract 114.02,Roxhill/Westwood,2.4,2024,2.47,1481,0.042194093,0.039298246,Low,Stable,617,,28,12779277.86,17351.05501
4209,53033011200,112,Census Tract 112,South Park,3.1,2024,1.47,890,0.006849315,0.004514673,Low,Stable,175,,15,26463890.03,27002.33758
4210,53033010900,109,Census Tract 109,Georgetown,3.2,2024,2.64,1318,0.011494253,0.009188361,Low,Stable,110,,11,51677122.71,44978.75384
4211,53033011002,110.02,Census Tract 110.02,South Beacon Hill/NewHolly,3.4,2024,0,0,0,0,,,0,,0,18508908.46,22511.12676
4212,53033011102,111.02,Census Tract 111.02,Seward Park,4.3,2024,2.2,1456,0.023255814,0.02247191,Low,Stable,450,,22,13970026.69,20411.17006
4213,53033010702,107.02,Census Tract 107.02,High Point,2.2,2024,2.83,1998,0.044280443,0.047169811,Medium,Stable,114,,2,8396926.793,14935.93024
4214,53033001100,11,Census Tract 11,Olympic Hills/Victory Heights,8.2,2024,1.96,1459,-0.015075377,-0.016846361,Low,Decline,188,,11,11416399.59,14159.12735
4215,53033000700,7,Census Tract 7,Olympic Hills/Victory Heights,8.2,2024,2.29,1605,0.065116279,0.058009229,Low,Stable,1027,,56,13932242.39,16134.02991
4216,53033000202,2.02,Census Tract 2.02,Olympic Hills/Victory Heights,8.2,2024,2.17,1729,0.095959596,0.092229943,Low,Stable,182,,5,15930118.49,17285.82737
4217,53033000101,1.01,Census Tract 1.01,Cedar Park/Meadowbrook,8.3,2024,2.2,1565,0.013824885,0.011635423,Low,Stable,1353,,34,4465058.881,8662.074215
4218,53033003301,33.01,Census Tract 33.01,Whittier Heights,10.2,2024,2.88,1730,0.003484321,0.004062681,Medium,Stable,832,,63,7202858.493,11177.18133
4219,53033003602,36.02,Census Tract 36.02,Green Lake,9.4,2024,3.38,1970,0,0.000507872,High,Stable,2898,,60,5621886.085,11471.09438
4220,53033001900,19,Census Tract 19,Northgate/Maple Leaf,8.1,2024,3.03,2221,0,0.00045045,High,Stable,586,,10,17945171.52,18948.48127
4221,53033001702,17.02,Census Tract 17.02,Greenwood/Phinney Ridge,9.3,2024,0,0,0,0,,,0,,0,13779275.76,17476.40751
4222,53033006500,65,Census Tract 65,North Capitol Hill,6.3,2024,2.88,1902,0.035971223,0.037077426,Medium,Stable,1210,,78,12352257.76,17921.50133
4223,53033006200,62,Census Tract 62,Montlake/Portage Bay,7.1,2024,0,0,0,0,,,0,,0,24610619.74,40010.59926
4224,53033005305,53.05,Census Tract 53.05,University District,7.2,2024,3.3,1590,0.03125,0.030460143,Medium,Stable,1267,,38,2292236.616,6048.609222
4225,53033002600,26,Census Tract 26,Ravenna/Bryant,7.3,2024,3.2,1988,0.003134796,0.001511335,High,Stable,755,,8,13398040.18,15933.9379
4226,53033002000,20,Census Tract 20,Northgate/Maple Leaf,8.1,2024,2.34,1755,0.012987013,0.015037594,Low,Stable,206,,9,12183878.82,15509.54571
4227,53033006300,63,Census Tract 63,Madison Park,6.5,2024,2.75,2085,0.018518519,0.017569546,Medium,Stable,578,,20,27750333.4,36285.84892
4228,53033006600,66,Census Tract 66,Cascade/Eastlake,11.3,2024,2.95,1959,0.024305556,0.024046001,High,Stable,1825,,86,11110296.85,21995.1063
4229,53033006900,69,Census Tract 69,Queen Anne,12.3,2024,2.58,1690,0.003891051,0.002967359,Medium,Stable,493,,35,9742176.65,15666.54395
4230,53033006000,60,Census Tract 60,Queen Anne,12.3,2024,2.79,2053,0.014545455,0.012826838,Medium,Stable,852,,56,14158764.71,19123.03263
4231,53033005201,52.01,Census Tract 52.01,Wallingford,11.2,2024,3.39,1563,0.01497006,0.014276444,Medium,Stable,719,,26,7536632.481,14175.92406
4232,53033005000,50,Census Tract 50,Wallingford,11.2,2024,3.19,2003,0.025723473,0.025601639,High,Stable,1504,,72,8151942.295,11560.14801
4233,53033008600,86,Census Tract 86,First Hill,6.1,2024,3.15,1710,-0.018691589,-0.01836969,Medium,Decline,3107,,61,7656616.626,11640.72061
4234,53033008002,80.02,Census Tract 80.02,Belltown,13.1,2024,3.38,2411,0.005952381,0.005840634,High,Stable,2174,,18,2522029.808,7998.382466
4235,53033007901,79.01,Census Tract 79.01,Central Area/Squire Park,5.3,2024,2.68,1715,0.007518797,0.007046389,Medium,Stable,1053,,50,2876299.502,7879.404339
4236,53033007202,72.02,Census Tract 72.02,Cascade/Eastlake,11.3,2024,3.95,2916,0.012820513,0.013203614,High,Stable,2195,,14,3020075.663,7591.701883
4237,53033007301,73.01,Census Tract 73.01,Cascade/Eastlake,11.3,2024,3.48,2449,0.064220183,0.065245759,High,Stable,2365,,17,2699344.108,7422.610693
4238,53033010302,103.02,Census Tract 103.02,Columbia City,4.2,2024,2.96,2074,0.006802721,0.008264463,High,Stable,1498,,26,6804418.751,11267.2532
4239,53033009100,91,Census Tract 91,Pioneer Square/International District,13.3,2024,2.9,1842,-0.030100334,-0.030526316,Medium,Decline,2636,,19,4419685.266,10608.38541
4240,53033009200,92,Census Tract 92,Pioneer Square/International District,13.3,2024,3.02,1790,0.010033445,0.009588268,Medium,Stable,552,,13,3456088.55,12687.12119
4241,53033011700,117,Census Tract 117,South Beacon Hill/NewHolly,3.4,2024,0,0,0,0,,,0,,0,37826036.26,29439.62674
4242,53033000500,5,Census Tract 5,Broadview/Bitter Lake,9.1,2024,0,0,0,0,,,0,,0,30294741.05,27094.56678
4243,53033000601,6.01,Census Tract 6.01,Haller Lake,9.5,2024,2.23,1577,0.009049774,0.012195122,Low,Stable,626,,18,15404952.58,20078.95648
4244,53033003500,35,Census Tract 35,Greenwood/Phinney Ridge,9.3,2024,2.75,1354,0.003649635,0.005196733,Low,Stable,313,,22,13828061.67,16634.34896
4245,53033001500,15,Census Tract 15,North Beach/Blue Ridge,10.1,2024,1.08,1258,0.009345794,0.01369863,Low,Stable,64,,5,12300447.06,13960.37955
4246,53033001400,14,Census Tract 14,North Beach/Blue Ridge,10.1,2024,2.2,1765,0.037735849,0.040070713,Low,Stable,433,,21,23073388.66,30536.33745
4247,53033001300,13,Census Tract 13,Licton Springs,9.2,2024,2.13,1324,0.004716981,0.003790751,Low,Stable,973,,76,12710036.99,14881.08705
4248,53033003800,38,Census Tract 38,Ravenna/Bryant,7.3,2024,3.82,1957,-0.007792208,-0.007606491,High,Decline,159,,6,6722791.394,10392.53155
4249,53033007001,70.01,Census Tract 70.01,Queen Anne,12.3,2024,2.69,1598,0.030651341,0.03030303,Low,Stable,1438,,50,3856290.05,9530.302569
4250,53033004800,48,Census Tract 48,Fremont,11.1,2024,3.09,1838,0.003246753,0.002181025,Medium,Stable,388,,30,13833886.82,18822.23657
4251,53033005100,51,Census Tract 51,Wallingford,11.2,2024,3.01,1320,0,0.002277904,Low,Stable,350,,24,9490350.153,13462.59155
4252,53033008200,82,Census Tract 82,First Hill,6.1,2024,3.22,2455,0.022222222,0.024196913,High,Stable,2557,,16,4044773.826,9102.140341
4253,53033010101,101.01,Census Tract 101.01,Columbia City,4.2,2024,3.24,1715,0.003095975,0.004686585,Medium,Stable,345,,11,9381810.131,15311.65671
4254,53033012100,121,Census Tract 121,Arbor Heights,1.1,2024,0,0,0,0,,,0,,0,18538900.93,25983.61624
4255,53033011901,119.01,Census Tract 119.01,Rainier Beach,4.1,2024,0,0,0,0,,,0,,0,18097640.74,20485.64554
4256,53033000602,6.02,Census Tract 6.02,Haller Lake,9.5,2024,2.32,1978,0.013100437,0.012800819,Medium,Stable,396,,9,25947507.86,23221.70475
4257,53033000201,2.01,Census Tract 2.01,Olympic Hills/Victory Heights,8.2,2024,2.17,1778,0.043269231,0.042815249,Low,Stable,873,,13,19446176.32,18651.57808
4258,53033003302,33.02,Census Tract 33.02,Whittier Heights,10.2,2024,2.37,1549,0.012820513,0.013080445,Low,Stable,552,,57,6749336.486,10550.81793
4259,53033005304,53.04,Census Tract 53.04,University District,7.2,2024,0,0,0,0,,,0,,0,786047.0981,4083.126066
4260,53033004202,42.02,Census Tract 42.02,Ravenna/Bryant,7.3,2024,3.26,2254,0.079470199,0.080536913,High,Stable,213,,7,13141688.45,15651.66637
4261,53033007404,74.04,Census Tract 74.04,Capitol Hill,6.2,2024,2.8,1638,-0.014084507,-0.012658228,Medium,Decline,1480,,65,1654579.828,5775.699987
4262,53033006701,67.01,Census Tract 67.01,Queen Anne,12.3,2024,3.35,2489,0.040372671,0.03838131,High,Stable,2479,,24,3639833.178,12143.77924
4263,53033007800,78,Census Tract 78,Madrona/Leschi,5.1,2024,2.31,1791,0.004347826,0.007878447,Low,Stable,91,,6,22245158.16,28746.37352
4264,53033007503,75.03,Census Tract 75.03,Capitol Hill,6.2,2024,3.27,2097,-0.009090909,-0.010849057,High,Decline,1782,,26,2018614.368,6484.389482
4265,53033007201,72.01,Census Tract 72.01,Cascade/Eastlake,11.3,2024,3.29,2201,0.00304878,0.003647971,High,Stable,2595,,17,1622558.9,5873.216511
4266,53033007203,72.03,Census Tract 72.03,Cascade/Eastlake,11.3,2024,3.77,2687,0.010723861,0.011671687,High,Stable,2696,,19,6238804.943,12493.9648
4267,53033010301,103.01,Census Tract 103.01,Columbia City,4.2,2024,1.85,1615,0.010928962,0.009375,Low,Stable,52,,4,10792262.46,16924.36851
4268,53033009900,99,Census Tract 99,North Delridge,2.1,2024,2.85,1660,0.014234875,0.014050092,Medium,Stable,1156,,28,70254374.71,64633.66158
4269,53033009500,95,Census Tract 95,Mt. Baker/North Rainier,4.4,2024,2.99,1412,0.020477816,0.022447502,Medium,Stable,347,,17,27424305.67,29618.2113
4270,53033009400,94,Census Tract 94,North Beacon Hill/Jefferson Park,3.6,2024,2.89,1657,-0.099688474,-0.09651036,Medium,Decline,1620,,60,18150625.68,18874.58318
4271,53033011801,118.01,Census Tract 118.01,Rainier Beach,4.1,2024,1.89,1335,0.010695187,0.011363636,Low,Stable,258,,12,12671173.51,15849.81354
4272,53033011602,116.02,Census Tract 116.02,Fauntleroy/Seaview,1.2,2024,2.2,1520,0,0.003963012,Low,Stable,113,,13,16924173.23,24704.04057
4273,53033011401,114.01,Census Tract 114.01,Roxhill/Westwood,2.4,2024,2.5,2191,0.054852321,0.056922335,Medium,Stable,565,,6,13273369.14,17478.05916
4274,53033010701,107.01,Census Tract 107.01,High Point,2.2,2024,2.28,1939,0.031674208,0.030834662,Medium,Stable,214,,5,15726285.72,21302.36518
4275,53033010602,106.02,Census Tract 106.02,Fauntleroy/Seaview,1.2,2024,2.32,1538,0.008695652,0.010512484,Low,Stable,389,,24,15462014.06,23774.94714
4276,53033000900,9,Census Tract 9,Cedar Park/Meadowbrook,8.3,2024,0,0,0,0,,,0,,0,10031158.89,20828.1662
4277,53033000402,4.02,Census Tract 4.02,Broadview/Bitter Lake,9.1,2024,2.04,1370,0.014925373,0.015567087,Low,Stable,589,,28,19362220.52,21397.1753
4278,53033000300,3,Census Tract 3,Haller Lake,9.5,2024,1.49,1127,0.006756757,0.003561888,Low,Stable,83,,7,13033864.6,17298.02954
4279,53033003202,32.02,Census Tract 32.02,Sunset Hill/Loyal Heights,10.3,2024,2.53,1720,0,0.000581734,Low,Stable,387,,35,10289818.46,12945.39486
4280,53033003000,30,Census Tract 30,Whittier Heights,10.2,2024,2.76,1729,-0.007194245,-0.00689259,Medium,Decline,409,,28,16072222.01,16061.94762
4281,53033001701,17.01,Census Tract 17.01,Greenwood/Phinney Ridge,9.3,2024,3.01,1888,0.037931034,0.034520548,Medium,Stable,1401,,39,9609026.085,17164.45478
4282,53033001600,16,Census Tract 16,North Beach/Blue Ridge,10.1,2024,3.24,1940,0.00621118,0.005181347,High,Stable,222,,14,20575392.71,23147.64598
4283,53033002100,21,Census Tract 21,Wedgwood/View Ridge,7.4,2024,3.36,1327,-0.01754386,-0.017764619,Medium,Decline,483,,17,14696796.74,16139.92186
4284,53033003900,39,Census Tract 39,Wedgwood/View Ridge,7.4,2024,1.87,1274,0.010810811,0.007911392,Low,Stable,108,,8,10481334.98,13200.90921
4285,53033007102,71.02,Census Tract 71.02,Queen Anne,12.3,2024,3.13,2044,0.006430868,0.009382716,High,Stable,1530,,29,3615500.898,11499.94075
4286,53033006702,67.02,Census Tract 67.02,Queen Anne,12.3,2024,3.34,2277,-0.026239067,-0.026923077,High,Decline,1288,,35,3280147.995,8593.864905
4287,53033005401,54.01,Census Tract 54.01,Fremont,11.1,2024,3.62,2329,0.016853933,0.01747488,High,Stable,1418,,38,7892270.588,19740.10787
4288,53033008004,80.04,Census Tract 80.04,Belltown,13.1,2024,3.06,2345,0.051546392,0.053932584,High,Stable,1067,,10,2908326.633,14944.97959
4289,53033008003,80.03,Census Tract 80.03,Belltown,13.1,2024,3.41,2228,0.059006211,0.057929725,High,Stable,1361,,13,2122043.711,8720.999421
4290,53033008402,84.02,Census Tract 84.02,Capitol Hill,6.2,2024,3.19,1951,0.022435897,0.022536688,High,Stable,2033,,42,1565507.715,5220.868487
4291,53033007303,73.03,Census Tract 73.03,Cascade/Eastlake,11.3,2024,4.09,3324,0.0302267,0.030058878,High,Stable,3277,,13,3374596.393,7984.863522
4292,53033010002,100.02,Census Tract 100.02,North Beacon Hill/Jefferson Park,3.6,2024,2.89,1802,0.006968641,0.006703911,Medium,Stable,671,,23,10204645.64,13732.76539
4293,53033011902,119.02,Census Tract 119.02,Rainier Beach,4.1,2024,0,0,0,0,,,0,,0,16290813.63,28897.59863
4294,53033011802,118.02,Census Tract 118.02,Rainier Beach,4.1,2024,2.55,1557,0.007905138,0.004516129,Low,Stable,67,,3,12323056.74,17201.54679
4295,53033004703,47.03,Census Tract 47.03,Ballard,10.4,2024,3.21,1791,0.006269592,0.006179775,High,Stable,1331,,58,13030918.14,18718.85939
4296,53033001000,10,Census Tract 10,Cedar Park/Meadowbrook,8.3,2024,2.23,1704,0.066985646,0.069008783,Low,Stable,122,,5,10270271.69,13147.0306
4297,53033000403,4.03,Census Tract 4.03,Broadview/Bitter Lake,9.1,2024,2.16,1616,0.023696682,0.022137887,Low,Stable,454,,12,7881185.923,14097.02669
4298,53033003201,32.01,Census Tract 32.01,Sunset Hill/Loyal Heights,10.3,2024,3.38,2170,0.030487805,0.029900332,High,Stable,1240,,30,11927788.62,32094.50339
4299,53033004600,46,Census Tract 46,Green Lake,9.4,2024,2.27,1419,0.008888889,0.009964413,Low,Stable,65,,7,27829368.76,25514.224
4300,53033004702,47.02,Census Tract 47.02,Ballard,10.4,2024,3.29,1984,-0.009036145,-0.00998004,High,Decline,1748,,46,2867507.734,6956.449675
4301,53033002700,27,Census Tract 27,Green Lake,9.4,2024,2.36,1720,0.012875536,0.010575793,Low,Stable,359,,25,17058079.28,21942.83528
4302,53033001800,18,Census Tract 18,Licton Springs,9.2,2024,2.14,1500,0.009433962,0.008064516,Low,Stable,762,,65,10182882.27,13946.10003
4303,53033005202,52.02,Census Tract 52.02,Wallingford,11.2,2024,3.09,1787,0.026578073,0.026421597,Medium,Stable,1708,,57,2865193.636,7845.303217
4304,53033005303,53.03,Census Tract 53.03,University District,7.2,2024,0,0,0,0,,,0,,0,24349784.49,33904.62137
4305,53033004402,44.02,Census Tract 44.02,University District,7.2,2024,3.08,1540,0.013157895,0.014492754,Medium,Stable,1303,,65,3175021.433,7487.979857
4306,53033004401,44.01,Census Tract 44.01,University District,7.2,2024,3.34,1528,0.012121212,0.010582011,Medium,Stable,559,,32,7479571.761,12948.97514
4307,53033005307,53.07,Census Tract 53.07,University District,7.2,2024,3.26,1354,0.009287926,0.00669145,Medium,Stable,491,,21,1399526.48,4758.85069
4308,53033004101,41.01,Census Tract 41.01,Laurelhurst/Sand Point,7.5,2024,1.83,1200,0.011049724,0.008403361,Low,Stable,71,,3,16716852.66,24230.15794
4309,53033005402,54.02,Census Tract 54.02,Fremont,11.1,2024,3.31,2040,0,0.002457002,High,Stable,943,,44,4993141.865,10063.79785
4310,53033007700,77,Census Tract 77,Central Area/Squire Park,5.3,2024,3.44,1535,0.036144578,0.034366577,Medium,Stable,575,,24,11391208.22,15242.20976
4311,53033007502,75.02,Census Tract 75.02,Capitol Hill,6.2,2024,3.31,1966,0.015337423,0.016546019,High,Stable,2171,,69,3400503.555,7403.629293
4312,53033007600,76,Census Tract 76,Miller Park,6.4,2024,3.13,1822,0,-0.002190581,Medium,Decline,1104,,58,6155389.389,9906.368336
4313,53033010200,102,Census Tract 102,Seward Park,4.3,2024,1.96,1364,0.010309278,0.01037037,Low,Stable,76,,4,30129079.21,33439.4694
4314,53033010401,104.01,Census Tract 104.01,Beacon Hill,3.5,2024,0,0,0,0,,,0,,0,17543421.03,17342.9302
4315,53033010402,104.02,Census Tract 104.02,Beacon Hill,3.5,2024,1.92,1458,0.010526316,0.008298755,Low,Stable,71,,5,18759692.89,18925.04301
4316,53033010501,105.01,Census Tract 105.01,West Seattle Junction/Genesee Hill,1.3,2024,2.95,2062,-0.010067114,-0.009606148,High,Decline,1930,,21,7986746.715,12490.0968
4317,53033010102,101.02,Census Tract 101.02,Columbia City,4.2,2024,0,0,0,0,,,0,,0,17314610.04,22274.17077
4318,53033009802,98.02,Census Tract 98.02,West Seattle Junction/Genesee Hill,1.3,2024,3.22,1890,0.018987342,0.021069692,High,Stable,467,,22,9927510.523,12982.75493
4319,53033009000,90,Census Tract 90,Judkins Park,5.2,2024,2.79,1886,0.003597122,0.004259851,Medium,Stable,1006,,22,9212173.197,14319.10299
4320,53033026400,264,Census Tract 264,South Park,3.1,2024,0,0,0,0,,,0,,0,461382.0486,5763.407674
4321,53033001201,12.01,Census Tract 12.01,Northgate/Maple Leaf,8.1,2025,2.53,1799,0.024291498,0.023321957,Medium,Stable,1629,,24,10851861.64,15899.77334
4322,53033000404,4.04,Census Tract 4.04,Broadview/Bitter Lake,9.1,2025,2.25,1827,-0.030172414,-0.02922423,Low,Decline,509,,7,6791652.724,12962.55841
4323,53033004901,49.01,Census Tract 49.01,Fremont,11.1,2025,2.55,1514,-0.015444015,-0.012393999,Low,Decline,1084,,109,5350888.215,9379.655767
4324,53033003601,36.01,Census Tract 36.01,Green Lake,9.4,2025,3.26,1864,0.021943574,0.024175824,High,Stable,999,,41,7255879.068,11894.28889
4325,53033002800,28,Census Tract 28,Greenwood/Phinney Ridge,9.3,2025,2.29,1425,0.008810573,0.00564573,Low,Stable,376,,35,10637151.82,13201.3113
4326,53033003100,31,Census Tract 31,Sunset Hill/Loyal Heights,10.3,2025,2.17,1496,0.023584906,0.023255814,Low,Stable,112,,15,23137464.05,24704.5678
4327,53033006400,64,Census Tract 64,Miller Park,6.4,2025,2.51,2114,0.016194332,0.01732435,Medium,Stable,103,,5,9726351.904,13186.77018
4328,53033004301,43.01,Census Tract 43.01,Ravenna/Bryant,7.3,2025,3.99,2573,-0.033898305,-0.034159159,High,Decline,606,,10,10539780.57,17192.70375
4329,53033002500,25,Census Tract 25,Ravenna/Bryant,7.3,2025,2.84,2060,0.007092199,0.006350757,Medium,Stable,64,,3,10594634.3,16442.96859
4330,53033002200,22,Census Tract 22,Wedgwood/View Ridge,7.4,2025,2.75,2342,-0.021352313,-0.021720969,High,Decline,164,,6,30127208.02,28505.80679
4331,53033004000,40,Census Tract 40,Laurelhurst/Sand Point,7.5,2025,1.86,1257,0.016393443,0.016990291,Low,Stable,69,,3,26374983.68,27560.01384
4332,53033005804,58.04,Census Tract 58.04,Interbay,12.2,2025,2.88,1923,-0.027027027,-0.025835866,Medium,Decline,1232,,39,25124062.74,48668.27224
4333,53033006800,68,Census Tract 68,Queen Anne,12.3,2025,4.05,2686,0.068601583,0.067143425,High,Rise,857,,26,7729250.272,11275.37735
4334,53033008102,81.02,Census Tract 81.02,Downtown Commercial Core,13.2,2025,4.15,3636,0.077922078,0.078611688,High,Rise,1310,,9,5987812.086,14339.99503
4335,53033008101,81.01,Census Tract 81.01,Downtown Commercial Core,13.2,2025,3.21,2799,-0.012307692,-0.011303426,High,Decline,1054,,6,2992165.479,11427.14676
4336,53033007902,79.02,Census Tract 79.02,Central Area/Squire Park,5.3,2025,3.15,2155,0.016129032,0.016030174,High,Stable,1212,,22,4641637.8,9715.120877
4337,53033007302,73.02,Census Tract 73.02,Cascade/Eastlake,11.3,2025,4.2,3399,0.026894866,0.026888218,High,Stable,3708,,10,3368769.265,7802.426354
4338,53033007101,71.01,Census Tract 71.01,Queen Anne,12.3,2025,3.28,2185,0.003058104,0.003213958,High,Stable,2228,,33,5328474.607,9004.947227
4339,53033009300,93,Census Tract 93,Duwamish/SODO,3.3,2025,3.22,2315,0.022222222,0.02478973,High,Stable,780,,14,102171584.8,53946.37345
4340,53033010502,105.02,Census Tract 105.02,West Seattle Junction/Genesee Hill,1.3,2025,2.92,1975,0.017421603,0.015946502,Medium,Stable,1520,,30,10504351.34,14546.13624
4341,53033010001,100.01,Census Tract 100.01,North Beacon Hill/Jefferson Park,3.6,2025,2.6,1655,-0.040590406,-0.037790698,Low,Decline,692,,21,25052474.61,25628.92453
4342,53033009801,98.01,Census Tract 98.01,West Seattle Junction/Genesee Hill,1.3,2025,3.23,2166,0.018927445,0.020254357,High,Stable,586,,23,10814248.94,13291.54908
4343,53033008900,89,Census Tract 89,Madrona/Leschi,5.1,2025,3.26,2250,0.061889251,0.062322946,High,Stable,859,,20,13690717.17,19328.7464
4344,53033026300,263,Census Tract 263,Rainier Beach,4.1,2025,0,0,0,0,,,0,,0,30724.63332,954.0480244
4345,53033012000,120,Census Tract 120,Arbor Heights,1.1,2025,0,0,0,0,,,0,,0,15560990.44,16787.97428
4346,53033011101,111.01,Census Tract 111.01,Columbia City,4.2,2025,2.89,1864,0.09469697,0.094539049,Medium,Rise,944,Medium,14,12236718.08,15552.07435
4347,53033011001,110.01,Census Tract 110.01,South Beacon Hill/NewHolly,3.4,2025,2.93,2520,0.085185185,0.087613293,High,Rise,182,,2,11629041.07,16287.35531
4348,53033010800,108,Census Tract 108,Riverview,2.3,2025,1.92,1345,0.010526316,0.011278195,Low,Stable,59,,3,44087445.22,39019.3475
4349,53033000800,8,Census Tract 8,Cedar Park/Meadowbrook,8.3,2025,0,0,0,0,,,0,,0,12290810.02,15312.08746
4350,53033003400,34,Census Tract 34,Greenwood/Phinney Ridge,9.3,2025,1.63,1006,0.01242236,0.013091641,Low,Stable,105,,10,8472471.715,12629.32293
4351,53033005306,53.06,Census Tract 53.06,University District,7.2,2025,3.19,1768,0.003144654,0.005688282,Medium,Stable,836,,20,2157906.058,5954.872623
4352,53033004302,43.02,Census Tract 43.02,Ravenna/Bryant,7.3,2025,3.11,1895,-0.048929664,-0.04534005,High,Decline,1379,,63,3564115.67,7987.274419
4353,53033002400,24,Census Tract 24,Wedgwood/View Ridge,7.4,2025,0,0,0,0,,,0,,0,10359919.78,13151.71252
4354,53033004102,41.02,Census Tract 41.02,Laurelhurst/Sand Point,7.5,2025,3.01,2132,0.020338983,0.022541966,High,Stable,487,,7,17933927.27,23350.80029
4355,53033005600,56,Census Tract 56,Magnolia,12.1,2025,0,0,0,0,,,0,,0,32045056.14,29943.50553
4356,53033006703,67.03,Census Tract 67.03,Queen Anne,12.3,2025,2.75,2105,0.018518519,0.018384132,Medium,Stable,608,,35,6427171.884,10846.49304
4357,53033006100,61,Census Tract 61,Montlake/Portage Bay,7.1,2025,3.26,1901,0.03164557,0.034276387,High,Stable,1812,,90,11959193.74,21477.26483
4358,53033005700,57,Census Tract 57,Magnolia,12.1,2025,2.09,1572,0.004807692,0.007046765,Low,Stable,352,,28,53305584.43,44506.56554
4359,53033005901,59.01,Census Tract 59.01,Queen Anne,12.3,2025,2.52,1610,-0.052631579,-0.046773239,Low,Decline,459,,30,8449086.719,19075.29242
4360,53033008401,84.01,Census Tract 84.01,Capitol Hill,6.2,2025,3.34,2133,0.012121212,0.010421601,High,Stable,2326,,26,2700766.609,9275.818268
4361,53033008300,83,Census Tract 83,First Hill,6.1,2025,2.96,2001,-0.010033445,-0.008915305,High,Decline,1196,,14,2561276.498,8632.134894
4362,53033007501,75.01,Census Tract 75.01,Capitol Hill,6.2,2025,3.23,1854,0.031948882,0.027716186,High,Stable,2096,,92,3210519.937,7219.623642
4363,53033009702,97.02,Census Tract 97.02,West Seattle Junction/Genesee Hill,1.3,2025,2.69,1737,0.011278195,0.011648224,Medium,Stable,105,,7,23899907.43,28258.76257
4364,53033008800,88,Census Tract 88,Central Area/Squire Park,5.3,2025,3.02,1909,0.013422819,0.01005291,Medium,Stable,752,,31,10210038.86,13202.52686
4365,53033008500,85,Census Tract 85,First Hill,6.1,2025,3.34,2218,-0.023391813,-0.023337737,High,Decline,2407,,23,4854121.319,9025.581615
4366,53033026500,265,Census Tract 265,Highland Park,2.5,2025,0,0,0,0,,,0,,0,4617675.483,11234.96478
4367,53033011601,116.01,Census Tract 116.01,Fauntleroy/Seaview,1.2,2025,1.57,1094,-0.01875,-0.01530153,Low,Decline,80,,6,16710842.89,20011.96599
4368,53033011300,113,Census Tract 113,Highland Park,2.5,2025,2.21,1783,0.14507772,0.142216528,Low,Significant Rise,334,High,17,37260682.97,27184.16139
4369,53033011500,115,Census Tract 115,Roxhill/Westwood,2.4,2025,2.21,1579,0.03271028,0.035409836,Low,Stable,294,,13,16558652.75,19887.30894
4370,53033010601,106.01,Census Tract 106.01,Fauntleroy/Seaview,1.2,2025,2.67,1636,0.011363636,0.011124845,Medium,Stable,432,,27,11724162.32,14458.83704
4371,53033001202,12.02,Census Tract 12.02,Northgate/Maple Leaf,8.1,2025,2.83,2085,0.032846715,0.034739454,Medium,Stable,1865,,16,8841145.884,13324.99009
4372,53033000102,1.02,Census Tract 1.02,Cedar Park/Meadowbrook,8.3,2025,2.41,1734,-0.020325203,-0.021996616,Low,Decline,1195,,19,15446821.48,19552.36233
4373,53033004701,47.01,Census Tract 47.01,Ballard,10.4,2025,3.13,2172,0.0330033,0.031828979,High,Stable,1724,,55,6036028.326,13539.04763
4374,53033004500,45,Census Tract 45,Wallingford,11.2,2025,2.37,2075,0.039473684,0.042189854,Medium,Stable,53,,3,7222109.888,11018.30209
4375,53033002900,29,Census Tract 29,Greenwood/Phinney Ridge,9.3,2025,2.8,1983,0.003584229,0.002021223,Medium,Stable,321,,26,10614791.11,13366.31967
4376,53033004201,42.01,Census Tract 42.01,Ravenna/Bryant,7.3,2025,1.81,1610,-0.057291667,-0.045077106,Low,Decline,178,,10,13390664.27,18286.14392
4377,53033007403,74.03,Census Tract 74.03,Capitol Hill,6.2,2025,2.92,1736,0.006896552,0.00754498,Medium,Stable,1586,,52,1276089.069,5227.495287
4378,53033007002,70.02,Census Tract 70.02,Queen Anne,12.3,2025,2.97,1924,0.013651877,0.012098895,Medium,Stable,1925,,75,4746869.846,9490.799057
4379,53033005803,58.03,Census Tract 58.03,Interbay,12.2,2025,2.06,1485,-0.004830918,-0.005358339,Low,Decline,382,,32,8956173.425,17129.19881
4380,53033005902,59.02,Census Tract 59.02,Queen Anne,12.3,2025,2.11,1620,-0.014018692,-0.013398295,Low,Decline,109,,11,11010649.89,15184.22057
4381,53033004902,49.02,Census Tract 49.02,Fremont,11.1,2025,3.32,1934,0.021538462,0.020042194,High,Stable,1064,,68,6448262.34,10801.73149
4382,53033005801,58.01,Census Tract 58.01,Interbay,12.2,2025,2.41,2106,0.008368201,0.005730659,Medium,Stable,1305,,45,19618424.24,25500.01395
4383,53033007406,74.06,Census Tract 74.06,Capitol Hill,6.2,2025,3.09,1620,0.01980198,0.020151134,Medium,Stable,1442,,45,1623443.827,6764.477241
4384,53033007405,74.05,Census Tract 74.05,Capitol Hill,6.2,2025,2.92,1603,0,0.001875,Medium,Stable,1505,,52,1418974.042,5012.79869
4385,53033009701,97.01,Census Tract 97.01,Alki/Admiral,1.4,2025,2.23,1863,0,-0.00267666,Low,Decline,400,,36,19291172.12,29764.00034
4386,53033009600,96,Census Tract 96,Alki/Admiral,1.4,2025,2.14,1705,0.014218009,0.015485408,Low,Stable,469,,35,19741501.65,20745.406
4387,53033008700,87,Census Tract 87,Central Area/Squire Park,5.3,2025,2.87,1656,0,0,Medium,Stable,626,,43,7883013.17,11432.38421
4388,53033011402,114.02,Census Tract 114.02,Roxhill/Westwood,2.4,2025,2.51,1505,0.016194332,0.016205267,Low,Stable,617,,28,12779277.86,17351.05501
4389,53033011200,112,Census Tract 112,South Park,3.1,2025,1.49,900,0.013605442,0.011235955,Low,Stable,175,,15,26463890.03,27002.33758
4390,53033010900,109,Census Tract 109,Georgetown,3.2,2025,2.66,1329,0.007575758,0.008345979,Low,Stable,110,,11,51677122.71,44978.75384
4391,53033011002,110.02,Census Tract 110.02,South Beacon Hill/NewHolly,3.4,2025,0,0,0,0,,,0,,0,18508908.46,22511.12676
4392,53033011102,111.02,Census Tract 111.02,Seward Park,4.3,2025,2.26,1490,0.027272727,0.023351648,Low,Stable,450,,22,13970026.69,20411.17006
4393,53033010702,107.02,Census Tract 107.02,High Point,2.2,2025,2.83,1993,0,-0.002502503,Medium,Decline,114,,2,8396926.793,14935.93024
4394,53033001100,11,Census Tract 11,Olympic Hills/Victory Heights,8.2,2025,2.09,1555,0.066326531,0.065798492,Low,Stable,188,,11,11416399.59,14159.12735
4395,53033000700,7,Census Tract 7,Olympic Hills/Victory Heights,8.2,2025,2.31,1624,0.008733624,0.011838006,Low,Stable,1027,,56,13932242.39,16134.02991
4396,53033000202,2.02,Census Tract 2.02,Olympic Hills/Victory Heights,8.2,2025,2.05,1634,-0.055299539,-0.054945055,Low,Decline,182,,5,15930118.49,17285.82737
4397,53033000101,1.01,Census Tract 1.01,Cedar Park/Meadowbrook,8.3,2025,2.15,1532,-0.022727273,-0.021086262,Low,Decline,1424,,35,4465058.881,8662.074215
4398,53033003301,33.01,Census Tract 33.01,Whittier Heights,10.2,2025,2.82,1694,-0.020833333,-0.020809249,Medium,Decline,832,,63,7202858.493,11177.18133
4399,53033003602,36.02,Census Tract 36.02,Green Lake,9.4,2025,3.51,2044,0.038461538,0.037563452,High,Stable,2898,,60,5621886.085,11471.09438
4400,53033001900,19,Census Tract 19,Northgate/Maple Leaf,8.1,2025,3.11,2280,0.02640264,0.026564611,High,Stable,586,,10,17945171.52,18948.48127
4401,53033001702,17.02,Census Tract 17.02,Greenwood/Phinney Ridge,9.3,2025,0,0,0,0,,,0,,0,13779275.76,17476.40751
4402,53033006500,65,Census Tract 65,North Capitol Hill,6.3,2025,2.92,1930,0.013888889,0.014721346,Medium,Stable,1210,,78,12352257.76,17921.50133
4403,53033006200,62,Census Tract 62,Montlake/Portage Bay,7.1,2025,0,0,0,0,,,0,,0,24610619.74,40010.59926
4404,53033005305,53.05,Census Tract 53.05,University District,7.2,2025,3.34,1607,0.012121212,0.010691824,Medium,Stable,1267,,38,2292236.616,6048.609222
4405,53033002600,26,Census Tract 26,Ravenna/Bryant,7.3,2025,3.41,2121,0.065625,0.066901408,High,Stable,755,,8,13398040.18,15933.9379
4406,53033002000,20,Census Tract 20,Northgate/Maple Leaf,8.1,2025,2.32,1735,-0.008547009,-0.011396011,Low,Decline,206,,9,12183878.82,15509.54571
4407,53033006300,63,Census Tract 63,Madison Park,6.5,2025,2.79,2118,0.014545455,0.015827338,High,Stable,578,,20,27750333.4,36285.84892
4408,53033006600,66,Census Tract 66,Cascade/Eastlake,11.3,2025,2.9,1928,-0.016949153,-0.0158244,Medium,Decline,1825,,86,11110296.85,21995.1063
4409,53033006900,69,Census Tract 69,Queen Anne,12.3,2025,2.58,1691,0,0.000591716,Medium,Stable,493,,35,9742176.65,15666.54395
4410,53033006000,60,Census Tract 60,Queen Anne,12.3,2025,2.66,1966,-0.046594982,-0.042377009,Medium,Decline,912,,57,14158764.71,19123.03263
4411,53033005201,52.01,Census Tract 52.01,Wallingford,11.2,2025,3.4,1569,0.002949853,0.003838772,Medium,Stable,719,,26,7536632.481,14175.92406
4412,53033005000,50,Census Tract 50,Wallingford,11.2,2025,3.21,2021,0.006269592,0.00898652,High,Stable,1504,,72,8151942.295,11560.14801
4413,53033008600,86,Census Tract 86,First Hill,6.1,2025,3.27,1775,0.038095238,0.038011696,High,Stable,3107,,61,7656616.626,11640.72061
4414,53033008002,80.02,Census Tract 80.02,Belltown,13.1,2025,3.56,2543,0.053254438,0.054749067,High,Stable,2174,,18,2522029.808,7998.382466
4415,53033007901,79.01,Census Tract 79.01,Central Area/Squire Park,5.3,2025,2.68,1712,0,-0.001749271,Medium,Decline,1053,,50,2876299.502,7879.404339
4416,53033007202,72.02,Census Tract 72.02,Cascade/Eastlake,11.3,2025,3.87,2856,-0.020253165,-0.020576132,High,Decline,2519,,15,3020075.663,7591.701883
4417,53033007301,73.01,Census Tract 73.01,Cascade/Eastlake,11.3,2025,3.57,2508,0.025862069,0.024091466,High,Stable,2365,,17,2699344.108,7422.610693
4418,53033010302,103.02,Census Tract 103.02,Columbia City,4.2,2025,3.04,2129,0.027027027,0.026518804,High,Stable,1498,,26,6804418.751,11267.2532
4419,53033009100,91,Census Tract 91,Pioneer Square/International District,13.3,2025,3.03,1929,0.044827586,0.04723127,Medium,Stable,2636,,19,4419685.266,10608.38541
4420,53033009200,92,Census Tract 92,Pioneer Square/International District,13.3,2025,3.06,1814,0.013245033,0.013407821,Medium,Stable,552,,13,3456088.55,12687.12119
4421,53033011700,117,Census Tract 117,South Beacon Hill/NewHolly,3.4,2025,0,0,0,0,,,0,,0,37826036.26,29439.62674
4422,53033000500,5,Census Tract 5,Broadview/Bitter Lake,9.1,2025,0,0,0,0,,,0,,0,30294741.05,27094.56678
4423,53033000601,6.01,Census Tract 6.01,Haller Lake,9.5,2025,2.24,1585,0.004484305,0.005072923,Low,Stable,626,,18,15404952.58,20078.95648
4424,53033003500,35,Census Tract 35,Greenwood/Phinney Ridge,9.3,2025,2.68,1328,-0.025454545,-0.019202363,Low,Decline,313,,22,13828061.67,16634.34896
4425,53033001500,15,Census Tract 15,North Beach/Blue Ridge,10.1,2025,1.1,1273,0.018518519,0.011923688,Low,Stable,64,,5,12300447.06,13960.37955
4426,53033001400,14,Census Tract 14,North Beach/Blue Ridge,10.1,2025,2.24,1816,0.018181818,0.028895184,Low,Stable,433,,21,23073388.66,30536.33745
4427,53033001300,13,Census Tract 13,Licton Springs,9.2,2025,2.12,1317,-0.004694836,-0.005287009,Low,Decline,973,,76,12710036.99,14881.08705
4428,53033003800,38,Census Tract 38,Ravenna/Bryant,7.3,2025,3.79,1940,-0.007853403,-0.008686765,High,Decline,159,,6,6722791.394,10392.53155
4429,53033007001,70.01,Census Tract 70.01,Queen Anne,12.3,2025,2.69,1597,0,-0.000625782,Medium,Decline,1438,,50,3856290.05,9530.302569
4430,53033004800,48,Census Tract 48,Fremont,11.1,2025,2.88,1720,-0.067961165,-0.064200218,Medium,Decline,388,,30,13833886.82,18822.23657
4431,53033005100,51,Census Tract 51,Wallingford,11.2,2025,2.98,1305,-0.009966777,-0.011363636,Low,Decline,350,,24,9490350.153,13462.59155
4432,53033008200,82,Census Tract 82,First Hill,6.1,2025,3.31,2525,0.027950311,0.028513238,High,Stable,2557,,16,4044773.826,9102.140341
4433,53033010101,101.01,Census Tract 101.01,Columbia City,4.2,2025,3.26,1728,0.00617284,0.007580175,Medium,Stable,345,,11,9381810.131,15311.65671
4434,53033012100,121,Census Tract 121,Arbor Heights,1.1,2025,0,0,0,0,,,0,,0,18538900.93,25983.61624
4435,53033011901,119.01,Census Tract 119.01,Rainier Beach,4.1,2025,0,0,0,0,,,0,,0,18097640.74,20485.64554
4436,53033000602,6.02,Census Tract 6.02,Haller Lake,9.5,2025,2.26,1929,-0.025862069,-0.024772497,Medium,Decline,396,,9,25947507.86,23221.70475
4437,53033000201,2.01,Census Tract 2.01,Olympic Hills/Victory Heights,8.2,2025,2.11,1726,-0.02764977,-0.029246344,Low,Decline,873,,13,19446176.32,18651.57808
4438,53033003302,33.02,Census Tract 33.02,Whittier Heights,10.2,2025,2.37,1550,0,0.000645578,Low,Stable,552,,57,6749336.486,10550.81793
4439,53033005304,53.04,Census Tract 53.04,University District,7.2,2025,0,0,0,0,,,0,,0,786047.0981,4083.126066
4440,53033004202,42.02,Census Tract 42.02,Ravenna/Bryant,7.3,2025,3.1,2146,-0.049079755,-0.047914818,High,Decline,213,,7,13141688.45,15651.66637
4441,53033007404,74.04,Census Tract 74.04,Capitol Hill,6.2,2025,2.85,1664,0.017857143,0.015873016,Medium,Stable,1480,,65,1654579.828,5775.699987
4442,53033006701,67.01,Census Tract 67.01,Queen Anne,12.3,2025,3.49,2595,0.041791045,0.042587384,High,Stable,2479,,24,3639833.178,12143.77924
4443,53033007800,78,Census Tract 78,Madrona/Leschi,5.1,2025,2.35,1820,0.017316017,0.016192071,Low,Stable,91,,6,22245158.16,28746.37352
4444,53033007503,75.03,Census Tract 75.03,Capitol Hill,6.2,2025,3.32,2134,0.01529052,0.017644254,High,Stable,1782,,26,2018614.368,6484.389482
4445,53033007201,72.01,Census Tract 72.01,Cascade/Eastlake,11.3,2025,3.31,2211,0.006079027,0.004543389,High,Stable,2595,,17,1622558.9,5873.216511
4446,53033007203,72.03,Census Tract 72.03,Cascade/Eastlake,11.3,2025,3.85,2741,0.021220159,0.020096762,High,Stable,2696,,19,6238804.943,12493.9648
4447,53033010301,103.01,Census Tract 103.01,Columbia City,4.2,2025,1.89,1652,0.021621622,0.022910217,Low,Stable,52,,4,10792262.46,16924.36851
4448,53033009900,99,Census Tract 99,North Delridge,2.1,2025,2.82,1643,-0.010526316,-0.010240964,Medium,Decline,1249,,29,70254374.71,64633.66158
4449,53033009500,95,Census Tract 95,Mt. Baker/North Rainier,4.4,2025,3.06,1444,0.023411371,0.02266289,Medium,Stable,347,,17,27424305.67,29618.2113
4450,53033009400,94,Census Tract 94,North Beacon Hill/Jefferson Park,3.6,2025,3.14,1798,0.08650519,0.085093543,Medium,Rise,2017,Medium,61,18150625.68,18874.58318
4451,53033011801,118.01,Census Tract 118.01,Rainier Beach,4.1,2025,1.91,1349,0.010582011,0.010486891,Low,Stable,258,,12,12671173.51,15849.81354
4452,53033011602,116.02,Census Tract 116.02,Fauntleroy/Seaview,1.2,2025,2.23,1536,0.013636364,0.010526316,Low,Stable,113,,13,16924173.23,24704.04057
4453,53033011401,114.01,Census Tract 114.01,Roxhill/Westwood,2.4,2025,2.57,2253,0.028,0.028297581,Medium,Stable,565,,6,13273369.14,17478.05916
4454,53033010701,107.01,Census Tract 107.01,High Point,2.2,2025,2.32,1973,0.01754386,0.017534812,Medium,Stable,214,,5,15726285.72,21302.36518
4455,53033010602,106.02,Census Tract 106.02,Fauntleroy/Seaview,1.2,2025,2.31,1528,-0.004310345,-0.006501951,Low,Decline,389,,24,15462014.06,23774.94714
4456,53033000900,9,Census Tract 9,Cedar Park/Meadowbrook,8.3,2025,0,0,0,0,,,0,,0,10031158.89,20828.1662
4457,53033000402,4.02,Census Tract 4.02,Broadview/Bitter Lake,9.1,2025,2.01,1350,-0.014705882,-0.01459854,Low,Decline,589,,28,19362220.52,21397.1753
4458,53033000300,3,Census Tract 3,Haller Lake,9.5,2025,1.5,1136,0.006711409,0.007985803,Low,Stable,83,,7,13033864.6,17298.02954
4459,53033003202,32.02,Census Tract 32.02,Sunset Hill/Loyal Heights,10.3,2025,2.55,1733,0.007905138,0.00755814,Medium,Stable,387,,35,10289818.46,12945.39486
4460,53033003000,30,Census Tract 30,Whittier Heights,10.2,2025,2.83,1772,0.025362319,0.024869867,Medium,Stable,409,,28,16072222.01,16061.94762
4461,53033001701,17.01,Census Tract 17.01,Greenwood/Phinney Ridge,9.3,2025,3.05,1918,0.013289037,0.015889831,Medium,Stable,1401,,39,9609026.085,17164.45478
4462,53033001600,16,Census Tract 16,North Beach/Blue Ridge,10.1,2025,2.77,1655,-0.145061728,-0.146907216,Medium,Decline,416,,15,20575392.71,23147.64598
4463,53033002100,21,Census Tract 21,Wedgwood/View Ridge,7.4,2025,3.38,1333,0.005952381,0.004521477,Medium,Stable,483,,17,14696796.74,16139.92186
4464,53033003900,39,Census Tract 39,Wedgwood/View Ridge,7.4,2025,1.96,1336,0.048128342,0.04866562,Low,Stable,108,,8,10481334.98,13200.90921
4465,53033007102,71.02,Census Tract 71.02,Queen Anne,12.3,2025,3.22,2101,0.028753994,0.027886497,High,Stable,1699,,30,3615500.898,11499.94075
4466,53033006702,67.02,Census Tract 67.02,Queen Anne,12.3,2025,3.5,2387,0.047904192,0.048309179,High,Stable,1288,,35,3280147.995,8593.864905
4467,53033005401,54.01,Census Tract 54.01,Fremont,11.1,2025,3.61,2320,-0.002762431,-0.003864319,High,Decline,1418,,38,7892270.588,19740.10787
4468,53033008004,80.04,Census Tract 80.04,Belltown,13.1,2025,3.13,2394,0.022875817,0.020895522,High,Stable,1067,,10,2908326.633,14944.97959
4469,53033008003,80.03,Census Tract 80.03,Belltown,13.1,2025,3.46,2261,0.014662757,0.01481149,High,Stable,1361,,13,2122043.711,8720.999421
4470,53033008402,84.02,Census Tract 84.02,Capitol Hill,6.2,2025,3.29,2012,0.031347962,0.031266017,High,Stable,2033,,42,1565507.715,5220.868487
4471,53033007303,73.03,Census Tract 73.03,Cascade/Eastlake,11.3,2025,4.09,3328,0,0.001203369,High,Stable,3277,,13,3374596.393,7984.863522
4472,53033010002,100.02,Census Tract 100.02,North Beacon Hill/Jefferson Park,3.6,2025,2.9,1809,0.003460208,0.003884573,Medium,Stable,671,,23,10204645.64,13732.76539
4473,53033011902,119.02,Census Tract 119.02,Rainier Beach,4.1,2025,0,0,0,0,,,0,,0,16290813.63,28897.59863
4474,53033011802,118.02,Census Tract 118.02,Rainier Beach,4.1,2025,2.54,1552,-0.003921569,-0.003211304,Low,Decline,67,,3,12323056.74,17201.54679
4475,53033004703,47.03,Census Tract 47.03,Ballard,10.4,2025,3.28,1830,0.021806854,0.021775544,High,Stable,1331,,58,13030918.14,18718.85939
4476,53033001000,10,Census Tract 10,Cedar Park/Meadowbrook,8.3,2025,2.15,1642,-0.035874439,-0.036384977,Low,Decline,122,,5,10270271.69,13147.0306
4477,53033000403,4.03,Census Tract 4.03,Broadview/Bitter Lake,9.1,2025,2.14,1599,-0.009259259,-0.010519802,Low,Decline,454,,12,7881185.923,14097.02669
4478,53033003201,32.01,Census Tract 32.01,Sunset Hill/Loyal Heights,10.3,2025,3.45,2212,0.020710059,0.019354839,High,Stable,1240,,30,11927788.62,32094.50339
4479,53033004600,46,Census Tract 46,Green Lake,9.4,2025,2.29,1432,0.008810573,0.009161381,Low,Stable,65,,7,27829368.76,25514.224
4480,53033004702,47.02,Census Tract 47.02,Ballard,10.4,2025,3.34,2017,0.015197568,0.016633065,High,Stable,1770,,47,2867507.734,6956.449675
4481,53033002700,27,Census Tract 27,Green Lake,9.4,2025,2.37,1725,0.004237288,0.002906977,Low,Stable,359,,25,17058079.28,21942.83528
4482,53033001800,18,Census Tract 18,Licton Springs,9.2,2025,2.18,1529,0.018691589,0.019333333,Low,Stable,762,,65,10182882.27,13946.10003
4483,53033005202,52.02,Census Tract 52.02,Wallingford,11.2,2025,3.1,1791,0.003236246,0.002238388,Medium,Stable,1708,,57,2865193.636,7845.303217
4484,53033005303,53.03,Census Tract 53.03,University District,7.2,2025,0,0,0,0,,,0,,0,24349784.49,33904.62137
4485,53033004402,44.02,Census Tract 44.02,University District,7.2,2025,3.1,1551,0.006493506,0.007142857,Medium,Stable,1303,,65,3175021.433,7487.979857
4486,53033004401,44.01,Census Tract 44.01,University District,7.2,2025,3.38,1544,0.011976048,0.010471204,Medium,Stable,559,,32,7479571.761,12948.97514
4487,53033005307,53.07,Census Tract 53.07,University District,7.2,2025,3.16,1320,-0.030674847,-0.025110783,Medium,Decline,491,,21,1399526.48,4758.85069
4488,53033004101,41.01,Census Tract 41.01,Laurelhurst/Sand Point,7.5,2025,1.84,1205,0.005464481,0.004166667,Low,Stable,71,,3,16716852.66,24230.15794
4489,53033005402,54.02,Census Tract 54.02,Fremont,11.1,2025,3.32,2045,0.003021148,0.00245098,High,Stable,1068,,45,4993141.865,10063.79785
4490,53033007700,77,Census Tract 77,Central Area/Squire Park,5.3,2025,3.47,1550,0.00872093,0.009771987,Medium,Stable,575,,24,11391208.22,15242.20976
4491,53033007502,75.02,Census Tract 75.02,Capitol Hill,6.2,2025,3.27,1941,-0.012084592,-0.012716175,High,Decline,2171,,69,3400503.555,7403.629293
4492,53033007600,76,Census Tract 76,Miller Park,6.4,2025,3.16,1840,0.009584665,0.009879254,Medium,Stable,1104,,58,6155389.389,9906.368336
4493,53033010200,102,Census Tract 102,Seward Park,4.3,2025,1.97,1375,0.005102041,0.008064516,Low,Stable,76,,4,30129079.21,33439.4694
4494,53033010401,104.01,Census Tract 104.01,Beacon Hill,3.5,2025,0,0,0,0,,,0,,0,17543421.03,17342.9302
4495,53033010402,104.02,Census Tract 104.02,Beacon Hill,3.5,2025,1.93,1470,0.005208333,0.008230453,Low,Stable,71,,5,18759692.89,18925.04301
4496,53033010501,105.01,Census Tract 105.01,West Seattle Junction/Genesee Hill,1.3,2025,3.08,2153,0.044067797,0.044131911,High,Stable,1930,,21,7986746.715,12490.0968
4497,53033010102,101.02,Census Tract 101.02,Columbia City,4.2,2025,0,0,0,0,,,0,,0,17314610.04,22274.17077
4498,53033009802,98.02,Census Tract 98.02,West Seattle Junction/Genesee Hill,1.3,2025,3.25,1929,0.00931677,0.020634921,High,Stable,467,,22,9927510.523,12982.75493
4499,53033009000,90,Census Tract 90,Judkins Park,5.2,2025,2.9,1957,0.039426523,0.037645811,Medium,Stable,1006,,22,9212173.197,14319.10299
4500,53033026400,264,Census Tract 264,South Park,3.1,2025,0,0,0,0,,,0,,0,461382.0486,5763.407674
